hash	path
005a3498283fdf32	data/tani/boss_tani_dingchunqiu_skill01_shifa01.tani
008493fe20500c65	data/tani/ui_tani_zhutiyue_dayanmizang_baoxiang01.tani
00924007be99a9d6	data/tani/xx_tani_duchangong_shifa01.tani
00a211afb3190491	data/tani/em_tani_yueluoxishan_hit01.tani
00ed3b550cbe9c5b	data/tani/zhuzhan_tani_npc_tianshantonglao_hit01.tani
01122c12ed609bd1	data/tani/pets_tani_wuyingxie_b1_hit01.tani
0168262e8fe1ae51	data/tani/pets_tani_erlangzhenjun_b8_hit02.tani
0171b75ca899a014	data/tani/pets_tani_xuanhaima_b3_hit02.tani
0183c0ecbfa639de	data/tani/mr_tani_nv_liufoyi_danduan01.tani
01996bd44ba50042	data/tani/pvp_tani_qinglong_hit01.tani
0207079402a9b294	data/tani/boss_tani_mengmianeseng_shifa03.tani
021aa3670fcdc434	data/tani/pets_tani_xiaomuling_b5_idle03.tani
026cb3c21cfc4fa8	data/tani/anqi_tani_nan1_yuexiaxun_mw_idle02_01.tani
026f2a17e03b958a	data/tani/boss_tani_lspt_hxw_zdgj_yj01.tani
0294b8e1376f1c91	data/tani/boss_tani_mozunchonglou01_skill09.tani
02c79b31959b2fd0	data/tani/boss_tani_wuyong_shifa01.tani
02cdb77912006397	data/tani/boss_tani_npc_xz_qxjs_hit01.tani
02fbc847d2a00a25	data/tani/gc_tani_ymg01_jt_qiang01.tani
032b90e0336b7a0e	data/tani/pets_tani_tangguotianxin_b1_hit02.tani
03307c3603f4327a	data/tani/dg_tani_j_4x4j_shifa04.tani
0333f76467ad5ab6	data/tani/boss_tani_xinmobixian_hit01.tani
0335abe056fc9398	data/tani/gb_tani_panlongji_nv_huan01.tani
03583bd803870dfb	data/tani/pets_tani_jinyubaobao_b7_idle02.tani
03721262884f623b	data/tani/pets_tani_xiaomuling_b0_idle03.tani
03d13cd68b7b44cf	data/tani/pets_tani_shiduzhou_hit01.tani
03d6fcb7954a4924	data/tani/pets_tani_maomi_b5_hit02.tani
044dd47a4096f9e2	data/tani/pt_tani_yaohaigongji_hit01.tani
046749475f6222d8	data/tani/em_tani_foguangpuzhao1.tani
04abfb631586c8e0	data/tani/boss_tani_ls_gr_dc_shifa01.tani
04afaad3d56ae54e	data/tani/pets_tani_jinyubaobao_b2_idle02.tani
04c8aca22660bca9	data/tani/pets_tani_longkui_b6_hit02.tani
04ef5dcd5c0b0b30	data/tani/boss_tani_npc_xuzhu_shty_hit01.tani
05143650550e651a	data/tani/xx_tani_youmingshenzhang_xuli01.tani
051e6547638bed5b	data/tani/pets_tani_tuxiaoyao_b5_hit02.tani
05261d9f7a03b12e	data/tani/boss_tani_shouwangnuhou_hit01.tani
057773851731e3cc	data/tani/ts_tani_hanmeinufang01.tani
057c7b9bc8a9dc95	data/tani/pets_tani_xuanhaima_b5_hit01.tani
05c5e60b49eea1a1	data/tani/xy_tani_bolanbujing_nv.tani
05e0973b0e2a12a6	data/tani/boss_tani_smm_lb_shifa02.tani
060d52305b263485	data/tani/pets_tani_zhongxin_hit01.tani
062b3aa4e0d113f0	data/tani/pets_tani_xianglong_b6_hit02.tani
064e693c5d40a967	data/tani/boss_tani_ls_yd_xfz_shifa01.tani
06678ec78178d491	data/tani/w1351_skill_boss_yuelaosan_skill02_v1.tani
0706c9726654cde4	data/tani/tl_tani_yuqinguzong.tani
070f0fc7ff1bb641	data/tani/wd_tani_sanhuantaoyue_hit01.tani
0736551f33443b30	data/tani/pets_tani_tangguotianxin_b3_hit01.tani
073831c4e67010e5	data/tani/pets_tani_dujiaozhanju_b8_idle02.tani
074595d067f97e88	data/tani/sl_tani_fuhuquan_nan_shan01.tani
077a31ae6636ecdc	data/tani/boss_tani_npc_new_muwanqing_bxjq_hit01.tani
07887ac2f6df302b	data/tani/pets_tani_minghuozhou01.tani
07a534a53d3d1e7b	data/tani/boss_tani_hadaba_shifa05.tani
07c5389434cf30c8	data/tani/boss_tani_shaxing_gss_fsf_shifa01.tani
07d51943555d8d2e	data/tani/boss_tani_liqiushui_shifa01.tani
07e1c0f6525d4eb9	data/tani/pets_tani_maomi_b7_hit01.tani
07eb369180dd9b8b	data/tani/boss_tani_mozunchonglou01_skill02_shandian.tani
082c53c16bea4630	data/tani/boss_tani_liezhumozhu_yishang.tani
0839eb3f065d0589	data/tani/boss_tani_tjqs_zhiliao_shifa01.tani
085bae75a650c27c	data/tani/wd_tani_liuxingganyue_shifa01.tani
088ebe20a9d59c5e	data/tani/yujing_yuan_hong_15.tani
088fa0bf03736314	data/tani/pets_tani_dujiaozhanju_b3_idle02.tani
089e798ee9ce7efe	data/tani/boss_tani_sss_jmz_skill01_shifa01.tani
08bbbc11c2f5162a	data/tani/boss_tani_smm_xlz_shifa02.tani
08d370e13bc2186e	data/tani/pets_tani_longkui_b8_hit01.tani
08f63e0d145d3671	data/tani/gc_tani_ymg01_xys_tz_hit01.tani
0904cb2d0f700f71	data/tani/boss_tani_sss_bc2_skill01_xuli01.tani
091d6b87c4e4b590	data/tani/mr_tani_xuyunyuyu01.tani
092929865fc66d44	data/tani/pets_tani_tuxiaoyao_b7_hit01.tani
0942ebce406f980b	data/tani/tl_tani_zhongchongjian01.tani
094acc737b2a3870	data/tani/boss_tani_xs_wyan_sbqz_skill06.tani
096d8094a8c97fa4	data/tani/boss_tani_yaohuang_hit01.tani
09ba037f9d349d57	data/tani/boss_tani_dianwei_hit01.tani
09de7db3f1f88769	data/tani/w1351_skill_anqi_leitingmengji_hit01.tani
0a07f70ea4882489	data/tani/zhanshi_tani_zq_moyuanyeixiao_01.tani
0a0d04e49e6bef70	data/tani/pets_tani_yuansukonglong_b8_idle02.tani
0a22fa92e1c826c9	data/tani/pets_tani_wuyingxie_b0_hit02.tani
0a35fee3ec18cc75	data/tani/pets_tani_xianglong_b8_hit01.tani
0a3e56bac234e0fe	data/tani/zhanshi_tani_sz_erlangzhenjun_nan_01.tani
0a3fe9e6252c9b65	data/tani/zhanshi_tani_hs_jueshijianying_nan.tani
0a4e18691708962e	data/tani/boss_tani_npc_zhongling_qxpsz_shifa01.tani
0a68342b42fedb6f	data/tani/pets_tani_bingpoxuejingling_b7_idle03.tani
0a8b07cf16ef54e4	data/tani/boss_tani_xsh_hjyw_skill08_r01.tani
0a9c8c3f9681e341	data/tani/pet_tani_xiaohualing_b8_idle03.tani
0aa2b515c95cb5da	data/tani/pets_tani_bingpoxuejingling_b7_hit02.tani
0ac38946431dd71f	data/tani/wd_tani_yunvchuansuo_hit01.tani
0ac483ab7a962030	data/tani/pets_tani_huanyingzhiling_b8_hit02.tani
0ad075b968809e6e	data/tani/boss_tani_ls_gr_lc03.tani
0afe3ca3596041b7	data/tani/boss_tani_sss_xiaoyuanshan_skill04.tani
0b13649e86603b96	data/tani/boss_tani_sss_mrf_skill02_shouji01.tani
0b2841e9c5d3e47e	data/tani/boss_tani_zhouyu_hit02.tani
0b599326bc621d7f	data/tani/fuben_tani_yujing_6m_01.tani
0b6473df2fef3df6	data/tani/pets_tani_yuansukonglong_b3_idle02.tani
0b802c0c051feb97	data/tani/pets_tani_maomi_b8_idle03.tani
0b98d580f8de57e3	data/tani/boss_tani_sss_zhuangjuxian_skill03_bingfengqianli01.tani
0ba48bdde62a71a5	data/tani/boss_tani_liqiushui_daoguang02.tani
0bcc333c0524b304	data/tani/mj_tani_xuezhanbafang_nan_dg_qb_shifa01.tani
0bd7161c4d394d07	data/tani/boss_tani_taishici_hit01.tani
0bf3fb3a3cb94b97	data/tani/pet_tani_xiaohualing_b3_idle03.tani
0c2f8b35e4c47b80	data/tani/pets_tani_ryjsb8_idle02.tani
0c3176053c92f565	data/tani/boss_tani_dusichanrao_shifa01.tani
0c339dd7a8a8a340	data/tani/boss_tani_ls_gr_tl_xuli01.tani
0c8b82bc2a3bd677	data/tani/boss_tani_pmf_liqioushui_skill07.tani
0cc49863f4c96003	data/tani/gb_tani_tianxiawugou_nan01.tani
0cd79b079554bacb	data/tani/pets_tani_maomi_b3_idle03.tani
0ce08e3bcd18612b	data/tani/boss_tani_wulaoda_putong_hit01.tani
0d3255d13dc04681	data/tani/boss_tani_liqinglu_skill04_shifa01.tani
0d4e328b848c7bfd	data/tani/boss_tani_ls_yd_jqfb_yj01.tani
0d5f135ef0ff0231	data/tani/dg_tani_zuodiqiuquan_6x2j_shifa01.tani
0d5f265f3f81d2a3	data/tani/ts_tani_meihuasannong_nan_qb01.tani
0d7597bbcab7d547	data/tani/gc_tani_ymg_sceneeditor_nan_slbw01.tani
0d86fa30594ffffa	data/tani/pets_tani_ryjsb3_idle02.tani
0d8c47a6ff704eaf	data/tani/fuben_tani_xianjian_mofata_zibao01.tani
0dab9541226a6eca	data/tani/boss_tani_npc_azhu_skill04_zhaohuan01.tani
0e02c46e65d0e85c	data/tani/anqi_tani_roushetuji_shifa01.tani
0e047cb6e975e173	data/tani/pets_tani_mofamifeng_b7_idle02.tani
0e2dbed1d0f8e70a	data/tani/pets_tani_wuyingxie_b2_hit01.tani
0e50977b1115188b	data/tani/boss_tani_npc_wangyuyan_hts_shifa01.tani
0e52a3fa5557dc77	data/tani/dg_tani_j_6x3j_shifa01.tani
0e6ca1e6c08432b3	data/tani/boss_tani_npc_songjiang_sxnz01.tani
0e85f1efcc02e242	data/tani/dg_tani_y_2x1j_3_shifa01.tani
0e89dc253ff8aa2e	data/tani/pets_tani_tangguotianxin_b6_idle03.tani
0e8d4a1b6e37763c	data/tani/pets_tani_xuanhaima_b4_hit02.tani
0e94e25e77e88e78	data/tani/boss_tani_jiuqin_shifa01.tani
0ed4ed415f4aa168	data/tani/zhenshoufuti_tani_xianjian03_huanhai01.tani
0ee7ae8c33a59cc9	data/tani/pvp_tani_jianta_shifa01.tani
0f3d91d18324638f	data/tani/monster_tani_qinyun_idle04_yj.tani
0f459a2206a48861	data/tani/mr_tani_nan_liufoyi_shan01.tani
0f4d66fb15faa8d9	data/tani/mj_tani_diyuhuo_shifa01.tani
0f5bebb1cccf116c	data/tani/pets_tani_mofamifeng_b2_idle02.tani
0fb3bb9e8eb23711	data/tani/boss_tani_xinmurongfu_skill03.tani
0fce2c4cf56efa90	data/tani/boss_tani_tjqs_huangyan_shifa01.tani
0fd4711e4acbc6ca	data/tani/ts_tani_xuehualiuchu_nan_qb01.tani
0fe14b20099ccf26	data/tani/pets_tani_tangguotianxin_b1_idle03.tani
1011b32d8e9d1f95	data/tani/boss_tani_duanyanqing_ltwj01.tani
10177ec06b24dbab	data/tani/pets_tani_jibingzhou_hit01.tani
10343ad18cfc7470	data/tani/pets_tani_xiaohualing_b0_hit01.tani
103bac521ea6c0f9	data/tani/boss_tani_pmf_hadaba_yujing03.tani
1047239f5abba633	data/tani/pets_tani_tangguotianxin_b2_hit02.tani
104c4efa7b5fbae3	data/tani/gb_tani_peiranyouyu01.tani
1087ba5c3e83ea3b	data/tani/wd_tani_tiaolianshi_xuli01.tani
10894dbf1a2a6d8b	data/tani/boss_tani_npc_wangyuyan_dcby_zidan01.tani
1091c2d279325d36	data/tani/boss_tani_machao_hit02.tani
1099173de38d5069	data/tani/gc_tani_ymg01_hyrlld_hit01.tani
10b57506c5028f19	data/tani/tong_tani_jinzhanguaji_nan_shan01.tani
10cf08cd55e786c6	data/tani/boss_tani_dubao_shifa01.tani
10e2a5f34ce7bd86	data/tani/boss_tani_hongxiongwang_dcgj_shifa_02.tani
10f28f76151f85b2	data/tani/pets_tani_maomi_b6_hit02.tani
1106fb5ff4f49b77	data/tani/boss_tani_huogui_skill05.tani
1169cb5b8171663f	data/tani/boss_tani_youjinshouwei_shifa02.tani
116f16a6d7b7cf09	data/tani/sl_tani_dljgz_nan_cq01.tani
11ae8f1f44a418c4	data/tani/monster_tani_taoqing_skill02.tani
11b057f484c74d37	data/tani/zhanshi_tani_sz_mengduqingyuan_nv.tani
11d2bb46ff347dbf	data/tani/gb_tani_ruyingsuixing.tani
11e43f61ae5de16e	data/tani/pets_tani_longkui_b7_hit02.tani
11e880f57c8f7b8f	data/tani/tl_tani_shaozejian_hit01.tani
1225dd8c49232bb7	data/tani/boss_tani_yaoxing_idle01.tani
1228558fb676aeab	data/tani/boss_tani_ls_hxw_lzkj_shifa01.tani
1239f8069f3af0ca	data/tani/pets_tani_tuxiaoyao_b6_hit02.tani
129068dd9c07aab9	data/tani/xx_tani_yirisangmingsan_hit02.tani
12980e5ae8ebe041	data/tani/pets_tani_xuanhaima_b6_hit01.tani
12d2a74c3536f8b0	data/tani/boss_tani_eling_skill04.tani
12dce77db88b8a75	data/tani/boss_tani_wjg_yzh_db_shifa01.tani
130ef8206f7ac675	data/tani/pets_tani_shuaiban01.tani
1346cd630b4fbd9e	data/tani/pets_tani_xianglong_b7_hit02.tani
134ed9e2e4f9036e	data/tani/pets_tani_jianyinghu_b4_idle02.tani
135d179e6fd546c1	data/tani/ts_tani_xuehualiuchu_nv_shan01.tani
1374b44d6d21a096	data/tani/boss_tani_rumenghuanxiang_hit01.tani
13adc5cd8c9665dd	data/tani/pets_tani_xiaohualing_b6_skill01.tani
13c3efafe9f5020d	data/tani/pets_tani_lianyishou_b4_idle02.tani
13cdad6c6318e6d6	data/tani/boss_tani_ygqh_pugong_shifa01.tani
13e3f7fbd892eeaa	data/tani/mr_tani_jiansuojiangshan.tani
13f73515fe42a5fa	data/tani/boss_tani_heiyiren015_skill01.tani
1408113d14bce1c8	data/tani/boss_tani_tjqs_zhugong_shifa01.tani
1430d0d347d0a5b1	data/tani/anqi_tani_ysym_nv_kong01.tani
1451e7dea9d03b0a	data/tani/pets_tani_tangguotianxin_b4_hit01.tani
14eafa9284b84b6a	data/tani/gc_tani_ymg01_xys_skill01.tani
14f09d5736598d95	data/tani/dg_tani_t_6x1j1_shifa01.tani
14fd53b55bc42e44	data/tani/pets_tani_maomi_b8_hit01.tani
150fa8087953e625	data/tani/boss_tani_qinhuangzhipo_shifa02.tani
152408d34ed138c8	data/tani/gb_tani_chongzhenzhanjiang_nan_huan01.tani
154a43e7d244e3dd	data/tani/pet_tani_xiaomuling_b1_skill01.tani
154e92f60548e2e9	data/tani/pets_tani_mingmu_hit01.tani
15664c3b5c9ac1c4	data/tani/pets_tani_tuxiaoyao_b6_idle02.tani
15767bc93f429996	data/tani/zhanshi_tani_yunzhouyin_nv_1wm_idle02.tani
157ee4f249ceddc9	data/tani/ts_tani_yihuajiemu01.tani
15ab3c169edd02e4	data/tani/pets_tani_ryjsb1_skill01.tani
15dd6ade32b2d65c	data/tani/boss_tani_zs_lg_guixi_shifa01.tani
15dee9223fa3e34f	data/tani/pets_tani_xueduzhou_hit01.tani
15e4d050b1b29fca	data/tani/boss_tani_shaxing_gss_fsf_hit01.tani
1613d08918dad797	data/tani/dg_tani_y_6x3j_shifa01.tani
1644bc45003188ec	data/tani/pets_tani_tuxiaoyao_b8_hit01.tani
164892dfe9b2d0b7	data/tani/anqi_tani_anqihuti_shifa01.tani
164b405e38617949	data/tani/pets_tani_xiqi01.tani
16bdbb36ade202c1	data/tani/pets_tani_tuxiaoyao_b1_idle02.tani
16f16e1016d9103b	data/tani/boss_tani_zhutiyue_yazuishou_shengdan_hit01.tani
16f360effe014d36	data/tani/boss_tani_sss_mrf_zaiti01.tani
173e8d51ff62f787	data/tani/pets_tani_wuyingxie_b1_hit02.tani
175a5acfa0c4613b	data/tani/yujing_yuan_hong_2.5.tani
176373d95640c187	data/tani/zhanshi_tani_yunzhouyin_nan_1m_idle02.tani
17a4010909b91041	data/tani/dg_tani_y_5x4j_shifa01.tani
17a800aacff5ba9f	data/tani/boss_tani_ls_gr_tl_shifa01.tani
17be47d46156660c	data/tani/pets_tani_bingpoxuejingling_b8_hit02.tani
17d2136ed178ce09	data/tani/pt_tani_neigonghuti_shifa01.tani
17df80afc2bbaa0d	data/tani/boss_tani_ls_gr_sf_shifa01.tani
1850783a9f251283	data/tani/tl_tani_zhongchongjian_hit01.tani
18527285f4bcaa83	data/tani/boss_tani_npc_lieyanlianyu_xuli01.tani
18a8a61947526afb	data/tani/gb_tani_xuenihongzhua_hit01.tani
18b64075bb9b9ab7	data/tani/sl_tani_rulaishenzhang_shifa01.tani
18bdcc66e5ddbe41	data/tani/zhanshi_tani_yunzhouyin_nv_1w_idle02.tani
18c192e79943bcf7	data/tani/mr_tani_moshangxing01.tani
18eae03dca603555	data/tani/pt_tani_pozhangongji01.tani
18f3fc708ae1d4d4	data/tani/boss_tani_wuyong_shifa02.tani
19067612949ddbe5	data/tani/boss_tani_zhutiyue_yazuishou_shengdan_skill01.tani
195cdd75098a70d8	data/tani/dg_tani_j_4x4j_shifa05.tani
19849d1706562126	data/tani/pets_tani_jinyubaobao_b7_idle03.tani
1a04752d5544d01f	data/tani/boss_tani_huangzhong_skill03.tani
1a5fa92f5be00eee	data/tani/boss_tani_npc_duanyu_skill05_shifa01.tani
1a642863e7435f71	data/tani/pets_tani_xuanhaima_b1_idle02.tani
1a75827d628a3244	data/tani/boss_tani_jiaolongluanwu_hit01.tani
1a776cd1c14dca46	data/tani/boss_tani_yaohuang_skill06.tani
1a85b4ac4c9bbcea	data/tani/boss_tani_ls_hxw_swnh_yj01.tani
1a93aa8688b65268	data/tani/em_tani_foguangpuzhao2.tani
1aa5327a9249a9f5	data/tani/mr_tani_xinghuoshan01.tani
1acdcd85238846a2	data/tani/boss_tani_wangyan_hit01.tani
1adc0c12c8bcadab	data/tani/pets_tani_jinyubaobao_b2_idle03.tani
1b04466444da80c7	data/tani/boss_tani_sss_mrf_skill01_shifa01.tani
1b29cdb92d6df891	data/tani/xx_tani_lanshashou_hit01.tani
1b2f2573ed883d63	data/tani/boss_tani_sss_jiumozhi_skill04_lieyandao02.tani
1b495190d7754b5a	data/tani/pets_tani_wuyingxie_b3_hit01.tani
1b6d2f81ce7a62cc	data/tani/xy_tani_luoyingjian_hit01.tani
1ba8dcda761f3c3b	data/tani/pets_tani_xuanhaima_b5_hit02.tani
1bbba12b83712112	data/tani/boss_tani_luzhishen_gyzl_shifa01.tani
1bf78b206a557d3a	data/tani/boss_tani_banshandaoren_gbdbz01.tani
1c7aca7b51a7090f	data/tani/boss_tani_ls_yd_xfz_shifa02.tani
1c7c348718288837	data/tani/xy_tani_dafengge01.tani
1c93f00693a492a7	data/tani/w1351_skill_boss_yuelaosan_skill02_v2.tani
1ce8de344a42cdfb	data/tani/boss_tani_xsh_hjyw_skill02_hand01.tani
1d431b78338081e7	data/tani/boss_tani_wangyan_xuli01.tani
1d4fcd90e93f02f5	data/tani/pets_tani_xiaohualing_b1_hit01.tani
1d50779d58ee40ff	data/tani/xy_tani_taohuazhen_hit01.tani
1d5925c536b1045c	data/tani/boss_tani_sss_zjx_skill02_shouji01.tani
1d62b65e7bbae607	data/tani/pets_tani_tangguotianxin_b3_hit02.tani
1d649303678bebdf	data/tani/pets_tani_dujiaozhanju_b8_idle03.tani
1dc5eb1877f73049	data/tani/wd_tani_zhenwuqijiezhen_hit01.tani
1dd195e4e90bb50a	data/tani/boss_tani_hadaba_shifa06.tani
1dd3d0fd8f4e638d	data/tani/monster_tani_minmo_skill04_yujing.tani
1df199d3ec14d317	data/tani/boss_tani_shaxing_gss_fsf_shifa02.tani
1df8a5e5c8784b41	data/tani/pets_tani_liehuoliaoyuan_hit01.tani
1e017a828b325f12	data/tani/boss_tani_liqiushui_shifa02.tani
1e0e2235374ea8b4	data/tani/pets_tani_maomi_b7_hit02.tani
1e2d0ba071b82cfe	data/tani/boss_tani_lsh_yd_djq_skill08.tani
1e853fc5ef8d256e	data/tani/mr_tani_nan_liufoyi_daofu01.tani
1e8f96042f9fe3d0	data/tani/boss_tani_yujin_hong_6x15.tani
1e9efc503a8c7935	data/tani/xy_tani_gaoshanliushui01.tani
1ebc01fe11bce0b7	data/tani/pets_tani_dujiaozhanju_b3_idle03.tani
1ebddf999c84c075	data/tani/boss_tani_mozunchonglou01_skill02_jian.tani
1ec9352e86c4441d	data/tani/xx_tani_tanxiaoziruo_shifa01.tani
1ecadacde3a93317	data/tani/boss_tani_sss_jmz_skill01_shifa02.tani
1ef001b6629b9177	data/tani/boss_tani_npc_xinmurongfu_lzfsd_shifa01.tani
1efceed54b144348	data/tani/pets_tani_ningshen01.tani
1effd220dc2a3d19	data/tani/pets_tani_longkui_b8_hit02.tani
1f1bff7750b5ea21	data/tani/dg_tani_j_4x2j_shifa01.tani
1f558ac5a53d3a32	data/tani/pets_tani_tuxiaoyao_b7_hit02.tani
1f6534b0dc271a8f	data/tani/mj_tani_douzhuanxingyi_nan_dg_sd01.tani
1f6625271868745e	data/tani/pets_tani_xiaomuling_b4_idle02.tani
1f99e1d3b9023714	data/tani/boss_tani_yaohuang_hit02.tani
1fa202e93a8a6448	data/tani/cizhui_tani_sanzi_xuli01.tani
1fae2c8e5639f33a	data/tani/zhanshi_tani_hs_shoupengyouxiang_01.tani
1fb3a11947dedb88	data/tani/pets_tani_xuanhaima_b7_hit01.tani
1fe664be30e4a324	data/tani/boss_tani_dianwei_hit02.tani
1feba813d517d70d	data/tani/pets_tani_erlangzhenjun_b8_idle02.tani
1ffaff240769eff0	data/tani/cizhui_tani_huoshan_yujing01.tani
1ffe16f98469d16b	data/tani/wd_tani_lanquewei_shifa01.tani
203966239c6a202c	data/tani/pets_tani_yuansukonglong_b8_idle03.tani
20626022fc35ebf0	data/tani/pets_tani_xianglong_b8_hit02.tani
206513ba898fe219	data/tani/gb_tani_panlongji_nv_dd01.tani
208d08aaf9d719c8	data/tani/boss_tani_xs_wy_kf_shifa01.tani
209d54cc663e207c	data/tani/monster_tani_heimoguai01_hit01.tani
20ac2ff7001b139f	data/tani/dg_tani_j_3x3j_shifa01.tani
20ee8d6bfe4cbd41	data/tani/gc_tani_ymg_sceneeditor_nv_slqs01.tani
212a9de2940488c4	data/tani/boss_tani_sss_xiaoyuanshan_skill05.tani
2143170e5eedfef5	data/tani/pets_tani_erlangzhenjun_b3_idle02.tani
216d7a9d71d366dc	data/tani/pets_tani_tangguotianxin_b5_hit01.tani
217a6f60384b16af	data/tani/jt_tani_gc_qf_jt01.tani
217d9e9f9b71731f	data/tani/mj_tani_douzhuanxingyi_nan_dg_shan01.tani
2182584211c180db	data/tani/boss_tani_npc_dy_syj_skill03.tani
218fa401ff5b5957	data/tani/boss_tani_songjiang_idle01.tani
2190d51ebda2c11e	data/tani/pets_tani_yuansukonglong_b3_idle03.tani
21a830322331c4d8	data/tani/em_tani_xizipengxin1.tani
21d0ed1ccd215a23	data/tani/boss_tani_liqiushui_daoguang03.tani
2203775b61d8c9da	data/tani/boss_tani_taishici_hit02.tani
2212e43edfd24919	data/tani/boss_tani_wangyan_yujing01.tani
22322f974a815579	data/tani/sl_tani_fuhuquan_nan_daofu01.tani
2233945399e23bb0	data/tani/pets_tani_mofamifeng_b0_hit01.tani
225bec74e8b2df07	data/tani/pets_tani_ryjsb8_idle03.tani
225fff16a1867a8a	data/tani/boss_tani_ls_gr_tl_xuli02.tani
22a7b7de4da60596	data/tani/boss_tani_shaxing_lc_shifa01.tani
22b7e3fb2d382aad	data/tani/boss_tani_pmf_liqioushui_skill08.tani
22c00af1100a44fc	data/tani/boss_tani_hongxiongwang_dc_shifa_01.tani
22f19cba41d328d4	data/tani/ts_tani_rongxueshi01.tani
2303f7863023bfd2	data/tani/sijuezhuang_tani_chongjibo_huang.tani
232a3dca57390037	data/tani/boss_tani_xinmurongfu_zaiti_shifa01.tani
233be9b497e66abb	data/tani/boss_tani_yls_wzlt_shifa01.tani
237a93ca86e79b1d	data/tani/boss_tani_ls_yd_jqfb_yj02.tani
238cbad06b91c45a	data/tani/yanhua_tani_huawypianyue_shifa01.tani
239baf3c05a90f61	data/tani/mj_tani_kuihuadianxueshou_hit01.tani
23b35b6f4f5ea4de	data/tani/pets_tani_ryjsb3_idle03.tani
23c0e9ec580d0f34	data/tani/xy_tani_huadiweilao_nv.tani
23cb0a034bd0af64	data/tani/sl_tani_nianhuazhi_shifa01.tani
2414b704098cf2cd	data/tani/mr_tani_yaoyangshisen01.tani
2430ddf59557f7d8	data/tani/pets_tani_mofamifeng_b7_idle03.tani
24314b04e5b6b3a0	data/tani/xy_tani_huadiweilao_hit01.tani
2431b3800ef0dd0c	data/tani/gb_tani_chongzhenzhanjiang_nv_shan01.tani
2447426b128b22db	data/tani/wd_tani_taiyuanshisanjian_hit01.tani
245a2010dd5dcdb6	data/tani/pets_tani_wuyingxie_b2_hit02.tani
24ab1b3db75e6bcf	data/tani/boss_tani_sss_zhuangjuxian_skill04_liehuozhang01.tani
24ab85694266beac	data/tani/tl_tani_nan_cj_jt01.tani
24c6c83e621bbf15	data/tani/boss_tani_duanyanqing_hit01_shifa01.tani
25397267b2ec42d3	data/tani/gc_tani_wjg_yeerniang02_trail01.tani
256aaf6be63c954d	data/tani/pets_tani_jingtian_b6_idle03.tani
25884cf0c2aea933	data/tani/pets_tani_mofamifeng_b2_idle03.tani
25e01cdd17279f47	data/tani/boss_tani_xinmurongfu_skill04.tani
262f29852189ad95	data/tani/em_tani_miejianshi2.tani
262fb7703a91cd3b	data/tani/anqi_tani_tianhuoliaoyuan_shifa01.tani
264f17de24bc8e4e	data/tani/xy_tani_bolanbujing_nan.tani
265feaff35d27a74	data/tani/pt_tani_neigonghuti.tani
26609c108aa7cdd6	data/tani/pets_tani_xiaohualing_b0_hit02.tani
266cec9a3f9083c6	data/tani/w1351_tani_huoyanyaomo_lieyanlianyu_skill01.tani
266e608d41e380e5	data/tani/tong_tani_jinzhanguaji_nv_huan01.tani
26850c027418ade3	data/tani/wd_tani_xianfengdaogu_shifa01.tani
26bde8271072d019	data/tani/boss_tani_sss_bingcan5_skill01_xuli01.tani
26c0ad089351d8e3	data/tani/anqi_tani_grdz_xinhuanufang_nan01.tani
26c21e66606e0c37	data/tani/pets_tani_jingtian_b1_idle03.tani
26c5787ce59166e2	data/tani/gc_tani_ymg01_hyrlld_hit02.tani
270f0732ab6c2bca	data/tani/boss_tani_hongxiongwang_dcgj_shifa_03.tani
27335c9ef6fb0944	data/tani/boss_tani_huogui_skill06.tani
275fd4bf71aa8360	data/tani/em_tani_jiuyinshenzhua_hit01.tani
276604c9402be77a	data/tani/boss_tani_xiahoudun_hit01.tani
2766ec93f5348875	data/tani/boss_tani_shaxing_likui_shifa01.tani
2767d381ecdb4c81	data/tani/dg_tani_t_2x4j_shifa01.tani
2777434a39b6ed00	data/tani/boss_tani_mtx_die01.tani
277ab32b6a19a818	data/tani/boss_tani_wusong_shifa01.tani
27962c9a4ac71002	data/tani/boss_tani_youjinshouwei_shifa03.tani
27b3b5ebc6bf95cc	data/tani/pets_tani_bingpoxuejingling_b6_idle02.tani
27cd62e026993315	data/tani/boss_tani_npc_qiaofeng_szh_shifa01.tani
27e80dffa06cf2bf	data/tani/pet_tani_xiaohualing_b7_idle02.tani
27f8661421a6571b	data/tani/anqi_tani_grdz_xuyuan_nan01.tani
27f98be9346716e0	data/tani/zhenshoufuti_tani_shuilong_03_fenbai.tani
28320f535519a378	data/tani/boss_tani_liqinglu_skill02_shifa01.tani
283343beb3fa065c	data/tani/mj_tani_kuihuashenli_shifa01.tani
2854b6ceb325ba75	data/tani/boss_tani_ls_hxw_lzkj_shifa02.tani
2864e44f39afc915	data/tani/pets_tani_wuyingxie_b4_hit01.tani
288323802f722a59	data/tani/boss_tani_ssfn_xianjin_hit01.tani
288a4d32d228caa4	data/tani/sl_tani_milehushen_shifa01.tani
28c46f99ffb7fa4c	data/tani/pets_tani_xuanhaima_b6_hit02.tani
28cbadcc3b4ccd19	data/tani/pets_tani_maomi_b7_idle02.tani
28ff088b3965dd32	data/tani/boss_tani_eling_skill05.tani
290f93c1715ad190	data/tani/wd_tani_xiniuwangyue_shifa01.tani
293f7cfabe495ad2	data/tani/pet_tani_xiaohualing_b2_idle02.tani
297b3b21ff3642f2	data/tani/pets_tani_jianyinghu_b4_idle03.tani
2985ab71b39e5099	data/tani/dg_tani_y_2x1j_1_shifa01.tani
29984e9667ebcc50	data/tani/sl_tani_qiguanchanghong_shifa01.tani
29a5b84520ff1a03	data/tani/boss_tani_luzhishen_xuli01.tani
29dc2b53e59f91fc	data/tani/boss_tani_sss_jmz_pg_shifa01.tani
29f050eee7ccd711	data/tani/pets_tani_lianyishou_b4_idle03.tani
29fd8068916d52b2	data/tani/mj_tani_huoshaochibi_shifa01.tani
29ff3e1820809e13	data/tani/gb_tani_zhenjingbaili_sd_shifa01.tani
2a231cc71db90ed7	data/tani/pets_tani_maomi_b2_idle02.tani
2a53ddc9f3e773cc	data/tani/w1351_tani_sjz_qy_skill03_kuangbao01_0.tani
2a6b604fed4acffa	data/tani/pets_tani_xiaohualing_b2_hit01.tani
2a6f249b010c48d2	data/tani/boss_tani_daobaifeng_skill01_shifa01.tani
2a7e491db5cce1ad	data/tani/pets_tani_tangguotianxin_b4_hit02.tani
2ac9762c28a221ed	data/tani/mr_tani_nan_liufoyi_qiangbang01.tani
2b29b4f4c217d022	data/tani/pets_tani_maomi_b8_hit02.tani
2b3c094759c1243a	data/tani/boss_tani_qinhuangzhipo_shifa03.tani
2b5f0d506bd6f115	data/tani/boss_tani_huobao_shifa01.tani
2b7c96353eaee646	data/tani/gb_tani_nv_cj_jt01.tani
2b92ad7a66c1c63c	data/tani/pets_tani_tuxiaoyao_b6_idle03.tani
2bd55de5cd69eb92	data/tani/pets_tani_tangguotianxin_b5_idle02.tani
2bf8d74659bf19cc	data/tani/zhenshoufuti_tani_shuilong_03_zilin.tani
2c711d84adc3c01b	data/tani/pets_tani_tuxiaoyao_b8_hit02.tani
2cbc63a5c7dd951c	data/tani/ts_tani_yannanfei_hit01.tani
2cc2d418ceea0f70	data/tani/zhanshi_tani_hs_qingwuyinchunhuan_nan.tani
2ccf33d8e1cabb3e	data/tani/pets_tani_xuanhaima_b8_hit01.tani
2cea1c75612ff3d5	data/tani/pets_tani_tuxiaoyao_b1_idle03.tani
2d0213f9d8d09828	data/tani/pets_tani_fanzhen01.tani
2d1dcf4f14cac0f3	data/tani/boss_tani_zhutiyue_yazuishou_shengdan_hit02.tani
2d25fe2a44e53f59	data/tani/boss_tani_zhouyu_skill03.tani
2d2ccce0e2f429c9	data/tani/pets_tani_tangguotianxin_b0_idle02.tani
2d3046fe0756b6d6	data/tani/boss_tani_ygqh_xuanleizhou_shifa01.tani
2dc0b29d6632e56f	data/tani/ts_tani_meihuasannong_nv_shan01.tani
2e27b0643cd0b232	data/tani/npc_tani_muwanqiang_skill03.tani
2e890d5c9b3dc81c	data/tani/pets_tani_tangguotianxin_b6_hit01.tani
2e914f7ae960d965	data/tani/boss_tani_pangqi_skill01.tani
2e9d0435d8c67608	data/tani/boss_tani_hyym_huoyanchui_shifa01.tani
2ead7f4fce0a72a3	data/tani/pets_tani_xiaohualing_b4_skill01.tani
2f205daf8ee59d42	data/tani/boss_tani_wuyong_shifa03.tani
2f32d7511c94242f	data/tani/boss_tani_zhutiyue_yazuishou_shengdan_skill02.tani
2f3f41eb96b10d73	data/tani/boss_ani_hongxiongwang_skill10_ceshi.tani
2f46278d37885f6d	data/tani/tl_tani_jingyingchenbi01.tani
2f4f271273ebdb35	data/tani/pets_tani_mofamifeng_b1_hit01.tani
2f893eb416274db5	data/tani/dg_tani_j_4x4j_shifa06.tani
3035e99fb61bc8d0	data/tani/tl_tani_zhidianjiangshan_hit01.tani
305a813fb896dd10	data/tani/anqi_tani_jinchilingyu_shifa01.tani
305ed16e4f55524d	data/tani/ts_tani_tongshenggongsi_hit01.tani
305f98db85c6efe7	data/tani/ts_tani_yingjichangkong_nv_sd01.tani
30718315bf57e932	data/tani/em_tani_juejianshi1.tani
309089a28651fd5b	data/tani/pets_tani_xuanhaima_b1_idle03.tani
30a3ce10cc5a08d0	data/tani/boss_tani_yaohuang_skill07.tani
30cb7bc442dbd6e2	data/tani/pets_tani_zhongxin01.tani
30ede7e32a457d39	data/tani/boss_tani_npc_azhu_skill05_shifa01.tani
30f986fc4f9f919b	data/tani/em_tani_chongxuyangqi1.tani
30fa2ec46411a93b	data/tani/boss_tani_wangyan_hit02.tani
3123fb745ed1d2e3	data/tani/boss_tani_hongjiyaowang_pugong01.tani
313bfa3107a3b524	data/tani/boss_tani_gaojiqiaoda_hit01.tani
3175b2cf9c8bfbcb	data/tani/pets_tani_wuyingxie_b3_hit02.tani
31bf078f588eeddc	data/tani/yujing_shanxing_hong_15_45.tani
31df715eb6337a36	data/tani/mr_tani_xinghehongxi01.tani
3223ec5f78d4d2dd	data/tani/boss_tani_banshandaoren_gbdbz02.tani
32b124ea1ac12d2a	data/tani/boss_tani_sjz_pq_skill01_hit01.tani
32e8f33800314ad3	data/tani/tl_tani_nv_cj_jt01.tani
330e55303894d260	data/tani/mj_tani_douzhuanxingyi_nan_dg_qb01.tani
332510334280cba7	data/tani/boss_tani_xiejianling_shaungxieningxu_chongjibo.tani
33618402df7fcde8	data/tani/boss_tani_ls_hxw_fss_yj01.tani
336f7cb744cc68a8	data/tani/boss_tani_wangyan_xuli02.tani
337c2ecff7ef8c13	data/tani/pets_tani_xiaohualing_b1_hit02.tani
33bc9dc8e296666d	data/tani/boss_tani_smm_kltl_xuli01.tani
342ddbc1dc430359	data/tani/boss_tani_liqiushui_shifa03.tani
349cf215fd71c1c3	data/tani/boss_tani_lspt_hongxiongwang_dc_yj_01.tani
34f76c8873240399	data/tani/tong_tani_jinzhanguaji_nan_dd01.tani
3557ec71e1901d58	data/tani/boss_tani_mengmiandadao_shifa01.tani
355a4d2fb5b6736e	data/tani/wd_tani_taiyuanshisanjian_shifa01.tani
355afec40d994fc3	data/tani/boss_tani_yaohuang_skill09_xuli01.tani
3580770e370c3e7f	data/tani/pets_tani_wuyingxie_b5_hit01.tani
3592866641013eab	data/tani/pets_tani_xiaomuling_b4_idle03.tani
35d8a55620445f51	data/tani/boss_tani_sss_tufanlama_skill02_zifenbaozha.tani
35da8dcd43f36552	data/tani/zhanshi_tani_hs_shoupengyouxiang_02.tani
35e0025854268963	data/tani/pets_tani_xuanhaima_b7_hit02.tani
36122604177120ec	data/tani/ts_tani_yingjichangkong01.tani
36182d6c2994b5c4	data/tani/gb_tani_hengsaoqiankun01.tani
36554934e44d4e57	data/tani/gc_tani_ymg_sceneeditor_jn02_klyh01.tani
36a0fe7e7fd0ee37	data/tani/dg_tani_t_1x2j_shifa01.tani
36b969e916770438	data/tani/boss_tani_xs_wy_kf_shifa02.tani
36cb3aa04ba117de	data/tani/pet_tani_xiaomuling_b8_skill01.tani
36cd3400556fd9ba	data/tani/gb_tani_qinglongchushui_huan_nv_shifa01.tani
36d01ed7d74ac4ea	data/tani/pets_tani_jinyubaobao_b6_idle02.tani
36ec97e4e3e049a5	data/tani/ts_tani_lanhuadianxueshou_hit01.tani
3702a503ed85eb98	data/tani/boss_tani_banshandaoren_pugong01.tani
372c32cf3a724d98	data/tani/pets_tani_ryjsb8_skill01.tani
375ee7ac65985925	data/tani/sl_tani_baiwujinji_shifa01.tani
3774080f49fc6a5a	data/tani/ui_tani_baoxiang_zi.tani
3786f30eacdf2c7f	data/tani/pets_tani_xiaohualing_b3_hit01.tani
379854d1a4704c5f	data/tani/boss_tani_yudu_shifa01.tani
37fd4e5bc2da42aa	data/tani/boss_tani_liqiushui_daoguang04.tani
37fef3ba400cebe3	data/tani/boss_tani_ygqh_xuanleizhou_hit01.tani
3820dd5522549cbb	data/tani/boss_tani_xsh_hjyw_skill08_l01.tani
38278dd26ea66db5	data/tani/pets_tani_jinyubaobao_b1_idle02.tani
38375207df5028db	data/tani/tl_tani_xueyonglanguan.tani
383bac4366eea4c3	data/tani/pets_tani_qiangshen01.tani
385d8b57d15d0def	data/tani/pets_tani_lianyishou_b0_hit01.tani
385ff5929d834ad4	data/tani/pets_tani_mofamifeng_b0_hit02.tani
388dcc947078f925	data/tani/ts_tani_yannanfei_nan_huan01.tani
389038dd287b1cb3	data/tani/boss_tani_fhgc_zssj_baozha01.tani
38986f4363c105c9	data/tani/boss_tani_dzxg_xiaoshi_shifa01.tani
3898d009bcded72d	data/tani/boss_tani_npc_dy_lyj_hit01.tani
38c77b3202f753b5	data/tani/pets_tani_yihun01.tani
3904b0f62bf96b42	data/tani/tong_tani_jinzhanguaji_nv_sd01.tani
391dfdf9d01f5d05	data/tani/ts_tani_rongxueshi02.tani
3940c2cf2f8cf3ce	data/tani/boss_tani_ls_hxw_shifa01.tani
396f0cac47655bba	data/tani/pt_tani_pozhangongji01_shifa01.tani
39a6f5096cd11e64	data/tani/boss_tani_ls_yd_jqfb_yj03.tani
39d3b843f7a9db94	data/tani/anqi_tani_nv2_yuexiaxun_ww_idle03_01.tani
39d91db78cca94c9	data/tani/boss_tani_jiumozhi_lianyu_xuli01.tani
39ff0b8fe45102fd	data/tani/em_tani_diaochanbaiyue01.tani
3a3119efa0f2c026	data/tani/gb_tani_qinglongchushui_cq_shifa01.tani
3a551cc9d1289d86	data/tani/pets_tani_xuanleizhou01.tani
3a6387d89488ed86	data/tani/xx_tani_hanxiaojiuquan_shifa01.tani
3a8c5294490449eb	data/tani/yujing_tani_hong_10m_3s.tani
3a9e7ec250d7c024	data/tani/xy_tani_tanzhishengong.tani
3aa080fd968d484b	data/tani/mr_tani_hengjianchijiang01.tani
3ab014c3e73e7fd5	data/tani/pets_tani_dujiaozhanju_b7_idle02.tani
3accd79c4360d033	data/tani/anqi_tani_nv_tiaowu01.tani
3af1a2d17c97675f	data/tani/boss_tani_liezhuakuangji_shifa01.tani
3af3c89be2f20db2	data/tani/xy_tani_kunyuebeiming.tani
3b1ad6b56f70129c	data/tani/boss_tani_xuchu_hit01.tani
3b7b9607de0480f6	data/tani/zhenshoufuti_tani_qingniao_03_huanhai.tani
3b7ec4e8c720a2df	data/tani/boss_tani_mutongbo_liehuozhou_shifa01.tani
3ba4a01bc3823373	data/tani/pets_tani_tangguotianxin_b7_hit01.tani
3be6f28f16db4917	data/tani/boss_tani_sss_jmz_pg_hit01.tani
3bfda3a23262b36c	data/tani/cizhui_tani_tiesuolianhuan_shifa01.tani
3c0783be98b49326	data/tani/pets_tani_dujiaozhanju_b2_idle02.tani
3c6ab9d1bdf78ff9	data/tani/pets_tani_mofamifeng_b2_hit01.tani
3c83543e9acbf128	data/tani/mj_tani_yanlongwushuang_hit01.tani
3c8d5505958d0761	data/tani/pets_tani_liehuozhou_hit01.tani
3cb49bdfbc808ad0	data/tani/mj_tani_huoshaochibi_nan_dg_dd01.tani
3ce29fa6e87e8238	data/tani/pets_tani_dandanji_xiaojiu_idle02.tani
3d4462e9e747101b	data/tani/mr_tani_bixingwoshi01.tani
3d5fbddd1bf63a27	data/tani/boss_tani_huogui_skill07.tani
3d69eb0241040a48	data/tani/xy_tani_taohuazhen_nv_shifa01.tani
3d84e7e349a4ba6a	data/tani/pets_tani_yuansukonglong_b7_idle02.tani
3d926608462940af	data/tani/boss_tani_xiahoudun_hit02.tani
3da7146a46a26ab8	data/tani/boss_tani_wusong_shifa02.tani
3dad98b5eb10d6da	data/tani/gb_tani_qianlihengxing_nv_sd01.tani
3de0172a72b24b60	data/tani/pets_tani_bingpoxuejingling_b6_idle03.tani
3de607f158e239ed	data/tani/boss_tani_sangtugong_hit01.tani
3e07519da84a2e3a	data/tani/monster_tani_taoqing_skill04.tani
3e146f3ea2490188	data/tani/pet_tani_xiaohualing_b7_idle03.tani
3e33ab0cda8d7c95	data/tani/boss_tani_yzw_ybd_bing_hit02.tani
3e5e7092f435b157	data/tani/boss_tani_liqinglu_skill02_shifa02.tani
3e6c60e95b51a743	data/tani/tl_tani_yiyangzhi_hit01.tani
3e91458ea3cb7513	data/tani/pets_tani_wuyingxie_b4_hit02.tani
3eacf8274ff87542	data/tani/ts_tani_yannanfei_nv_huan01.tani
3ed4a5a1c10675ca	data/tani/wd_tani_tiyunzong_shifa01.tani
3edc56deb9995025	data/tani/pets_tani_yuansukonglong_b2_idle02.tani
3ef80f0b3df498a9	data/tani/pets_tani_maomi_b7_idle03.tani
3f0037b7841ce332	data/tani/boss_tani_shaxing_ljy_trws_shifa01.tani
3f6bde39a0e5179b	data/tani/pet_tani_xiaohualing_b2_idle03.tani
3fa76e342b6d667e	data/tani/pets_tani_ryjsb7_idle02.tani
3faa93790966c0d5	data/tani/xy_tani_paishandaohai.tani
3fb93f5f3b60285a	data/tani/dg_tani_nan_3x4j_canying01.tani
3fbd5b39eed790a5	data/tani/zuoqi_tani_fenluanxueyuehua_run01.tani
4024edc2f70328c9	data/tani/boss_tani_npc_duanyu_szj_shifa01.tani
40275bd80fc3fbce	data/tani/gb_tani_hengsaoqiankun_hit01.tani
40420612b3164a7e	data/tani/boss_tani_zs_lg_kuangleitianlao_shifa01.tani
404f7e06037afbbd	data/tani/pets_tani_maomi_b2_idle03.tani
408dccfc762de2a1	data/tani/xx_tani_jinshijufen_hit01.tani
4097c18ee37c8a6b	data/tani/pets_tani_xiaohualing_b2_hit02.tani
40a1bbc679487a6b	data/tani/boss_tani_songjiang_shifa01.tani
40cb9006c0c14af0	data/tani/boss_tani_xuanbao_shifa01.tani
40d639deaeace914	data/tani/gb_tani_zhenjingbaili_hit01.tani
40fedd2f857febde	data/tani/pets_tani_ryjsb2_idle02.tani
4143bd10cb5a38ec	data/tani/gc_tani_ymg01_xys_skill03.tani
417c5fb554aa8cde	data/tani/pets_tani_mofamifeng_b6_idle02.tani
4189a5f2c854e7cb	data/tani/ts_tani_yingjichangkong_nv_huan01.tani
419f5f87a39ae785	data/tani/wuhun_tani_qingshe_idle02.tani
4201bf24e38f813e	data/tani/pets_tani_tangguotianxin_b5_idle03.tani
421da7c04dade4f1	data/tani/boss_tani_llxb_zblw_hit01.tani
4228e59115a6bfdb	data/tani/boss_tani_tjqs_mengji_hit01.tani
424774897e37ce03	data/tani/gb_tani_qianlihengxing_nan_dd01.tani
429c09cddd9e4df9	data/tani/pets_tani_wuyingxie_b6_hit01.tani
42a0f266b5b6425c	data/tani/boss_tani_shaxing_sm_xuli01.tani
42d3ceb04c390c26	data/tani/pets_tani_mofamifeng_b1_idle02.tani
42e3822fa5cabdda	data/tani/gb_tani_zhenjingbaili_huan_shifa01.tani
42e8c4e470efcbac	data/tani/ts_tani_yannanfei_hit02.tani
42fb9517691466d9	data/tani/pets_tani_xuanhaima_b8_hit02.tani
4301ca144e56c46d	data/tani/sl_tani_jingangfumoquan_shifa01.tani
4350522fe9173a2d	data/tani/boss_tani_tianhuojianglin_zaiti.tani
43592e1f0f4c62c7	data/tani/pets_tani_tangguotianxin_b0_idle03.tani
435f15eaa148106b	data/tani/xx_tani_xlcd_sdl01.tani
439e45f225aa9bc1	data/tani/xy_tani_xiaoxiangyeyu_nan_shifa01.tani
43a762827c05b4ac	data/tani/boss_tani_huatuo_skill01.tani
43c3272bc8cc46e5	data/tani/pvp_tani_zhuque_shifa01.tani
43caaba3d56e0253	data/tani/boss_tani_sss_bc_skill01_xuli01.tani
443353d8a5f1ebe4	data/tani/tl_tani_feikufeirong.tani
44466355b21ba699	data/tani/pets_tani_ryjsb0_hit01.tani
44592c8b30957065	data/tani/wd_tani_sanhuantaoyue_shifa01.tani
4494797917ae5e2f	data/tani/pets_tani_yuanyang_idle02.tani
449cdb20f11830d8	data/tani/ts_tani_xuehualiuchu_nv_dd01.tani
44a285cd091d171a	data/tani/pets_tani_xiaohualing_b4_hit01.tani
44bdb0b99eb818df	data/tani/boss_tani_pangqi_skill02.tani
44dcdb747c9cc74c	data/tani/xy_tani_zhuxianzhen01.tani
44e00565d9bbe987	data/tani/wd_tani_tiaolianshi_shifa01.tani
44e4e01833a020c8	data/tani/cizhui_tani_sanzi_shifa01.tani
45151fd46b3cd9a1	data/tani/boss_tani_ls_yd_bj_zishen01.tani
454cbeee1dc0ea7b	data/tani/boss_tani_wuyong_shifa04.tani
455d0729c30d51cb	data/tani/boss_tani_hjyw_fuchonggongji_shifa01.tani
455f3890692f3712	data/tani/boss_tani_zhutiyue_yazuishou_shengdan_skill03.tani
456f4de600f7003b	data/tani/pets_tani_jianyinghu_b8_idle02.tani
45791e16a1d3f80f	data/tani/pets_tani_lianyishou_b1_hit01.tani
457b8851fec7de7c	data/tani/pets_tani_mofamifeng_b1_hit02.tani
459d4fa21c2ae657	data/tani/boss_tani_duyeji_shifa01.tani
45b221d08c684aac	data/tani/sl_tani_jingangfumoquan_hit01.tani
45bcfe340e8bd23d	data/tani/boss_tani_xiejianling_skill01.tani
45e463b3b969dc88	data/tani/pets_tani_lianyishou_b8_idle02.tani
45ed7fe96668e542	data/tani/boss_tani_ls_yd_shifa01.tani
45f7ed08e7128f05	data/tani/w1351_skill_anqi_kuangleitianjiang_hit01.tani
4603a33f168e6ce3	data/tani/boss_tani_lvbu_skill01.tani
461c03ee4b75d099	data/tani/boss_tani_shuifeitouling_behit01.tani
463336031bd6006c	data/tani/boss_tani_penshehuoyan_shifa01.tani
4674dab125cfcdbc	data/tani/zhenshoufuti_tani_shuilong_03_tianqing.tani
46977b218196afd3	data/tani/boss_tani_zhongdu_shifa01.tani
469de454467f8271	data/tani/em_tani_juejianshi2.tani
46c6bce1b56d901c	data/tani/pets_tani_jianyinghu_b3_idle02.tani
46d02f4fc9c5a46e	data/tani/boss_tani_yaohuang_skill08.tani
46d23691fb187fda	data/tani/boss_tani_songjiang_yaoxinjuyi.tani.tani
46d89b9c68036ec9	data/tani/boss_tani_shaxing_lc_hbzq_shifa01.tani
46fd75dd45b32095	data/tani/pets_tani_rouqiang01.tani
4715336ce8582afc	data/tani/mr_tani_nan_liufoyi_shuangduan01.tani
473bd2ae7ae54690	data/tani/pets_tani_lianyishou_b3_idle02.tani
4762ee3f341d91a1	data/tani/pets_tani_huyaojianjun_b0_hit01.tani
476c482ead8db9c8	data/tani/boss_tani_shuilao_pangtong_hit01.tani
4780408f8c69e21c	data/tani/boss_tani_huogui_skill04_shifa01.tani
479c868586a3af00	data/tani/sl_tani_mingjingtai_hit01.tani
4811640d301e10a6	data/tani/em_tani_dairuomuji2.tani
4853e3779bcbbfc3	data/tani/monster_tani_qinyun_skill01.tani
48b00a436a34bc65	data/tani/gb_tani_qianlihengxing_nv_daofu01.tani
48c032da835a4a08	data/tani/pets_tani_tangguotianxin_b8_hit01.tani
48de2f3a55e36ca2	data/tani/pets_tani_tuxiaoyao_b5_idle02.tani
48f8c37ef22a6363	data/tani/ts_tani_yingjichangkong_nan_qita01.tani
48ff49816e336b16	data/tani/w1351_tani_diao_rucheng.tani
493ad8b3a69b9b64	data/tani/ts_tani_bingjiyugu01.tani
4963e13b868451a1	data/tani/boss_tani_sj_yxsl_yujing01.tani
4980d65159e0c3a0	data/tani/boss_tani_xuzhu_tslyz_skill01.tani
49864c9035a5332b	data/tani/pets_tani_mofamifeng_b3_hit01.tani
49a9579377c2c27b	data/tani/anqi_tani_kongtan_nv01.tani
49ad38d1ab96c994	data/tani/pets_tani_xiaohualing_b2_skill01.tani
49b45a6725234c68	data/tani/pvp_tani_zhuque_hit01.tani
49ce4db87958c302	data/tani/zhanshi_tani_zq_xueyingshuanghua_01.tani
49eb071b210f9de9	data/tani/gb_tani_panlongji_nan_huan01.tani
4a359e354ab6b67b	data/tani/pets_tani_tuxiaoyao_b0_idle02.tani
4a44accd14596d1d	data/tani/pets_tani_lingdong01.tani
4a5a3d008f7cc704	data/tani/boss_tani_liqiushui_shifa04.tani
4a5e9e234f2c60cc	data/tani/monster_tani_fodengjiguan_hong01.tani
4ab3129a8ab7a4da	data/tani/zhuluzhizhan_tani_fenxiangta_hit01.tani
4ab99851beeffc45	data/tani/boss_tani_baimingqi_hit01.tani
4aec0af6fe7351cd	data/tani/sl_tani_jingangfumo.tani
4b0b3e84e80998c5	data/tani/gb_tani_panlongji_nan_sd01.tani
4b844db0655904bd	data/tani/boss_tani_mengmiandadao_shifa02.tani
4bacd84d0e39c51e	data/tani/pets_tani_wuyingxie_b5_hit02.tani
4beda165353f58dc	data/tani/boss_tani_npc_azhu_skill03_shifa01.tani
4beee072b85afe68	data/tani/sl_tani_dljgz_nan_shan01.tani
4c4f81ed08e63a3e	data/tani/boss_tani_kuangleitianlao_xuli01.tani
4c72b73a139c0d55	data/tani/xx_tani_duchangong_xuli01.tani
4c883e1bec5a96f2	data/tani/gc_tani_ymg01_hyrfs_attack01.tani
4ca7a1bd487890e9	data/tani/boss_tani_lvbu_hit01.tani
4cd8b7947ad5f420	data/tani/zhuluzhizhan_tani_zhanche_xuanwu.tani
4cf46da7cab7d01a	data/tani/em_tani_jiuyinshenzhua1.tani
4cfc80169162933f	data/tani/pets_tani_jinyubaobao_b6_idle03.tani
4cfcd694030d9a1f	data/tani/dg_tani_nan_j_4x3j_shifa01.tani
4d11b9fd7e3f0bee	data/tani/boss_tani_hongjiyaowang_hongmantengji_shifa01.tani
4d4091ed2d4c5488	data/tani/boss_tani_duliezhan_yujing01.tani
4d53ecb138886a4a	data/tani/pets_tani_jinyubaobao_b0_hit01.tani
4d57ea3c665c5715	data/tani/boss_tani_pangtong_hit01.tani
4d73a33e91879438	data/tani/boss_tani_duanyanqing_skill03_shifa01.tani
4d7f272d8962766e	data/tani/dg_tani_3x4j_shifa01.tani
4da8779fbfc61015	data/tani/anqi_tani_nan_kongbixin01.tani
4db3544da672a6cf	data/tani/pets_tani_xiaohualing_b3_hit02.tani
4dd4c1e3a7b78177	data/tani/gb_tani_qinglongchushui_huan_shifa01.tani
4e29af9ad9c76330	data/tani/boss_tani_liqiushui_daoguang05.tani
4e4ec7c35d4be594	data/tani/xx_tani_zlwm_shifa01.tani
4e53ef1124ecde61	data/tani/pets_tani_jinyubaobao_b1_idle03.tani
4e89ec96cb7cd1b8	data/tani/pets_tani_lianyishou_b0_hit02.tani
4e8f2238e4a4ed26	data/tani/anqi_tani_nv2_yuexiaxun_mw_idle02_01.tani
4eb332580dbaaf32	data/tani/gc_tani_ymg_sceneeditor_nv_slbw01.tani
4ebc9a1c2a6a9326	data/tani/boss_tani_fhgc_zssj_baozha02.tani
4ebd245e2f7ad69b	data/tani/zhenshoufuti_tani_qingniao_03_huangse.tani
4ec4d0820f185f34	data/tani/boss_tani_dzxg_xiaoshi_shifa02.tani
4ee850ddc490d47d	data/tani/boss_tani_npc_wangyuyan_fgpz_shifa01.tani
4eea9e521684df56	data/tani/boss_tani_npc_qiaofeng_fhq_shifa01.tani
4efdb6e386923608	data/tani/cizhui_tani_huoshan_shifa01.tani
4f09df9c784c6b68	data/tani/mr_tani_qixiayingri01.tani
4f4ed799281b75ab	data/tani/tong_tani_jinzhanguaji_nv_cq01.tani
4f857a2d8108fc81	data/tani/gb_tani_chongzhenzhanjiang_nan_dd01.tani
4fb79c8cf0e0f602	data/tani/pets_tani_wuyingxie_b7_hit01.tani
4fddc802105cfb1c	data/tani/gb_tani_chongzhenzhanjiang_nv_dd01.tani
4ff4256bf22579f9	data/tani/gb_tani_tianxiawugou_hit01.tani
4ffcb4e14259a5ed	data/tani/wd_tani_zhenwuqijiezhen_nan_huan01.tani
50119305b7079b03	data/tani/xy_tani_bazhentu_baozha01.tani
503d3df36dc9dbf8	data/tani/boss_tani_zhaoyun_skill02.tani
506391afabc5bdcb	data/tani/boss_tani_lsh_hxw_skill10_3.tani
50dc760226a890fc	data/tani/pets_tani_dujiaozhanju_b7_idle03.tani
50f6f2ac5f5ab2a7	data/tani/ts_tani_fengwujiutian01.tani
511e0410cbab3d05	data/tani/boss_tani_liezhuakuangji_shifa02.tani
5131aee917b6f4c8	data/tani/boss_tani_mozunchonglou01_skill01.tani
514737f468fb917b	data/tani/boss_tani_xuchu_hit02.tani
5161f61480490b55	data/tani/pets_tani_ryjsb1_hit01.tani
51656ed1ff329efd	data/tani/boss_tani_xs_wyan_sbqz_yj.tani
517fd9edfb9e57dd	data/tani/mr_tani_nv_liufoyi_shan01.tani
51857ea017266b91	data/tani/xx_tani_qingsheduzhang.tani
5186992b035dc2d9	data/tani/pets_tani_xiaomuling_b8_idle02.tani
51a799904e780eb2	data/tani/dg_tani_nv_j_pugong_shifa01.tani
51be188cbceedba8	data/tani/pets_tani_xiaohualing_b5_hit01.tani
51caf422a33b39e8	data/tani/pet_tani_xiaomuling_b6_skill01.tani
51eca625d410d8d9	data/tani/boss_tani_ty_fyf_shifa01.tani
522a04e13c6e3b79	data/tani/cizhui_tani_tiesuolianhuan_shifa02.tani
522bec518c60c6c8	data/tani/pets_tani_ryjsb6_skill01.tani
5233e4fdc218b102	data/tani/pets_tani_dujiaozhanju_b2_idle03.tani
5238df5b0c283f49	data/tani/boss_tani_xinmurongfu_skill06.tani
524d649d80300b8e	data/tani/boss_tani_mutongbo_putonggongji_shifa01.tani
527d8d75f9d7f4ba	data/tani/sl_tani_dljgz_nan_daofu01.tani
5294b0d514d56727	data/tani/pets_tani_lianyishou_b2_hit01.tani
52971b10a394acbe	data/tani/pets_tani_mofamifeng_b2_hit02.tani
529de5fc721cd53b	data/tani/boss_tani_fhgc_qizhi_shifa01.tani
52d99cb598cdb488	data/tani/zhanshi_tani_sz_erlangzhenjun_nv_01.tani
52dd7abf3e439ec0	data/tani/boss_tani_npc_kangmin_hsqk_shifa01.tani
52de0826c99c8a6d	data/tani/pets_tani_xiaomuling_b3_idle02.tani
530f00e5e784e8f9	data/tani/pets_tani_dandanji_xiaojiu_idle03.tani
532dd3beb449b527	data/tani/boss_tani_wjg_dqy_xz_shifa01.tani
534c69078009ca1a	data/tani/gb_tani_zhenjingbaili_df_shifa01.tani
53638b12ec5798cc	data/tani/pets_tani_erlangzhenjun_b7_idle02.tani
5393f6a8cfbafe9a	data/tani/pets_tani_zhenshouzhuabu01.tani
53b14922bd6341b5	data/tani/pets_tani_yuansukonglong_b7_idle03.tani
53f01de13ac58d34	data/tani/tong_tani_jinzhanguaji_nan_daofu01.tani
53f7bf58c7aaeaaf	data/tani/gb_tani_qianlihengxing_nv_cq01.tani
541b1cc2e6f8e072	data/tani/boss_tani_xinmurongfu_fmdf_shouji.tani
542238acd01df58b	data/tani/sl_tani_fuhuquan_nv_sd01.tani
5433b2dcfa133bdc	data/tani/monster_tani_taoqing_skill05.tani
54382172945a288d	data/tani/boss_tani_mutongbo_lieyanlianyu_shifa01.tani
5444f63835d35980	data/tani/pets_tani_bingtianxuedi01.tani
5484dbe49dbef84e	data/tani/zhenshoufuti_tani_qingniao_03_binglan.tani
54a0efb484a98da9	data/tani/gb_tani_panlongji_nan_daofu01.tani
54bafa0d9d33578f	data/tani/pets_tani_erlangzhenjun_b2_idle02.tani
54dd1efc8df524f6	data/tani/mj_tani_nuhuolianzhan_shifa01.tani
54efac3586c01452	data/tani/ts_tani_xuehualiuchu_nan_huan01.tani
5508b81da0d87bdc	data/tani/pets_tani_yuansukonglong_b2_idle03.tani
551616d0f9d4ba42	data/tani/boss_tani_bupingdaoren_shifa01.tani
5533393dc9883c3a	data/tani/w1351_skill_anqi_nutaolianji_hit01.tani
5560290625e51a0f	data/tani/pets_tani_dujiaozhanju_b0_hit01.tani
5572e35dd0de1891	data/tani/boss_tani_npc_zhendigongji_xuli01.tani
5588dbb7661911c4	data/tani/xx_tani_zlwm_sdl01.tani
55d32069d3c26577	data/tani/boss_tani_bxtz_wujingdacai_shifa01.tani
55d3cf736f62d960	data/tani/pets_tani_ryjsb7_idle03.tani
560316500d62707f	data/tani/boss_tani_ls_toushiche_shifa01.tani
568162ab466d7bde	data/tani/boss_tani_mozunchonglou01_skill09_01.tani
5687c008cbd4feba	data/tani/gc_tani_wjg_yunzhonghe_trail01.tani
56919455f377a97a	data/tani/boss_tani_yls_zd_shifa01.tani
56a1df4f5066e39f	data/tani/pets_tani_mofamifeng_b4_hit01.tani
56b0c22145430fbd	data/tani/boss_tani_hadaba_lqcg_skill06_shifa01.tani
56ce1d05f7a8f463	data/tani/boss_tani_songjiang_shifa02.tani
56d76d4390298e0c	data/tani/sl_tani_fuhuquan_nv_huan01.tani
572b3e6e20807cf2	data/tani/pets_tani_ryjsb2_idle03.tani
572da5d095f53b6d	data/tani/boss_tani_shenlongluanwu_shifa01.tani
57a8c0f456ba8a38	data/tani/pets_tani_mofamifeng_b6_idle03.tani
57d587e7b20f8539	data/tani/pets_tani_gongsheng_hit01.tani
57e26044effa3771	data/tani/zhuluzhizhan_tani_luoxingta_hit01.tani
57e8dc041ea6bbb7	data/tani/em_tani_yueluoxishan.tani
58396695a7facde1	data/tani/boss_tani_tjqs_wuleihongding_shifa01.tani
5853bc7e164e02b8	data/tani/boss_tani_npc_duanyu_szj_hit01.tani
588d5ab32f241cd0	data/tani/pets_tani_bingbao01.tani
58ba8f037fbd3974	data/tani/xx_tani_lianzhufushidu.tani
58c5c4f2906a32d6	data/tani/xy_tani_nan_cj_jt01.tani
58c86b0c1bfe2702	data/tani/pets_tani_wuyingxie_b6_hit02.tani
58d46cb435a03dda	data/tani/gb_tani_zhenjingbaili_huan_nv_shifa01.tani
58e2926a7038127a	data/tani/pets_tani_jingtian_b5_idle03.tani
58e80f44f82f258c	data/tani/boss_tani_sss_zhuangjuxian_skill04_hanbingzhang01.tani
58fadb5e13ad7692	data/tani/boss_tani_ls_gr_ll_hit01.tani
59002fef69835c6d	data/tani/pets_tani_mofamifeng_b1_idle03.tani
591a0c642a642474	data/tani/boss_tani_ls_gr_ldz_yj01.tani
592bf00e3719d934	data/tani/monster_tani_fodengjiguan_lan01.tani
599fb60e5de8eb67	data/tani/boss_tani_shaxing_gss_shifa01.tani
59a268dd7c39b8d6	data/tani/mj_tani_huoshaochibi_nan_dg_shan01.tani
59a6cb0fa9894668	data/tani/boss_tani_mutongbo_lieyanlianyu_xuli01.tani
59ac3a0cb463cecf	data/tani/boss_tani_wangyan_ljf_shifa01_01.tani
59c5187631a248d4	data/tani/xx_tani_xlcd_shifa01.tani
59d12252b698b5c5	data/tani/wd_tani_zhenwuqijiezhen_changqiang01.tani
59d3c3c161ca2cac	data/tani/boss_tani_huatuo_skill02.tani
5a1e4c03e1867193	data/tani/xx_tani_baidubuqin_shifa01.tani
5a3563f217f1415c	data/tani/boss_tani_npc_hamadubao_quan01.tani
5a38f8281a36bd8a	data/tani/pt_tani_ranshaoxianjing_hit.tani
5a390f505df049e2	data/tani/anqi_tani_juduwenyi_shifa01.tani
5a3a016576bd2bec	data/tani/pets_tani_jingtian_b0_idle03.tani
5a3b981c0709fdd4	data/tani/pets_tani_jingtian_b0_hit01.tani
5a6f7f707bdc3368	data/tani/pets_tani_jinyubaobao_b1_hit01.tani
5a72c4947813a576	data/tani/pets_tani_ryjsb0_hit02.tani
5abd9ff24908ae5a	data/tani/ts_tani_yingjichangkong_nan_sd01.tani
5acee70c5f8ba4c4	data/tani/pets_tani_xiaohualing_b4_hit02.tani
5ae5abfc08007f2c	data/tani/sl_tani_luohanzhen01.tani
5aecaa052cf90c73	data/tani/pets_tani_lingqi_hit01.tani
5b0171d8c7a4ae7d	data/tani/zhanshi_tani_hs_longyutianque_01.tani
5b04a04fcbd2f2e1	data/tani/anqi_tani_gangmengzhongji_shifa01.tani
5b093cb33d65f75f	data/tani/xy_tani_zhuxianzhen02.tani
5b2b98ea75b3e2fb	data/tani/pets_tani_bingpoxuejingling_b5_idle02.tani
5b303c6634f556a6	data/tani/mj_tani_shuiyanqijun_nan_dg_sd01.tani
5b37590dd54f8d16	data/tani/boss_tani_guansheng_hxz_skill05.tani
5b55b901b1a4fbe5	data/tani/pets_tani_chongsheng01.tani
5b5ff0fed26d80a2	data/tani/pet_tani_xiaohualing_b6_idle02.tani
5b85143952508843	data/tani/pt_tani_luomajian_hit01.tani
5b880c8cb97c408e	data/tani/boss_tani_bupingdaoren_hit01.tani
5b9baf2506de2c3b	data/tani/pets_tani_jianyinghu_b8_idle03.tani
5ba57f55aef44e0f	data/tani/pets_tani_lianyishou_b1_hit02.tani
5beb6162ba8ec90c	data/tani/boss_tani_sss_dcq_hit01.tani
5bfff0e6970c3696	data/tani/boss_tani_liangongta_shifa01.tani
5c10c4f263e38d22	data/tani/pets_tani_lianyishou_b8_idle03.tani
5c30047e775436d3	data/tani/boss_tani_lvbu_skill02.tani
5c4390cb6419af58	data/tani/pets_tani_maomi_b6_idle02.tani
5cb75ff92c1c66b9	data/tani/pet_tani_xiaohualing_b1_idle02.tani
5cd32f4b4c2ac323	data/tani/pets_tani_wuyingxie_b8_hit01.tani
5cf31e20b65f7afc	data/tani/pets_tani_jianyinghu_b3_idle03.tani
5cfc908edeab8823	data/tani/boss_tani_yaohuang_skill09.tani
5d152fdf334124c4	data/tani/pets_tani_wuleihongding_hit01.tani
5d219b57685c45ec	data/tani/gc_tani_ymg01_hyxg_jian_hit01.tani
5d34ef6d2005eb30	data/tani/em_tani_jindingmianzhang_shifa01.tani
5d4bc59fb145a677	data/tani/ts_tani_meihuasannong_nv_dd01.tani
5d6833ed28272bfe	data/tani/pets_tani_lianyishou_b3_idle03.tani
5d848e9eae5515a4	data/tani/boss_zhuobufan_shifa.tani
5d8a1ffb2d4bc5b7	data/tani/dg_tani_j_7x3j_shifa01.tani
5d8f4f7e1923e61d	data/tani/pets_tani_huyaojianjun_b0_hit02.tani
5d98a96da8abe741	data/tani/boss_tani_shuilao_pangtong_hit02.tani
5d9affc61897c874	data/tani/pets_tani_maomi_b1_idle02.tani
5df5d1e9ec263afd	data/tani/pets_tani_tangguotianxin_b9_idle02.tani
5dfb2234cc20660c	data/tani/boss_tani_zhuobufan_wudi_buff01.tani
5dfd7de70ce63474	data/tani/gb_tani_chongzhenzhanjiang_nv_daofu01.tani
5e066257c5774c5b	data/tani/boss_tani_shuilao_jiaxu_hit01.tani
5e0f6e01928c935b	data/tani/gc_tani_ymg01_diao01.tani
5e7d88d3e3cf1f78	data/tani/pets_tani_ryjsb2_hit01.tani
5e8044b671a1ceed	data/tani/monster_tani_qinyun_skill02.tani
5ea44263fd9ad931	data/tani/boss_tani_mofata_zibao.tani
5ed9ab4b1a0edb61	data/tani/pets_tani_xiaohualing_b6_hit01.tani
5efc058521a55943	data/tani/boss_tani_huarong_zzj_xianjin_shifa01.tani
5f0a907972d9034e	data/tani/pets_tani_tuxiaoyao_b5_idle03.tani
5f356f5c9dc5f678	data/tani/wd_tani_zhenwuqijiezhen_shifa01.tani
5f4d40e43bb8c42f	data/tani/pets_tani_tangguotianxin_b4_idle02.tani
5f7e9929cf878e9e	data/tani/boss_tani_linchong_shifa04.tani
5fb043946451681b	data/tani/pets_tani_lianyishou_b3_hit01.tani
5fb2adcfa66c43c6	data/tani/pets_tani_mofamifeng_b3_hit02.tani
5fceda8907ede31a	data/tani/w1351_skill_anqi_wufushidu_hit01.tani
60065fcee916e2f3	data/tani/boss_tani_sss_dcq_pg_shifa01.tani
6033650baa394141	data/tani/boss_tani_wangyan_ljf_yj.tani
604dd38125ffc180	data/tani/ts_tani_yannanfei_nv_dd01.tani
6061ff74645e2487	data/tani/pets_tani_tuxiaoyao_b0_idle03.tani
60869e3fd10d1144	data/tani/boss_tani_liqiushui_shifa05.tani
608799558246f3f9	data/tani/boss_tani_npc_qiaofeng_yjdg_shifa01.tani
60a7283a755e6d63	data/tani/gb_tani_chongzhenzhanjiang01.tani
60bc9db8c79294f1	data/tani/xy_tani_yuntifengshen_nan.tani
613eb7ce6f84ddf3	data/tani/gb_tani_feilongzaitian_hit01.tani
6155652791b6a33d	data/tani/gb_tani_panlongji_nan_cq01.tani
61588c769dbea05a	data/tani/em_tani_xingshizourou.tani
617d586a64b5b3a8	data/tani/gb_tani_bangdagoutou_hit01.tani
61da3995677dc99f	data/tani/xy_tani_xiaoxiangyeyu_nv_shifa01.tani
61e858b46c7018dd	data/tani/boss_tani_npc_zhongling_ldcd_hit01.tani
620c42c7861a9bde	data/tani/tl_tani_zhengyangshou_hit01.tani
62371b8cd192575c	data/tani/boss_tani_shenlongluanwu_hit01.tani
627bbbc5cccc6079	data/tani/pets_tani_dujiaozhanju_b1_hit01.tani
62814ea62f314751	data/tani/pt_tani_neijingongji_hit01.tani
62a57994a90cef74	data/tani/mj_tani_lidaitaojiang_shifa01.tani
62b49f5a58769217	data/tani/gc_tani_ymg01_hyrfs_attack02.tani
62d402fc679d03ce	data/tani/boss_tani_lvbu_hit02.tani
62d4b8b5d7ccfc71	data/tani/boss_tani_mozunchonglou01_skill06_yujing.tani
62e3ae593345a0d8	data/tani/sl_tani_jingangbuhuaiti_shifa01.tani
632961481502ad83	data/tani/gc_tani_ymg01_xinduanyu_jn01.tani
632e514c8bdb9297	data/tani/zhanshi_tani_hs_jinruiningguangdao_01.tani
6334a2c3977a85b3	data/tani/zhanshi_tani_hs_chongloushuangren_01.tani
6364047872910adf	data/tani/gb_tani_kanglongyouhui01.tani
63804df037c790ed	data/tani/pets_tani_jinyubaobao_b0_hit02.tani
63844b7b13b46586	data/tani/boss_tani_pangtong_hit02.tani
638aa0c1068ad418	data/tani/dg_tani_1x3j_milehushen_shifa01.tani
63bd720ea3b03f95	data/tani/pets_tani_mofamifeng_b5_hit01.tani
63c01ca4f3c70935	data/tani/boss_tani_npc_zhendigongji_shifa01.tani
645610d9c2421bf4	data/tani/boss_tani_liqiushui_daoguang06.tani
648eff90bf1b8ed7	data/tani/boss_tani_murongfu_behit01.tani
64acf253edef85d6	data/tani/pets_tani_xiaohualing_b0_skill01.tani
64fed320dccebcc0	data/tani/zhanshi_tani_yunzhouyin_nan_1mw_idle02.tani
6514b21ce0b54b12	data/tani/boss_tani_npc_wangyuyan_fgpz_shifa02.tani
654b4c8af91b6d34	data/tani/dg_tani_y_7x3j_shifa01.tani
6582f760a2dee4b7	data/tani/xy_tani_taohuazhen_xuli01.tani
6588c6530a9a67e5	data/tani/boss_tani_murongfu_mrjf_skill05.tani
65a169d1169bfc5b	data/tani/boss_tani_sss_xys_skill03_shifa01.tani
65b9be6f66d3da91	data/tani/boss_tani_zs_lg_kuangleitianlao_xuli01.tani
65e3fdcbfea2efdf	data/tani/pets_tani_wuyingxie_b7_hit02.tani
65e59e2cac2f2372	data/tani/boss_tani_zhouyu_skill01_harm01.tani
65f738775d16d9bc	data/tani/mr_tani_nan_liufoyi_danduan01.tani
65fd4d2165861a32	data/tani/pt_tani_waigonghuti_shifa01.tani
66243dbe943360e9	data/tani/boss_tani_huogui_skill09_yujing.tani
66974e6e4691e85b	data/tani/ts_tani_yannanfei_nan_dd01.tani
66ed5ae7f2340999	data/tani/boss_tani_npc_azhu_skill01_shifa01.tani
66ff8c87543ae8ce	data/tani/gb_tani_qianlihengxing_nan_shan01.tani
67572adb39a43e59	data/tani/pets_tani_jingtian_b1_hit01.tani
678b122f2a46fb08	data/tani/pets_tani_jinyubaobao_b2_hit01.tani
678bb76676c397d3	data/tani/anqi_tani_yingsui_shifa01.tani
678e575397153050	data/tani/pets_tani_ryjsb1_hit02.tani
67adb116ec4fd314	data/tani/zhanshi_tani_yunzhouyin_nan_1mm_idle02.tani
67b2fa6a75f7854e	data/tani/pets_tani_xiaomuling_b8_idle03.tani
67d9d1358ec0c683	data/tani/wd_tani_lanquewei_hit01.tani
67ea79cbb6d4ad2b	data/tani/pets_tani_xiaohualing_b5_hit02.tani
67fc7b78eec38b92	data/tani/boss_tani_pangqi_hit01.tani
6820628e248ca41f	data/tani/anqi_tani_zuoqi_yuexiaxun_wm_idle02_01.tani
6842223eb6c203b6	data/tani/tl_tani_yiyangzhi.tani
68735cc0035bffb3	data/tani/boss_tani_duanyanqing_skill01_shifa01.tani
68b22af7306ac643	data/tani/boss_tani_npc_murongfu_xwz_shifa01.tani
68c1121493f7da49	data/tani/pets_tani_lianyishou_b2_hit02.tani
68cad5285853532d	data/tani/gb_tani_qinglongchushui_df_nv_shifa01.tani
68f1d2521399a0b5	data/tani/sl_tani_fuhuquan_nan_dd01.tani
690a6965cec27458	data/tani/pets_tani_xiaomuling_b3_idle03.tani
69405985b2afd5cd	data/tani/boss_tani_npc_azi_skill03_shifa01.tani
69752c1c7422df19	data/tani/boss_tani_qmz_dhq_hit01.tani
698c74cdbeb8c0e2	data/tani/w1351_skill_anqi_tianhuoliaoyuan_hit01.tani
69b8805b687431f0	data/tani/boss_tani_huogui_skill09.tani
69bbecd6eb7db8ff	data/tani/anqi_tani_leitingmengji_shifa01.tani
6a4801d6788298c1	data/tani/pets_tani_jinyubaobao_b5_idle02.tani
6a4b9bf457d53012	data/tani/tl_tani_zhidianjiangshan.tani
6a5ea3388af13978	data/tani/gb_tani_panlongji_nv_shan01.tani
6a6c5f4f6accf6e2	data/tani/sl_tani_fuhuquan_nv_cq01.tani
6aff32024e8e9296	data/tani/mj_tani_jinzhanguaji_hit01.tani
6b0228a33ca45eb7	data/tani/boss_tani_yaomo_shifa01.tani
6b5a8a7ce2f77bd9	data/tani/xx_tani_bingcanduzhang_hit01.tani
6b7d376cdc10b996	data/tani/boss_tani_lspt_gr_ll_yj01.tani
6b8c8a4523668d23	data/tani/pets_tani_dujiaozhanju_b0_hit02.tani
6b991b92e9e34df3	data/tani/pets_tani_ryjsb3_hit01.tani
6b9f70d1a4113e82	data/tani/pets_tani_jinyubaobao_b0_idle02.tani
6bc13a13286a7a78	data/tani/boss_tani_wusong_zaiti_shifa01.tani
6be1f35577d32106	data/tani/pt_tani_chujiyindun_shifa01.tani
6bf53e0af053eda5	data/tani/pets_tani_xiaohualing_b7_hit01.tani
6c2f778f3c4dc306	data/tani/boss_tani_ls_toushiche_shifa02.tani
6c74382eca50afcc	data/tani/mj_tani_nan_cj_jt01.tani
6ca8ba110e6f6bf1	data/tani/boss_tani_heiyiren015_skill05.tani
6cbdf594c1101cca	data/tani/boss_tani_yls_zd_shifa02.tani
6ccaada40e9a964f	data/tani/pet_tani_xiaomuling_b4_skill01.tani
6ccbd6532403bf98	data/tani/pets_tani_lianyishou_b4_hit01.tani
6cce408e539f1e7b	data/tani/pets_tani_mofamifeng_b4_hit02.tani
6cfa7e448d594178	data/tani/boss_tani_songjiang_shifa03.tani
6d2ba5d3be062b36	data/tani/pets_tani_ryjsb4_skill01.tani
6daedb8645214fb5	data/tani/boss_tani_hongjiyaowang_yujing01.tani
6e27f7c244ae29d1	data/tani/pets_tani_dujiaozhanju_b6_idle02.tani
6e31b3da31461077	data/tani/cizhui_tani_qingtianpili_shifa01.tani
6e4c2289ba75fd67	data/tani/gb_tani_zhenjingbaili_dd_shifa01.tani
6e71d0f619b1d7a8	data/tani/ts_tani_meihuasannong_nan_huan01.tani
6e9406966cfe125d	data/tani/boss_tani_daobaifeng_skill02_zchpd01.tani
6ed0e89ad8ab9cbb	data/tani/boss_tani_xs_caijiwu_shifa01.tani
6ed95ce6b55fd11f	data/tani/mj_tani_shuiyanqijun_nan_dg_qb01.tani
6ef804d3a595ddf4	data/tani/mj_tani_xuezhanbafang_nan_dg_huan_shifa01.tani
6f403128593f4813	data/tani/boss_tani_ygqh_pugong_hit01.tani
6f7f66bdd175e163	data/tani/pets_tani_dujiaozhanju_b1_idle02.tani
6f8e82a2a275ee25	data/tani/tl_tani_baibuchuanyang01.tani
6f974e84f3d14ad6	data/tani/pets_tani_dujiaozhanju_b2_hit01.tani
6fa5f4ca43573b64	data/tani/anqi_tani_suhui_shifa01.tani
6fb6e3389eebfcc2	data/tani/boss_tani_npc_lieyanlianyu_hit01.tani
6fd89b4b7d9f8f78	data/tani/boss_tani_wangyan_ljf_shifa01_02.tani
7000250060673a21	data/tani/boss_tani_huatuo_skill03.tani
7067f95b19e972cb	data/tani/pets_tani_jingtian_b0_hit02.tani
707343c9f0657ed6	data/tani/boss_tani_dingchunqiu_pg_shifa01.tani
709be0af8ca56122	data/tani/pets_tani_jinyubaobao_b1_hit02.tani
70b32a90b29589b1	data/tani/pt_tani_chujizhiliao_shifa01.tani
70be71c25b0fc2b0	data/tani/zhuluzhizhan_tani_zhanche_zhuque.tani
70d904cd5fea26f3	data/tani/pets_tani_mofamifeng_b6_hit01.tani
70e57eff73fe089a	data/tani/boss_tani_banshandaoren_gbdzs01.tani
70fccae224fcd045	data/tani/pets_tani_yuansukonglong_b6_idle02.tani
711421f56fb03e68	data/tani/gb_tani_shenlongbaiwei01.tani
71167337aceae8be	data/tani/boss_tani_pangqi_skill04.tani
712a81bcca7abb69	data/tani/boss_tani_luzhishen_shifa01.tani
714b3849e3af999e	data/tani/w1351_skill_anqi_roushetuji_hit01.tani
7157fa297baddfde	data/tani/pets_tani_bingpoxuejingling_b5_idle03.tani
715a30d1429d4c3b	data/tani/w1351_skill_boss_huarong_tlz_leiji.tani
716f3db84b60bca8	data/tani/anqi_tani_tianleihongding_shifa01.tani
718849e65897fa8e	data/tani/boss_tani_ghyx_bingjingyizhi_hit01.tani
718c10db409520f7	data/tani/boss_tani_sss_zhuangjuxian_skill01_jingangpomozhou01.tani
718c523d963227c1	data/tani/pet_tani_xiaohualing_b6_idle03.tani
71b46dcbbf6abefa	data/tani/boss_tani_bupingdaoren_hit02.tani
71b49d873cca95b7	data/tani/boss_tani_tjqs_kanmen_shifa01.tani
71f3ae3d03ebea5b	data/tani/w1351_skill_anqi_lieyanzhuoshen_hit01.tani
7215c0b20de7dfa4	data/tani/boss_tani_xiejianling_skill03.tani
7228ee118ef0c638	data/tani/boss_tani_rumenghuanxiang_shifa01.tani
72307f0a07142a7f	data/tani/anqi_tani_youlingjisi_xuli_v1.tani
725439dd038cee59	data/tani/pets_tani_yuansukonglong_b1_idle02.tani
72581203f3c6766b	data/tani/zhanshi_tani_hs_jueshijianying_nv.tani
725f3954f771e077	data/tani/boss_tani_machao_skill02.tani
7269f8920631770b	data/tani/pets_tani_wuseshenniu_b0_hit01.tani
726ff20a6e4896f4	data/tani/pets_tani_maomi_b6_idle03.tani
72da57d7bf9882bd	data/tani/boss_tani_dingchunqiu_skill02_shifa01.tani
72e3c138c7094cd8	data/tani/pet_tani_xiaohualing_b1_idle03.tani
72ff908a97f24a65	data/tani/pets_tani_wuyingxie_b8_hit02.tani
7310f55a9e9b4912	data/tani/sijuezhuang_tani_chongjibo_lan.tani
731deb28ca68e551	data/tani/boss_tani_npc_new_muwanqing_rfsb_hit01.tani
731e6fc7ea030eac	data/tani/boss_tani_xiejianling_skill05_zhaohuan.tani
731f51335b47d52a	data/tani/pets_tani_ryjsb6_idle02.tani
7325381994306b29	data/tani/monster_tani_qingying_skill01.tani
73419a71ffdf05bf	data/tani/pt_tani_chujizhiliao_xuli01.tani
734dfc9698397e48	data/tani/gc_tani_ymg01_hyxg_jian_hit02.tani
7358555e224dd049	data/tani/zhuzhan_tani_npc_youtanzhi_hit01.tani
73a41bdedd2cd5f9	data/tani/boss_tani_hadaba_tongkushifang_shifa01.tani
73c761051814fbb3	data/tani/pets_tani_maomi_b1_idle03.tani
7410117dac0ae8f3	data/tani/xx_tani_lanshashou_shifa01.tani
741857898a5d94b7	data/tani/tl_tani_jhxx_jdm_zaiti_shifa01.tani
74223328ee417708	data/tani/pets_tani_tangguotianxin_b9_idle03.tani
7422473641f63f66	data/tani/boss_tani_npc_kangmin_qlhx_skill02.tani
7432c396c1a83db9	data/tani/boss_tani_shuilao_jiaxu_hit02.tani
7472bd9aad8abcba	data/tani/pets_tani_jingtian_b2_hit01.tani
7476c02ec842453a	data/tani/pets_tani_ryjsb1_idle02.tani
74a1dec471cc82d8	data/tani/mj_tani_nufachongguan_nan_shifa01.tani
74a6a4ee97a60a8d	data/tani/pets_tani_jinyubaobao_b3_hit01.tani
74a9ea12f116c40d	data/tani/pets_tani_ryjsb2_hit02.tani
74aca5f56f03e044	data/tani/monster_tani_qinyun_skill03.tani
74f442b400b094ee	data/tani/pets_tani_mofamifeng_b5_idle02.tani
75060c8a84925f77	data/tani/pets_tani_xiaohualing_b6_hit02.tani
7509145683923ab0	data/tani/tl_tani_shangyangjian.tani
750cbf22d83393f9	data/tani/xt_tani_shengji_zhujie_01.tani
752158cc5ce9340b	data/tani/gb_tani_qianlihengxing_nv_huan01.tani
7579a22371aa8eb1	data/tani/pets_tani_tangguotianxin_b4_idle03.tani
75aafa68c0534339	data/tani/boss_tani_linchong_shifa05.tani
75dca4d37ab9a950	data/tani/pets_tani_lianyishou_b3_hit02.tani
7614a807af7468f5	data/tani/dg_tani_y_5x2j_shifa01.tani
762a17cc64ecf8f7	data/tani/gb_tani_qinglongchushui_sd_shifa01.tani
764bb1af16eb5919	data/tani/pets_tani_mofamifeng_b0_idle02.tani
7674822fe8b2177b	data/tani/boss_tani_shuifeitouling_shifa01.tani
76b2ff7e4a8a90e9	data/tani/boss_tani_liqiushui_shifa06.tani
772943108e40d98e	data/tani/boss_tani_xuhuanpo_shafa01.tani
7763daf51ed49633	data/tani/ui_tani_baoxiang_lan.tani
77799d69bef706ee	data/tani/xx_tani_xieweizhen_hit01.tani
77b827dc7c1281e6	data/tani/gb_tani_zhenjingbaili_df_nv_shifa01.tani
77f5e464a9117c38	data/tani/pets_tani_jianyinghu_b0_hit01.tani
77fb6b4c1ab3bff2	data/tani/dg_tani_nan_y_2x1j_2_shifa01.tani
7814b9f3007cd93a	data/tani/boss_tani_npc_zhongling_ldcd_hit02.tani
7850f004f9e4bd21	data/tani/boss_tani_npc_xz_yncs_hit01.tani
785403a5989d3b11	data/tani/boss_tani_huogui_skill10.tani
786ae0fd86acfdf1	data/tani/boss_tani_qinming_hit01.tani
78a81d04ce828ae7	data/tani/pets_tani_dujiaozhanju_b1_hit02.tani
78b4ae512a87c866	data/tani/pets_tani_ryjsb4_hit01.tani
78dde36707e401a6	data/tani/w1351_skill_boss_lingzhijiuzhuan_xuli01.tani
78e730e5e888cd6e	data/tani/pets_tani_jianyinghu_b7_idle02.tani
78ebf587131a978f	data/tani/gb_tani_zhenjingbaili_shan_shifa01.tani
7910d0c925b540e6	data/tani/pets_tani_xiaohualing_b8_hit01.tani
795c46b2d9c4970d	data/tani/pets_tani_lianyishou_b7_idle02.tani
79956ce87b290024	data/tani/boss_tani_banshandaoren_gbdcs01.tani
79b45a30c094e286	data/tani/boss_tani_wjg_yzh_shifa01.tani
79e7691296a112e8	data/tani/pets_tani_lianyishou_b5_hit01.tani
79e9d34dac516c7a	data/tani/pets_tani_mofamifeng_b5_hit02.tani
79f7b2fd9fa8e474	data/tani/boss_tani_sss_mrf_pg_shifa01.tani
7a002e4c41e52523	data/tani/anqi_tani_nan1_yuexiaxun_mm_idle02_01.tani
7a00de561d201840	data/tani/boss_tani_luzhishen_gyzlyy_xuli01.tani
7a3b9cd74ae11bc4	data/tani/gb_tani_qinglongchushui_sd_nv_shifa01.tani
7a3e9fe00ccd7240	data/tani/pets_tani_jianyinghu_b2_idle02.tani
7a510b63bd055329	data/tani/gb_tani_qinglongshi01.tani
7a60d17264c0cf1e	data/tani/gb_tani_zhenjingbaili01.tani
7a8dbf6c20c10b4f	data/tani/boss_tani_mozunchonglou01_skill03_xuli.tani
7ab3b5ad645b7709	data/tani/pets_tani_lianyishou_b2_idle02.tani
7af3cd00ec8b9276	data/tani/pt_tani_hit01.tani
7b09b7848b42688a	data/tani/pets_tani_xiaohualing_hit01.tani
7b1e9ccd3ee3b367	data/tani/boss_tani_sss_jmz_skill02_shifa01.tani
7b2d730188553331	data/tani/ts_tani_tiandimingmie01.tani
7bb3243360bcf809	data/tani/wd_tani_xianrenzhilu_hit01.tani
7bb93cf927b0415d	data/tani/boss_tani_zhiliaota_shifa01.tani
7bca15a845307c43	data/tani/boss_tani_xinmobixian_shifa01.tani
7bcc00c2dcaf12e6	data/tani/boss_tani_npc_bingtianxuedi_xuli01.tani
7be53f6c2806455f	data/tani/boss_tani_bx_kaqii_shifa01.tani
7be76813ae0a87ed	data/tani/wd_tani_tianwaifeixian_shifa01.tani
7bf9df2a2f113ecc	data/tani/gc_tani_ymg01_mache01.tani
7c4d002be67f9edf	data/tani/gb_tani_chongzhenzhanjiang_nan_shan01.tani
7c542ec0ffd10d94	data/tani/ts_tani_jinzhanguaji_hit01.tani
7c5612390e650a73	data/tani/pets_tani_tuxiaoyao_b4_idle02.tani
7c7828d4ec1b3549	data/tani/boss_tani_sss_bc2_skill01_shifa01.tani
7c99cad034d88d52	data/tani/boss_tani_wjg_dqy_yyz_shifa01.tani
7cb2e1430e6b7164	data/tani/pets_tani_dujiaozhanju_b3_hit01.tani
7cd5f52d69277e5a	data/tani/pets_tani_tianleizhou_hit01.tani
7ce7d8a4930adb2b	data/tani/pets_tani_bingtianxuedi_hit01.tani
7d502d1bf5c6697b	data/tani/boss_tani_fhgc_mtyb_shifa01.tani
7d7e31d1055a6438	data/tani/monster_tani_maobi_skill01.tani
7d838c1a49f36878	data/tani/pets_tani_jingtian_b1_hit02.tani
7d8a8cbf3791755e	data/tani/xx_tani_tanxiaoziruo.tani
7db7736e2b4a19c3	data/tani/pets_tani_jinyubaobao_b2_hit02.tani
7dc3727921ab56bc	data/tani/mj_tani_huoshenxiafan_shifa01.tani
7dcac1988e517be1	data/tani/anqi_tani_hanbingchuanci_shifa01.tani
7df4978c2c60d4a0	data/tani/pets_tani_mofamifeng_b7_hit01.tani
7e3054d6517099de	data/tani/xy_tani_luoyingjian.tani
7e51f1c56f489e38	data/tani/gc_tani_ymg01_jt_hyrdg01.tani
7e5d9e16b56330d3	data/tani/sl_tani_jiashafumogong_shifa01.tani
7eb5caa87420417d	data/tani/boss_tani_npc_new_jiumozhi_jgbht_skill03.tani
7ecc66baa892097a	data/tani/boss_tani_yaoxing_behit01.tani
7ee735c9f2176951	data/tani/gb_tani_panlongji_nv_sd01.tani
7eebd0f23dfd6f06	data/tani/zhanshi_tani_sz_longyinjiuxiao_01.tani
7f30cd5e1e481002	data/tani/ts_tani_yihuajiemu_hit01.tani
7f5d1c1bfe278ee2	data/tani/boss_tani_ls_hxw_zdgj_yj01.tani
7ff50c310831c680	data/tani/zhenshoufuti_tani_xianjian03_chiyan01.tani
801283a6ebc28801	data/tani/pet_tani_xiaomuling_b0_hit01.tani
802c38272ebd5fba	data/tani/boss_tani_wusong_shifa05.tani
80331fdda49396d4	data/tani/boss_zhuobufan_shifa01.tani
807463154aa6366a	data/tani/pets_tani_jinyubaobao_b5_idle03.tani
80848de6dac2da14	data/tani/pets_tani_yuansukonglong_b0_hit01.tani
80875e858b2a131a	data/tani/boss_tani_wulaoda_duqixuli01.tani
80a0ac81f1510d3d	data/tani/monster_tani_qinlingbianfu_hit02.tani
80a1235385b43b21	data/tani/boss_tani_sss_xys_skill01_shifa01.tani
80c6976efa24c3f3	data/tani/gc_tani_wjg_yuelaosan_wq_cjb01.tani
80ea37b9d0e408a6	data/tani/boss_tani_gc_ymg01_xys_shifa02.tani
80ef188b75197a78	data/tani/xy_tani_luoshentu01.tani
81174832dfd5fb7a	data/tani/boss_tani_npc_murongfu_yrsms_shifa01.tani
8145a441347112a4	data/tani/boss_tani_jiaolongluanwu_shifa01.tani
8159140684c2cf20	data/tani/gc_tani_ymg01_hyrdg_at01.tani
816741a8cbfb9e94	data/tani/ts_tani_yannanfei_nv_daofu01.tani
817da157571fec46	data/tani/ts_tani_meihuasannong01.tani
818e50590d724bdd	data/tani/pets_tani_jingtian_b3_hit01.tani
819280ecbc80c61a	data/tani/pt_tani_dazuo_shifa01.tani
81c237adde75cb30	data/tani/pets_tani_jinyubaobao_b4_hit01.tani
81c57cd1c4960f25	data/tani/pets_tani_ryjsb3_hit02.tani
81cbd210404b652f	data/tani/pets_tani_jinyubaobao_b0_idle03.tani
81d6bacf89926aa1	data/tani/tl_tani_jinyumantang.tani
81ead68aad35f66f	data/tani/wd_tani_yunvchuansuo_shifa01.tani
8201c6e112239960	data/tani/boss_tani_huogui_hit01.tani
8206ac3346f17d2d	data/tani/anqi_tani_grdz_chengsan_nan01.tani
8214c192532f7f14	data/tani/boss_tani_liqinglu_hit01_shifa01.tani
82219f49ccd976f4	data/tani/pets_tani_xiaohualing_b7_hit02.tani
82380172ddf4b916	data/tani/boss_tani_npc_wangyuyan_qxpsz_shifa01.tani
825f2ef79eda6ea9	data/tani/pets_tani_erlangzhenjun_b0_hit01.tani
829394f98d2488a0	data/tani/tl_tani_jingyingchenbi_hit01.tani
82cc9f15d3b0c066	data/tani/w1351_skill_anqi_tianleihongding_hit01.tani
82d51b5002a935df	data/tani/boss_tani_heiyiren015_skill06.tani
82dc8d0da4a0e319	data/tani/boss_tani_dingchunqiu_skill03_juhesan01.tani
82f837921a610363	data/tani/pets_tani_lianyishou_b4_hit02.tani
83086d952ac05032	data/tani/mj_tani_shuishenxiafan.tani
830b0b92eb537133	data/tani/mj_tani_cuixinzhang_hit01.tani
8326df838fde0acc	data/tani/boss_tani_songjiang_shifa04.tani
83336e364348b6ab	data/tani/gc_tani_ymg_sceneeditor_nv_klyh01.tani
8358fd6b1926f5c6	data/tani/boss_tani_fhgc_lssj_baozha01.tani
83dd353b9bc924b9	data/tani/gb_tani_qinglongchushui_shan_shifa01.tani
83fb951a6bb4af03	data/tani/boss_tani_gongsunsheng_hit03.tani
841d6d619a956912	data/tani/boss_tani_lsh_hxw_skill10_1_xuli01.tani
84208bfa2d86ffc6	data/tani/hyr_tani_diaochanbaiyue01.tani
8440130729ab3a12	data/tani/boss_tani_npc_azi_skill01_shifa01.tani
845459014694d2c6	data/tani/pets_tani_dujiaozhanju_b6_idle03.tani
848088b711490840	data/tani/sl_tani_nv_cj_jt01.tani
848d6632602f9021	data/tani/ty_tani_other_keju_shifa01.tani
849e015e1d5f4a6d	data/tani/boss_tani_xuzhu_hit01.tani
84af09a6e5207e52	data/tani/pets_tani_hanbingzhou_hit01.tani
84d185b2da891c79	data/tani/boss_tani_zhaoyun_hit01.tani
84de74c12f5d6922	data/tani/boss_tani_ygqh_kuangleitianlao_xuli01.tani
84e160a322d347a0	data/tani/gb_tani_feilongzaitian.tani
84fe7c2a47167a0c	data/tani/pets_tani_xiaomuling_b7_idle02.tani
85117723366a6f5f	data/tani/pets_tani_jianyinghu_b1_hit01.tani
85179a2f48d42902	data/tani/boss_tani_xs_hjyw_skill07_shifa01.tani
8536902533f845ff	data/tani/boss_tani_pmf_zhuobufan_skill04.tani
85400472036ed604	data/tani/zhenshoufuti_tani_shuilong_03_huanhai.tani
856559ff24681e67	data/tani/boss_tani_wangyan_ljf_shifa02.tani
85933f1af925ed28	data/tani/boss_tani_jiuqin_hit01.tani
859ee1eb6bb5837d	data/tani/pets_tani_xueduwanli_hit01.tani
85a494e78db4cea8	data/tani/boss_tani_lspt_duliezhan_yujing01.tani
85abc7fc4c0a8692	data/tani/pets_tani_dujiaozhanju_b1_idle03.tani
85c3afc316adfa25	data/tani/pets_tani_dujiaozhanju_b2_hit02.tani
85d04110dcbcd9db	data/tani/pets_tani_ryjsb5_hit01.tani
8607538e8cfb6c5e	data/tani/pvp_tani_baihu_shifa01.tani
862de90ce03aaf35	data/tani/pets_tani_xiaohualing_b7_skill01.tani
8655eb25ad73d836	data/tani/pets_tani_xiaomuling_b2_idle02.tani
8686693a103d2ca8	data/tani/pets_tani_hanbingzhou01.tani
86c2d254c9675bac	data/tani/gc_tani_ymg01_jt03_zj01.tani
86c4feabfada5914	data/tani/xx_tani_shuidun_shifa01.tani
86d5a21922163e10	data/tani/ts_tani_heiyirenqiang_skill01.tani
86db6e11f7829b19	data/tani/pets_tani_erlangzhenjun_b6_idle02.tani
86e381f5b44d3370	data/tani/boss_tani_gaojiqiaoda_shifa01.tani
86ea20352cda1f0f	data/tani/zhanshi_tani_sz_mengduqingyuan_nan.tani
8702fbd135ce1129	data/tani/pets_tani_lianyishou_b6_hit01.tani
8705660c439f0b4a	data/tani/pets_tani_mofamifeng_b6_hit02.tani
871b2449261a6f1f	data/tani/sl_tani_mingjingtai_shifa01.tani
87292c213692bcf2	data/tani/pets_tani_yuansukonglong_b6_idle03.tani
872a97dfe6f471f9	data/tani/boss_tani_yaomo_hit01.tani
873148fd50069e2d	data/tani/pvp_tani_xuanwu_shifa01.tani
873ca0493af3d44d	data/tani/xy_tani_dinghaishenzhen01.tani
8756e2fb21e11e2e	data/tani/boss_tani_luzhishen_shifa02.tani
8770c0963cc03f88	data/tani/dg_tani_t_6x1j2_shifa01.tani
878caaf62492c2e3	data/tani/boss_tani_lieyanlianyu_hit01.tani
87c5e0abf78cbf6d	data/tani/sijuezhuang_tani_chongjibo_zong.tani
87ca6726cecea752	data/tani/pet_tani_xiaomuling_b2_skill01.tani
87f806b1cc439029	data/tani/anqi_tani_cimianzhihun_shifa01.tani
882b5f557b25a4e6	data/tani/pets_tani_ryjsb2_skill01.tani
8832dd0c2d092539	data/tani/pets_tani_erlangzhenjun_b1_idle02.tani
88540715252f288f	data/tani/boss_tani_wjg_yen_shifa01.tani
886e3404616218eb	data/tani/dg_tani_y_2x2j_shifa01.tani
88809b1c6d433317	data/tani/pets_tani_yuansukonglong_b1_idle03.tani
888b9a93cee1ab9e	data/tani/boss_tani_machao_skill03.tani
889659d137b9cc22	data/tani/pets_tani_wuseshenniu_b0_hit02.tani
88ae1dfd4246d2d8	data/tani/boss_tani_liqiushui_skill05.tani
88d29660a7cd03e8	data/tani/zhuzhan_tani_npc_youtanzhi_skill01.tani
8928ef8bfc871fab	data/tani/gb_tani_zhenjingbaili_sd_nv_shifa01.tani
892c78bd3e3ad4af	data/tani/w1351_skill_boss_jiumozhi_dhq_baozha.tani
894bb2722a232fe4	data/tani/pets_tani_ryjsb6_idle03.tani
894e544a3dbb08c9	data/tani/monster_tani_qinyun_idle05.tani
8957eea965fbd0f5	data/tani/boss_tani_xsh_hjyw_skill02.tani
89ce74021501f449	data/tani/pets_tani_dujiaozhanju_b4_hit01.tani
89fa88fd0adf50d2	data/tani/boss_tani_lvbu_skilll03.tani
8a3c72bcab4fccb3	data/tani/xx_tani_lanshashou_shifa02.tani
8a8d50bfc582e15b	data/tani/xy_tani_xishanxinglv_hit01.tani
8a9f1ed9fa06b8c4	data/tani/pets_tani_jingtian_b2_hit02.tani
8aa3216df2fa07c3	data/tani/pets_tani_ryjsb1_idle03.tani
8ac03e9e90e71735	data/tani/ts_tani_xuehualiuchu_nv_df01.tani
8ad3062d7a4ca788	data/tani/pets_tani_jinyubaobao_b3_hit02.tani
8ad9073465d8511f	data/tani/monster_tani_qinyun_skill04.tani
8ae0979cce4716f8	data/tani/boss_tani_shuilao_zhouyu_hit01.tani
8af2cd3bd2086b7d	data/tani/wd_tani_zhenwuqijiezhen_nan_dd01.tani
8af60c3d72cd8f39	data/tani/xy_tani_huadiweilao_nan.tani
8af8cb7d79cc7d44	data/tani/boss_tani_sss_zjx_skill01_shifa01.tani
8b00705ee687830d	data/tani/gb_tani_panlongji_hit01.tani
8b102a4b66cb1df6	data/tani/pets_tani_mofamifeng_b8_hit01.tani
8b20a3f307f5d5ec	data/tani/pets_tani_mofamifeng_b5_idle03.tani
8b4ad2b44ffe952b	data/tani/pets_tani_xuruo01.tani
8b50c5e0cda51af5	data/tani/pt_tani_chujizhiliao01.tani
8b587e2d75bcb567	data/tani/w1351_skill_anqi_juduwenyi_hit01.tani
8b742d469159bb13	data/tani/boss_tani_tjqs_naomao_shifa01.tani
8b92932e99531075	data/tani/pets_tani_minghuozhou_hit01.tani
8bb59c165bfca052	data/tani/gc_tani_ymg01_hyrfs_skill01.tani
8bbb8c7442aaf05c	data/tani/pets_tani_huanyingzhiling_b0_hit01.tani
8bce155590f8be22	data/tani/ui_tani_baoxiang_cheng.tani
8be9e48176059fa5	data/tani/boss_tani_sl_hfqx_shifa01.tani
8c249c206a180acf	data/tani/gc_tani_ymg01_hyrdg_skill01.tani
8c42795d6a403f8b	data/tani/boss_tani_xinmurongfu_hit02.tani
8c5a75693f6a9d17	data/tani/pets_tani_jingtian_b4_idle03.tani
8c7812ee180e5fd6	data/tani/pets_tani_mofamifeng_b0_idle03.tani
8ca0e36e004bdff7	data/tani/boss_tani_shuifeitouling_shifa02.tani
8cab33fde7482cc2	data/tani/mj_tani_shuiyanqijun_nan_dg_huan01.tani
8cce153c47b3be98	data/tani/boss_tani_huogui_huomingzhaopu01.tani
8cdf60bdd5d5e672	data/tani/boss_tani_liqiushui_shifa07.tani
8d2e16653429f3c7	data/tani/pet_tani_xiaomuling_b1_hit01.tani
8d4c0ceeaf86ec25	data/tani/pets_tani_bingpoxuejingling_b9_idle02.tani
8d8469a31bb23d11	data/tani/boss_tani_sss_mrf_skill02_shifa01.tani
8d96e25f3f68e7f9	data/tani/boss_tani_ls_gr_jqfb_shifa01.tani
8d9757e5f6b8b2d1	data/tani/tong_tani_jinzhanguaji_nv_shan01.tani
8d9b857030c45ca1	data/tani/gb_tani_kongheshi01.tani
8da020a5e0438ed3	data/tani/pets_tani_yuansukonglong_b1_hit01.tani
8db9bcfa92cda896	data/tani/boss_tani_songjiang_xuli02.tani
8dd14560203c2b98	data/tani/sl_tani_cihangpudu_hit01.tani
8e213d161efbd33a	data/tani/pt_tani_ranshaoxianjing_xuli01.tani
8e2245a315edd9be	data/tani/pets_tani_jianyinghu_b0_hit02.tani
8e8064e4751a135d	data/tani/boss_tani_huogui_skill11.tani
8e84198ea94a6880	data/tani/boss_tani_xiejianling_suiqihuanbao01.tani
8ea9e3189359695f	data/tani/pets_tani_jingtian_b4_hit01.tani
8ed5e51c9fa26ff5	data/tani/boss_tani_jiaolongchushui_shifa01.tani
8eddca6cae7c1a81	data/tani/pets_tani_jinyubaobao_b5_hit01.tani
8ee10f90fb9c8f3f	data/tani/pets_tani_ryjsb4_hit02.tani
8ee8ac5652ce4d4a	data/tani/wd_tani_qixingjushou_shifa01.tani
8f139224e2ba201c	data/tani/pets_tani_jianyinghu_b7_idle03.tani
8f30ee09ad3dc703	data/tani/mr_tani_tanyingqujiang01.tani
8f3504c325784203	data/tani/ts_tani_meihuasannong_hit01.tani
8f3d3208e4228198	data/tani/pets_tani_xiaohualing_b8_hit02.tani
8f7ac1b6602f42b5	data/tani/pets_tani_erlangzhenjun_b1_hit01.tani
8f88a7f1d3387a40	data/tani/pets_tani_lianyishou_b7_idle03.tani
8fbb73ca42d66105	data/tani/pets_tani_maomi_b5_idle02.tani
9013ca51b085dee0	data/tani/pets_tani_lianyishou_b5_hit02.tani
9024143c9b1e5f97	data/tani/boss_tani_sss_mrf_pg_shifa02.tani
902f42f8fb49cfad	data/tani/pet_tani_xiaohualing_b0_idle02.tani
905a8214bc6122a8	data/tani/boss_tani_bd_sl_hfnq_shifa01.tani
906b011f0abddec9	data/tani/pets_tani_jianyinghu_b2_idle03.tani
906e676cc8926372	data/tani/boss_tani_npc_new_muwanqing_rfsb_shifa01.tani
907d6ca2d0e9a05a	data/tani/gb_tani_qinglongshi02.tani
90b4be48ae810870	data/tani/boss_tani_npc_xz_yncs_shifa01.tani
90c6144a260da543	data/tani/tl_tani_shaozejian.tani
90e016ec5d49f65d	data/tani/pets_tani_lianyishou_b2_idle03.tani
90f3b304305170f8	data/tani/boss_tani_mutongbo_gaojidaji_shifa01.tani
90f9798fbe3a77e1	data/tani/w1351_skill_boss_linchong_ice_shifa01.tani
90fc038a031514c6	data/tani/mj_tani_wuzhongshengyou_shifa01.tani
9107a4532323260d	data/tani/mr_tani_chongyunyanri01_harm.tani
9112e2c55031118c	data/tani/pets_tani_maomi_b0_idle02.tani
912adb1f0caecf3b	data/tani/monster_tani_minmo_skill01.tani
912d8f3e5ef8c391	data/tani/tl_tani_pojianshi01.tani
913085290021eece	data/tani/xy_tani_bubushenghua01.tani
913618c3b2818e26	data/tani/pets_tani_xiaohualing_hit02.tani
913bacde78a47f03	data/tani/monster_tani_taoqing_hit01.tani
91447ed581b47749	data/tani/yujing_yuan_hong_3.tani
916a9ca2e0fbdb9b	data/tani/boss_tani_ls_gr_ll_shifa01.tani
916db4e89f718f30	data/tani/pets_tani_tangguotianxin_b8_idle02.tani
9178584d1fc614d0	data/tani/wd_tani_yourenyouyu_shifa01.tani
9211a0ab21e8c58f	data/tani/boss_tani_bx_kaqii_shifa02.tani
922d09e2a4a2e9e2	data/tani/pets_tani_jianyinghu_b2_hit01.tani
925b42bb02d40439	data/tani/gc_tani_ymg01_xuzhu_jn01.tani
925bd2bc31d0a6f7	data/tani/mj_tani_xuezhanbafang_nan_dg_sd_shifa01.tani
925d81036f6ef4b3	data/tani/zhanshi_tani_sz_bingwenqingyuan_nan_01.tani
9272e79edad2bfb0	data/tani/boss_tani_yaomo_xuli01.tani
9277cfeec651121c	data/tani/gb_tani_jianlongzaitian01.tani
9282737885c146bd	data/tani/pets_tani_tuxiaoyao_b4_idle03.tani
92ac42689150fef5	data/tani/boss_tani_ls_gr_ll_yj01.tani
92c47c2f09a9860d	data/tani/gb_tani_panlongji_nv_daofu01.tani
92c523e31902fd36	data/tani/pets_tani_tangguotianxin_b3_idle02.tani
92df42829851bddd	data/tani/pets_tani_dujiaozhanju_b3_hit02.tani
92ebd3cfef54aedf	data/tani/pets_tani_ryjsb6_hit01.tani
930d0af7f6ba3e38	data/tani/xx_tani_mudun_xuli01.tani
932da74ac2fe3a0c	data/tani/boss_tani_zs_lg_xiuluozhou_shifa01.tani
93323d618d81a9a9	data/tani/boss_tani_ls_gr_jl_xuli01.tani
935749b1d8223a7a	data/tani/xy_tani_yuntifengshen_nv.tani
93798e973a30c9eb	data/tani/tong_tani_jinzhanguaji_nan_sd01.tani
93aa93105c05a763	data/tani/monster_tani_maobi_skill02.tani
941e8e90c19b90ca	data/tani/pets_tani_lianyishou_b7_hit01.tani
9420f8cb0e7d9ac4	data/tani/pets_tani_mofamifeng_b7_hit02.tani
945d5d34c5333b92	data/tani/mr_tani_lingshenshi01.tani
9481a3b918c7c7e0	data/tani/boss_tani_wjg_yzh_db_hit01.tani
948282a88f30f684	data/tani/boss_tani_xiejianling_skill04_yujing.tani
9495e8f1483f2bfa	data/tani/ts_tani_hanmeinufang_hit01.tani
949e35646a678e0c	data/tani/boss_tani_zs_lg_gaojibingbao_shifa01.tani
94bcf4e00f9a0721	data/tani/zhenshoufuti_tani_xianjian03_tianqing01.tani
94e2c2a8fc84d80c	data/tani/gb_tani_qinglongchushui_shan_nv_shifa01.tani
94ecd45e2a2582c6	data/tani/boss_tani_npc_qiaofeng_hit01.tani
9524974ebccdd748	data/tani/wd_tani_xiefeishi_shifa01.tani
95315c6c64c0fa87	data/tani/gb_tani_panlongji_nv_cq01.tani
956214113b735c29	data/tani/boss_tani_hadaba_lqcg_yj01.tani
9612258ac44f3b3c	data/tani/em_tani_huxinjue.tani
963ee4e5a0fe2c94	data/tani/pet_tani_xiaomuling_b0_hit02.tani
9641f5c9e78b9309	data/tani/boss_tani_jiaxu_hit01.tani
9647379eb351aace	data/tani/wd_tani_baiheliangchi_shifa01.tani
9693ab8eb367845b	data/tani/boss_tani_npc_xuhuanzhan_shifa01.tani
96b0ef253eaf688e	data/tani/pets_tani_yuansukonglong_b0_hit02.tani
96ea06c1687ac376	data/tani/pets_tani_dujiaozhanju_b5_hit01.tani
970fb920d1b4a94a	data/tani/pets_tani_xuruo_hit01.tani
9710e351cc6a83d6	data/tani/boss_tani_heiyiren015_at01.tani
971b79caa295be18	data/tani/xy_tani_luoshentu02.tani
97857545db37d583	data/tani/gc_tani_ymg01_hyrdg_at02.tani
97bab1985609f507	data/tani/pets_tani_jingtian_b3_hit02.tani
97ee98ecddb65221	data/tani/pets_tani_jinyubaobao_b4_hit02.tani
982e28202e792143	data/tani/boss_tani_huogui_hit02.tani
98330d7247061b22	data/tani/anqi_tani_grdz_chengsan_nan02.tani
98354b3f9a8ef9cc	data/tani/pets_tani_xuebao01.tani
98585dc5f71bef23	data/tani/boss_tani_lingzhijiuzhuan_hit01.tani
985eb6a512955a27	data/tani/boss_tani_songjiang_yaoxingluanzuo_buff.tani.tani
986462b12300573a	data/tani/boss_tani_npc_wangyuyan_qxpsz_shifa02.tani
9867975e15339d03	data/tani/boss_tani_gongsunsheng_shifa03.tani
986e3f337a35d31e	data/tani/mj_tani_nv_cj_jt01.tani
988192c99f6f66b3	data/tani/zhenshoufuti_tani_shuilong_03_huangse.tani
98854bad0a4b3f09	data/tani/zhenshoufuti_tani_qingniao_03_chiyan.tani
988b90369c9b3850	data/tani/pets_tani_erlangzhenjun_b0_hit02.tani
98a5749cd94bca1a	data/tani/mj_tani_shuiyanqijun_hit01.tani
98b6ec6f5af0d84d	data/tani/boss_tani_fhgc_hssj_baozha01.tani
98bae39fc73b3077	data/tani/anqi_tani_grdz_ailian_nv01.tani
98cc5ce66a1d1bae	data/tani/wd_tani_baguazhang_shifa01.tani
98d71f3353c01eed	data/tani/pets_tani_huanyingzhiling_b1_hit01.tani
99193bc12b472aa9	data/tani/pets_tani_tianleizhou01.tani
99376cd1005380ac	data/tani/mj_tani_cuixinzhang_hit02.tani
9981dbcba6a66edc	data/tani/anqi_tani_nv1_yuexiaxun_wm_idle02_01.tani
99855eaaa875ee75	data/tani/boss_tani_fhgc_lssj_baozha02.tani
9a49a92454f5bf6f	data/tani/pet_tani_xiaomuling_b2_hit01.tani
9a5347d836edae46	data/tani/boss_tani_npc_wangyuyan_ynys_hudun01.tani
9a5f149ed00b3cf9	data/tani/zhenshoufuti_tani_xianjian03_binglan01.tani
9a91e5e8ee3aa1a8	data/tani/pt_tani_touzhizhadan_shifa01.tani
9aa791895c5f5ebf	data/tani/ts_tani_yingjichangkong_nan_huan01.tani
9ab232921aba5da2	data/tani/boss_tani_liqinglu_skill03_shifa01.tani
9abbb364be37dc60	data/tani/pets_tani_yuansukonglong_b2_hit01.tani
9aeb2e8cbf312eea	data/tani/w1351_skill_npc_murongfu_skill06_fire_baozha.tani
9afde6f1464763a3	data/tani/boss_tani_zhaoyun_hit02.tani
9b2add6985291422	data/tani/pets_tani_xiaomuling_b7_idle03.tani
9b2dfbfe4938191e	data/tani/gb_tani_bangdagoutou01.tani
9b33e3d0efd938bf	data/tani/ts_tani_meihuasannong_nan_dd01.tani
9b36bdee361e0959	data/tani/mj_tani_huoshaochibi_nan_dg_sd01.tani
9b397ae8a3809771	data/tani/mr_tani_xinjianjiaorong01.tani
9b3a96b32073561d	data/tani/boss_tani_wulaoda_shifa01.tani
9b3dd8623ffcd61b	data/tani/pets_tani_jianyinghu_b1_hit02.tani
9b43fb6eacb094cb	data/tani/boss_tani_xs_hjyw_skill07_shifa02.tani
9b62f16478d9434d	data/tani/boss_tani_pmf_zhuobufan_skill05.tani
9b78e96e860978fe	data/tani/boss_tani_yushijufen_hit01.tani
9bb8c97daac9030e	data/tani/w1351_tain_cj_youxijinru.tani
9bc575d76ee7e6f4	data/tani/pets_tani_jingtian_b5_hit01.tani
9bddabc641a8c88f	data/tani/xy_tani_kunyuebeiming_hit01.tani
9bf95d2b0442438e	data/tani/pets_tani_jinyubaobao_b6_hit01.tani
9bfca24fb0433d9c	data/tani/pets_tani_ryjsb5_hit02.tani
9bfdf689f73d290d	data/tani/ts_tani_jinchantuoqiao01.tani
9c630730ef38dcab	data/tani/anqi_tani_fengshen_kuosan01.tani
9c7bf7927840c140	data/tani/boss_tani_npc_wangyuyan_dcby_shifa01.tani
9c824c64bf8367f6	data/tani/pets_tani_xiaomuling_b2_idle03.tani
9c965475d6911896	data/tani/pets_tani_erlangzhenjun_b2_hit01.tani
9ca2cdf471647079	data/tani/sl_tani_dljgz_nan_dd01.tani
9cf020d92af19faf	data/tani/mj_tani_zuodiqiuquan_shifa01.tani
9d0fe3340491ab73	data/tani/boss_tani_gaojiqiaoda_shifa02.tani
9d2f5d108f596488	data/tani/pets_tani_lianyishou_b6_hit02.tani
9d38e11873545c67	data/tani/ts_tani_fengwujiutian_hit01.tani
9d69018804afdaee	data/tani/xy_tani_dinghaishenzhen02.tani
9d83443a27a1c107	data/tani/boss_tani_luzhishen_shifa03.tani
9d97c2a8f4beffb0	data/tani/boss_tani_lspt_hxw_swnh_yj01.tani
9da0d8d2eb595b2b	data/tani/boss_tani_xuanleizhou_shifa01.tani
9da92e8f2a7ea547	data/tani/ts_tani_xuehualiuchu_nan_dd01.tani
9dbfe4d5a0d33c54	data/tani/pets_tani_jinyubaobao_b4_idle02.tani
9dc46dc7b49290fa	data/tani/boss_tani_fenhunguiwei_hit02.tani
9e494a4f0428da08	data/tani/zhenshoufuti_tani_shuilong_03_binglan.tani
9e60f12d217ab1eb	data/tani/mr_tani_jingxinguanyue01.tani
9e9837f137c89929	data/tani/ts_tani_nv_cj_jt01.tani
9eaeb89cd824034e	data/tani/pets_tani_dandanji_xiaojiu_hit01.tani
9eb4222b2b3dc54d	data/tani/boss_tani_wjg_dqy_shifa01.tani
9eefe90fad7db2a2	data/tani/wd_tani_tianmafeipu_hit01.tani
9efef79faa271765	data/tani/zhuzhan_tani_npc_youtanzhi_skill02.tani
9f1c4228ef645b5c	data/tani/anqi_tani_mieshibafang_shifa01.tani
9f489ca1aa0f35b3	data/tani/pets_tani_jianyinghu_b3_hit01.tani
9f494c43d0b2d172	data/tani/mj_tani_nufachongguan_nv_shifa01.tani
9f5e502c96b38507	data/tani/zhanshi_tani_sz_bingwenqingyuan_nv_01.tani
9f7742bbd3a4d595	data/tani/gb_tani_qinglongchushui_df_shifa01.tani
9f8184e1e748e011	data/tani/xx_tani_duchangong_buff01.tani
9fa89cc009e63e47	data/tani/xx_tani_bingcanduzhang_shifa01.tani
9fad4625d1d27887	data/tani/pt_tani_chujiyindun01.tani
9fae2b73bcb95727	data/tani/w1351_skill_anqi_hanbingchuanci_hit01.tani
9fb2295c6c46d685	data/tani/sl_tani_mohewuliang_nan_shifa01.tani
9fb6c3ec1431d251	data/tani/ts_tani_yannanfei_nan_shan01.tani
9fea5ff65ce5c99b	data/tani/hyr_tani_baguazhang_shifa01.tani
9ff6dae919fabe43	data/tani/pets_tani_longkui_b0_hit01.tani
9ffad54106dfe860	data/tani/pets_tani_dujiaozhanju_b4_hit02.tani
a007668ef4310dd4	data/tani/pets_tani_ryjsb7_hit01.tani
a01842ab9ed09882	data/tani/anqi_tani_kuangleitianjiang_shifa01.tani
a01c9e7844adbca0	data/tani/sl_tani_fuhuquan_nan_huan01.tani
a028d74e60d74aab	data/tani/jt_tani_gc_mrf_jt01.tani
a04ec5398cc9c50e	data/tani/pvp_tani_xuanwu_hit01.tani
a09c311c233ba077	data/tani/tl_tani_zhengyangshou.tani
a0c99698673a2416	data/tani/gb_tani_qianlihengxing_nan_sd01.tani
a0cbc3f5ca29730a	data/tani/boss_tani_fahai_skill01.tani
a0d31844832864d1	data/tani/em_tani_jinzhendujie01.tani
a0f04531afaa27dc	data/tani/pvp_tani_zhujiang_shifa01.tani
a1060c14c362faae	data/tani/anqi_tani_nv_kongbixin01.tani
a10cf8db53baa6bd	data/tani/boss_tani_shuilao_zhouyu_hit02.tani
a112c218ec9dc9f5	data/tani/zhenshoufuti_tani_xianjian03_fenbai01.tani
a1161d5e488ad590	data/tani/boss_tani_ls_hxw_swnh_shifa01.tani
a119472a8fc96f16	data/tani/boss_tani_ghyx_bingjingyizhi_shifa01.tani
a12cd19d43fef0b0	data/tani/gb_tani_panlongji_hit02.tani
a12da28ebb909c48	data/tani/pets_tani_xiaohualing_b5_skill01.tani
a13a214fb300e1ee	data/tani/pets_tani_lianyishou_b8_hit01.tani
a13c8b8a79c31c16	data/tani/pets_tani_mofamifeng_b8_hit02.tani
a15968ebfe05fbd9	data/tani/pets_tani_xianglong_b0_hit01.tani
a15bed34474cf7a6	data/tani/ui_tani_baoxiang_lv.tani
a17d271fcbbe3a25	data/tani/pt_tani_chujizhiliao02.tani
a190a3afca8a2e7e	data/tani/pets_tani_qiangshen_hit01.tani
a197f8969c8797fa	data/tani/boss_tani_sss_jiumozhi_skill05_boruozhang01.tani
a1999c3e02670ae0	data/tani/boss_tani_pangtong_skill01.tani
a19fdac1557a7701	data/tani/pets_tani_dujiaozhanju_b5_idle02.tani
a1e1fd55a54fddb8	data/tani/gc_tani_ymg01_hyrfs_skill02.tani
a1e7edb34c9f61f3	data/tani/pets_tani_huanyingzhiling_b0_hit02.tani
a20cf3c4de586cc9	data/tani/boss_tani_ssfn_xianjin_shifa01.tani
a22f3a17fba2bd8a	data/tani/boss_tani_lsh_yd_hsqj_skill07_2.tani
a24dc65a6e71d37a	data/tani/boss_tani_npc_xinmurongfu_cxz_shifa01.tani
a250fd5f554415b7	data/tani/gc_tani_ymg01_hyrdg_skill02.tani
a2a1b76d82179db8	data/tani/xy_tani_tanzhishengong_hit01.tani
a2ca20a8c3999b91	data/tani/pet_tani_xiaomuling_b0_skill01.tani
a2d7ff7b6ed485fe	data/tani/boss_tani_gaojidaji_shifa02.tani
a2f749bc8bd09de2	data/tani/pets_tani_dujiaozhanju_b0_idle02.tani
a31efd2fdb76d3f8	data/tani/ts_tani_xuehualiuchu_nv_sd01.tani
a32b18d718134f81	data/tani/pets_tani_ryjsb0_skill01.tani
a35a77a40d69706a	data/tani/pet_tani_xiaomuling_b1_hit02.tani
a36f291de14239f5	data/tani/ts_tani_meihuasannong_nv_df01.tani
a3786e2dbae80772	data/tani/pets_tani_bingpoxuejingling_b9_idle03.tani
a390aa0d19fb40f8	data/tani/boss_tani_eling_hit01.tani
a3a058ad85706f31	data/tani/gb_tani_xuenihongzhua01.tani
a3a3c834eb99981e	data/tani/anqi_tani_grdz_chengsan_nv01.tani
a3c3439e5199f1f9	data/tani/boss_tani_ls_gr_jqfb_shifa02.tani
a3c7e6af2b0c0b05	data/tani/gb_tani_kongheshi02.tani
a3cc81e4e5b0c6f9	data/tani/pets_tani_yuansukonglong_b1_hit02.tani
a3e4eab152e40c24	data/tani/boss_tani_zhangjiao_skill01.tani
a3e70a3b457f7899	data/tani/xx_tani_nv_new_lanshashou_shifa01.tani
a3e7aae4feb6ed22	data/tani/boss_tani_wulaoda_duqikuosan01.tani
a40599800ec01773	data/tani/pets_tani_dujiaozhanju_b6_hit01.tani
a4117da257ef5e72	data/tani/wd_tani_baguazhang_hit01.tani
a474ade187357ca2	data/tani/pets_tani_yuansukonglong_b5_idle02.tani
a4acb063b5c0f2a5	data/tani/boss_tani_wjg_yen_yueya_shifa01.tani
a4b07acd05bfd827	data/tani/boss_tani_xiejianling_suiqihuanbao02.tani
a4d644570d997b35	data/tani/pets_tani_jingtian_b4_hit02.tani
a500782b60e95b46	data/tani/mj_tani_xuezhanbafang_nan_dg_shan_shifa01.tani
a503ac0be42ccda2	data/tani/boss_tani_huyanzhuo_shifa01.tani
a50a2bab9300762c	data/tani/pets_tani_jinyubaobao_b5_hit02.tani
a5155e15ce44ae78	data/tani/zhenshoufuti_tani_xianjian03_zilin01.tani
a55da0fca58b3b14	data/tani/pets_tani_xueji01.tani
a56f80ab24464d2e	data/tani/gb_tani_qianlihengjiang_nan01.tani
a5a31b6100af8efd	data/tani/em_tani_chunhuaqiuyue_hit01.tani
a5a722f566bc9b22	data/tani/pets_tani_erlangzhenjun_b1_hit02.tani
a5b7d004e447a54d	data/tani/gb_tani_tianxiawugou_nv01.tani
a5cc1cdcff1bedd9	data/tani/pets_tani_yuansukonglong_b0_idle02.tani
a5d5ef7fc5e9bff3	data/tani/ts_tani_yannanfei_nv_shan01.tani
a5e7d5097edda23e	data/tani/pets_tani_maomi_b5_idle03.tani
a5f2b1f2a2091405	data/tani/pets_tani_huanyingzhiling_b2_hit01.tani
a5f805be61028b49	data/tani/ui_tani_baoxiang_hong.tani
a621ea6a77a1a819	data/tani/ceshi_kong.tani
a65ba437c05e3d5c	data/tani/pet_tani_xiaohualing_b0_idle03.tani
a665bcb790f3f0ae	data/tani/boss_tani_duanyanqing_hdwl01.tani
a66b9e683c7bea4f	data/tani/boss_tani_npc_new_jiumozhi_skill04_shifa01.tani
a68e3c7deb74fd88	data/tani/xx_tani_jingmainixing_shifa01.tani
a6973432c022aefc	data/tani/pets_tani_ryjsb5_idle02.tani
a6dd7b3b2a44f5d5	data/tani/boss_tani_mtx_shifa01.tani
a6f25aef0fd7faa4	data/tani/boss_tani_npc_zhongling_hts_skill02.tani
a72562efe2185e1c	data/tani/boss_tani_xinduanyu_lmsj.tani
a72a0f553caa1c11	data/tani/anqi_tani_grdz_kanshu_nv01.tani
a7332d52f09585a5	data/tani/anqi_tani_grdz_kanshu_nan01.tani
a73f44045084c652	data/tani/pets_tani_maomi_b0_idle03.tani
a7573c5e0efb3559	data/tani/monster_tani_minmo_skill02.tani
a75b89fd879779f5	data/tani/boss_skill_linchong_zaiti_shifa01.tani
a7653be3acef2fe4	data/tani/pet_tani_xiaomuling_b3_hit01.tani
a796fde1e57e6e8b	data/tani/boss_tani_ls_gr_ll_shifa02.tani
a79a16279d7565ce	data/tani/pets_tani_tangguotianxin_b8_idle03.tani
a7a221c7257665cd	data/tani/pets_tani_jinghua01.tani
a7ab10f495e67baf	data/tani/boss_tani_npc_hamadubao_hit01.tani
a7ace6a0106f75ae	data/tani/gb_tani_qianlihengxing_nan_daofu01.tani
a7d7462329081f98	data/tani/pets_tani_yuansukonglong_b3_hit01.tani
a7db5bf420ba76c6	data/tani/boss_tani_huogui_skill10_yujing.tani
a7eea32d698c00ac	data/tani/pets_tani_ryjsb0_idle02.tani
a81ca2ca68aa7e6e	data/tani/mr_tani_nan_liufoyi_huan01.tani
a83168970885dfda	data/tani/pets_tani_mengji01.tani
a8596b218035004e	data/tani/pets_tani_jianyinghu_b2_hit02.tani
a86c25b32c81f16f	data/tani/pets_tani_mofamifeng_b4_idle02.tani
a8e108962405e79b	data/tani/pets_tani_jingtian_b6_hit01.tani
a8f18522ef66b372	data/tani/pets_tani_tangguotianxin_b3_idle03.tani
a906c01876805a0e	data/tani/zhenshoufuti_tani_xianjian03_huangse01.tani
a914efea834e100e	data/tani/pets_tani_jinyubaobao_b7_hit01.tani
a918350e1f41f394	data/tani/pets_tani_ryjsb6_hit02.tani
a9338433017cb6c2	data/tani/boss_tani_npc_murongfu_xwz_hit01.tani
a938a597a8db8794	data/tani/anqi_tani_grdz_wujian_nv01.tani
a98a586002fb625f	data/tani/boss_tani_lspt_gr_ldz_yj01.tani
a98c7dae58fcbeaf	data/tani/tong_tani_jinzhanguaji_nan_huan01.tani
a9b1e73403abb7bc	data/tani/pets_tani_erlangzhenjun_b3_hit01.tani
a9c1de4a7aa4a318	data/tani/em_tani_qingxinpushanzhou1.tani
a9c3b53a21d25cda	data/tani/tong_tani_jinzhanguaji_nan_cq01.tani
a9cdf65260cbbe92	data/tani/boss_tani_mozunchonglou01_skill04_shandian01.tani
a9d503446ae06647	data/tani/ui_tani_baoxiang_bai.tani
aa111c4380a6f5ee	data/tani/xy_tani_bazhentu02_nv.tani
aa3034f15b4fa5fd	data/tani/pt_tani_skill_juhe_shifa01.tani
aa4aefcfd89dbaea	data/tani/pets_tani_lianyishou_b7_hit02.tani
aa5d5a712ea259e6	data/tani/xx_tani_nan_cj_jt01.tani
aa62b5dd8d124bcb	data/tani/boss_tani_gongsunsheng_skill02.tani
aaa5f2ba2f41eaf0	data/tani/mr_tani_nv_liufoyi_daofu01.tani
aaa6ae4e1d7b7e6b	data/tani/boss_tani_npc_wangyuyan_dcby_hit01.tani
ab2b086a123299b3	data/tani/mr_tani_nan_tianzengsuiyue01.tani
ab998696ca6f9cb2	data/tani/boss_tani_yaohuang_skill01.tani
abc2cef87a8fa42c	data/tani/boss_tani_npc_zhongling_ldcd_shifa01.tani
abe8f5e5424c5ef2	data/tani/ts_tani_zhuxianzhen_baozhao01.tani
abf869bf3f142fbc	data/tani/w1351_tani_sjz_qy_idle01_anfu01.tani
ac20bdbd7aaa18f1	data/tani/pets_tani_maomi_b0_hit01.tani
ac23df5d53514874	data/tani/wd_tani_wuxiekeji_shifa01.tani
ac342046cf3801a4	data/tani/ts_tani_xuehualiuchu_nv_huan01.tani
ac46f28cbcb37945	data/tani/pets_tani_shuaiban_hit01.tani
ac5f13e4558a9cdc	data/tani/pets_tani_jianyinghu_b6_idle02.tani
ac642f60eb61db16	data/tani/pets_tani_jianyinghu_b4_hit01.tani
ac68a206fd861cb0	data/tani/boss_tani_yeerniang_shifa01.tani
ac6e5708198bfe2a	data/tani/boss_tani_jiaxu_hit02.tani
ac817e24b863f003	data/tani/boss_tani_linchong_hit05.tani
ac84faa5b44f2db6	data/tani/boss_tani_wusong_shifa07.tani
ac8b20bdde2181d2	data/tani/boss_tani_shuilao_zhangjiao_hit01.tani
ac960d266585aafb	data/tani/boss_tani_sss_bingcan4_skill01_xuli01.tani
acb63d1dd04eac68	data/tani/boss_tani_zhangfei_skill02.tani
acd254417b1396e3	data/tani/boss_tani_wusong_shouji_skill04.tani
acd429b12b0f5af6	data/tani/pets_tani_lianyishou_b6_idle02.tani
acdc9c413c298756	data/tani/xx_tani_bingcanduzhang_xuli01.tani
ad126da8632b6398	data/tani/pets_tani_longkui_b1_hit01.tani
ad166800523171d6	data/tani/pets_tani_dujiaozhanju_b5_hit02.tani
ad22f94da5817357	data/tani/pets_tani_ryjsb8_hit01.tani
ad3d4490cffc3e87	data/tani/boss_tani_heiyiren015_at02.tani
ad4758a461c59ca7	data/tani/gc_tani_ymg_sceneeditor_jn02_flzt01.tani
ad68264d9eee0da1	data/tani/pets_tani_tuxiaoyao_b0_hit01.tani
ad7e77f119112eb9	data/tani/xx_tani_tianditongshou_hit01.tani
adb682df84e054ae	data/tani/pets_tani_jianyinghu_b1_idle02.tani
adcc7a0de0c721d2	data/tani/pets_tani_yazuishou_shengdan_hit01.tani
ae079c3c607d125f	data/tani/gb_tani_chongzhenzhanjiang_nan_sd01.tani
ae0f3f68d35e4c8d	data/tani/pets_tani_xueji_hit01.tani
ae295804671642d0	data/tani/boss_tani_llxb_zblw_shifa01.tani
ae2b98ac30cbf612	data/tani/pets_tani_lianyishou_b1_idle02.tani
ae311ae7f9853f29	data/tani/xy_tani_jingtaohailang.tani
ae3ae011400f726f	data/tani/boss_tani_xinduanyu_hit01.tani
ae5fea112528cb7a	data/tani/gb_tani_chongzhenzhanjiang_nv_sd01.tani
ae74fbaa835cc653	data/tani/pets_tani_xianglong_b1_hit01.tani
ae76863dfb90c55e	data/tani/pets_tani_tuxiaoyao_b8_idle02.tani
aebef9bde390cd71	data/tani/boss_tani_bxtz_neiliwaixie_shifa01.tani
aedfde6e4f54fdd0	data/tani/mj_tani_huoshaochibi_nan_dg_qb01.tani
aee1b1dce854571f	data/tani/pets_tani_bingpoxuejingling_b0_hit02.tani
aee34dae5cc979a6	data/tani/boss_tani_fhgc_hssj_baozha02.tani
aef3afa9b24f5d02	data/tani/boss_tani_hadaba_shifa01.tani
af038072e42970ab	data/tani/pets_tani_huanyingzhiling_b1_hit02.tani
af057cb5d7aa010d	data/tani/ts_tani_shimianmaifu01.tani
afcdf5382754a816	data/tani/pets_tani_tuxiaoyao_b3_idle02.tani
afdb82e09034f601	data/tani/anqi_tani_nutaolianji_shifa01.tani
aff68499acc62807	data/tani/sijuezhuang_tani_chongjibo_hong.tani
b00fa04a93b7b21b	data/tani/boss_tani_npc_xuhuanzhan_hit01.tani
b018a34d787fb992	data/tani/sl_tani_diaohulishan01_shi01.tani
b03f2bf6afb92286	data/tani/boss_tani_ls_gr_ldz01.tani
b061312ba4358cb8	data/tani/pt_tani_ranshaoxianjing_shifa01.tani
b0760a635694dc14	data/tani/pet_tani_xiaomuling_b2_hit02.tani
b0b2ae5c65602447	data/tani/zhenshoufuti_tani_qingniao_03_tianqing.tani
b0e814a3d6fb1999	data/tani/pets_tani_yuansukonglong_b2_hit02.tani
b113fe73211f7e21	data/tani/gb_tani_panlongji_nan_shan01.tani
b1212c3f3949de10	data/tani/pets_tani_dujiaozhanju_b7_hit01.tani
b1269f73856d56b9	data/tani/boss_tani_zhuoshao_shifa01.tani
b132663cf941b73b	data/tani/pt_tani_dazuo01.tani
b165dc27ba4808e3	data/tani/mr_tani_xinjianjiaorong02.tani
b166f7f2f215a37a	data/tani/boss_tani_wulaoda_shifa02.tani
b1a7d47bceb9fabb	data/tani/xx_tani_yusuikungang_hit01.tani
b1a8f0b773f3600b	data/tani/gc_tani_ymg01_jt_dao01.tani
b1b29c3957238c27	data/tani/boss_tani_tjqs_maoquan_shifa01.tani
b1d94cc40fdb17d9	data/tani/boss_tani_jiangshizibao_shifa01.tani
b1f1d71668f3b8a8	data/tani/pets_tani_jingtian_b5_hit02.tani
b225be6a02738861	data/tani/pets_tani_jinyubaobao_b6_hit02.tani
b22a57c8a590424c	data/tani/ts_tani_jinchantuoqiao02.tani
b22bbeb93fdca76b	data/tani/boss_tani_zs_lg_tianfan_shifa01.tani
b28b439f188fcaa2	data/tani/boss_tani_ls_gr_htmd_shifa01.tani
b2a6291b6fcd864d	data/tani/boss_tani_hongxiongwang_dc_yj_01.tani
b2c2b5b4df7fc318	data/tani/pets_tani_erlangzhenjun_b2_hit02.tani
b30e44b18300f810	data/tani/pets_tani_huanyingzhiling_b3_hit01.tani
b32c3b43b98b8338	data/tani/pets_tani_danu01.tani
b35d9adeb0c213a3	data/tani/boss_tani_guansheng_shifa01.tani
b36c57343a08d816	data/tani/boss_tani_fhgc_cssj_baozha01.tani
b3718bb32b92aae2	data/tani/gb_tani_babuganchu.tani
b38be59cd02a8100	data/tani/pets_tani_shipo_hit01.tani
b39615b9cdf509dd	data/tani/yanhua_tani_caiyuangungun_shifa01.tani
b3b476be1dd372c5	data/tani/pets_tani_lianji01.tani
b3c5f9149ae642e7	data/tani/boss_tani_sss_murongbo_skill01_shifa01.tani
b3ec46149790e190	data/tani/pets_tani_jinyubaobao_b4_idle03.tani
b3ff62676ae76b53	data/tani/boss_tani_mozunchonglou01_hit01.tani
b401d29e5375b8a7	data/tani/wd_tani_nan_cj_jt01.tani
b449db8a8dc22641	data/tani/xx_tani_mudun_shifa01.tani
b480cea29b797b77	data/tani/pet_tani_xiaomuling_b4_hit01.tani
b489bb8e61902cda	data/tani/mr_tani_huaqishi01.tani
b49ae46f0954e334	data/tani/boss_tani_xiejianling_skill06.tani
b4db1086084db24e	data/tani/mj_tani_xuezhanbafang_shifa01.tani
b4db19db737cddd5	data/tani/pets_tani_dandanji_xiaojiu_hit02.tani
b4f2d8e2f44b49b6	data/tani/pets_tani_yuansukonglong_b4_hit01.tani
b504d1ff5f8c2eda	data/tani/em_tani_yannianyishou.tani
b506fb5fab49a149	data/tani/pets_tani_mengyinhualing_b0_hit01.tani
b50ed4ea23711cd6	data/tani/xx_tani_huagumianzhang_shifa01.tani
b52b58de567ea5b9	data/tani/zhuzhan_tani_npc_youtanzhi_skill03.tani
b54b479fbd59fe29	data/tani/xy_tani_lingboweibu_nv.tani
b561caf72bae9110	data/tani/wd_tani_xianrenzhilu_shifa01.tani
b574fde042658f96	data/tani/pets_tani_jianyinghu_b3_hit02.tani
b5fc9b5592793780	data/tani/pets_tani_jingtian_b7_hit01.tani
b60333c0fed38ef5	data/tani/boss_tani_zhimingdaji_shifa01.tani
b608d4470b6444bf	data/tani/yanhua_tani_meiguihuayu_shifa01.tani
b6181c798fc272e2	data/tani/mj_tani_jhxx_xuezhanbafang_shifa01.tani
b6233c28ec83a809	data/tani/pets_tani_longkui_b0_hit02.tani
b62c858bfdb80a9d	data/tani/boss_tani_qm_dqzz_yujing01.tani
b63082a9e08fc361	data/tani/pets_tani_jinyubaobao_b8_hit01.tani
b633c7cd6cd14721	data/tani/pets_tani_ryjsb7_hit02.tani
b67d181388cc5167	data/tani/yanhua_tani_feixueliantian_shifa01.tani
b684a582cc367861	data/tani/mj_tani_yanlongwushuang_shifa01.tani
b6a63a75c02993c5	data/tani/pets_tani_yazuishou_shengdan_idle02.tani
b6b7d56782430a35	data/tani/mj_tani_huoyanlianhuanzhan_hit01.tani
b6c81dafab7bd9a9	data/tani/ts_tani_xuehualiuchu_nv_qb01.tani
b6cd79f30035a791	data/tani/pets_tani_erlangzhenjun_b4_hit01.tani
b6e9fb5cc9728b40	data/tani/gb_tani_zhenjingbaili_shan_nv_shifa01.tani
b6f82534c20088bd	data/tani/boss_tani_fahai_skill02.tani
b707d56fe3b35252	data/tani/boss_tani_hjyw_pendu_hit01.tani
b713bd3ba14e3840	data/tani/gb_tani_qianlihengxing_nan_cq01.tani
b71848bcf415fe3f	data/tani/zhenshoufuti_tani_qingniao_03_jinse.tani
b725ac396a722a7b	data/tani/wd_tani_zhenwuqijiezhen_nan_shan01.tani
b7484eee9736a63e	data/tani/boss_tani_npc_murongfu_yrsms_hit01.tani
b766828eaf317041	data/tani/pets_tani_lianyishou_b8_hit02.tani
b785ca2aff901474	data/tani/pets_tani_xianglong_b0_hit02.tani
b789da440c234287	data/tani/monster_tani_qinlingbianfu_skill01.tani
b7a187b4c0328d17	data/tani/boss_tani_paishandaohai_shifa01.tani
b7ba0bfb89ebe5f0	data/tani/boss_tani_huarong_tlz_skill03.tani
b7c5fd7d1b9a9859	data/tani/boss_tani_pangtong_skill02.tani
b7cc3c005f71f2d6	data/tani/pets_tani_dujiaozhanju_b5_idle03.tani
b7e36f9df3b664f0	data/tani/gc_tani_ymg01_sceneeditor01.tani
b7edad85ba2ed183	data/tani/mj_tani_fenghuoliancheng_hit01.tani
b7fab9d840568541	data/tani/boss_tani_huoshaochibi_shifa01.tani
b8557663b9907c47	data/tani/boss_tani_huogui_skill01.tani
b8755d97a6f06111	data/tani/zhanshi_tani_yunzhouyin_nan_2mm_idle02.tani
b8765f292cd2d113	data/tani/pets_tani_xiaomuling_b6_idle02.tani
b87d5e9e23f45580	data/tani/gc_tani_ymg01_hyrdg_skill03.tani
b894826c7129b97a	data/tani/tl_tani_baihongguanri.tani
b90460ba7494e611	data/tani/boss_tani_gaojidaji_shifa03.tani
b91c692d60026e87	data/tani/boss_tani_huangzhong_hit01.tani
b91eb9e09c792154	data/tani/ts_tani_yangguansandie01.tani
b923aafbe4de0ff1	data/tani/pets_tani_dujiaozhanju_b0_idle03.tani
b93c507c03764ae9	data/tani/pets_tani_maomi_b1_hit01.tani
b96be2f6b883aab3	data/tani/zhenshoufuti_tani_xianjian03_jinse01.tani
b97f280c1b70fb86	data/tani/boss_tani_canhezhi_hit01.tani
b97fc21f62726fbf	data/tani/pets_tani_jianyinghu_b5_hit01.tani
b9abfbe6aa13790f	data/tani/mj_tani_douzhuanxingyi_hit01.tani
b9b61b4ac5d01336	data/tani/xy_tani_lingboweibu_nan.tani
b9b7194e02394cea	data/tani/wd_tani_tiangangbeidouzhen_shifa01.tani
b9bd0b4c785c230e	data/tani/boss_tani_eling_hit02.tani
b9cdce24e2a0cbf6	data/tani/pets_tani_xiaomuling_b1_idle02.tani
b9d02973e1f86f3f	data/tani/anqi_tani_grdz_chengsan_nv02.tani
b9efa4dd54a91dea	data/tani/boss_tani_ls_gr_jqfb_shifa03.tani
ba0f10f4cdd1488f	data/tani/boss_tani_sangtugong_shifa02.tani
ba114bf050c190d6	data/tani/boss_tani_zhangjiao_skill02.tani
ba18764f7c5aef82	data/tani/gc_tani_ymg01_redmafei01.tani
ba2e0067f721d1e6	data/tani/pets_tani_longkui_b2_hit01.tani
ba31fabfea84b5e3	data/tani/pets_tani_dujiaozhanju_b6_hit02.tani
ba535110ceb13eb3	data/tani/pets_tani_erlangzhenjun_b5_idle02.tani
ba54a747e9c0e7c4	data/tani/mj_tani_douzhuanxingyi_nan_dg_huan01.tani
ba5ccaf89252462c	data/tani/w1351_skill_anqi_bingfengwanli_hit01.tani
ba67c0681f430c63	data/tani/gb_tani_zhanyishibadie01.tani
ba6801424df5861e	data/tani/mj_tani_xuezhanbafang_hit01.tani
ba76fc3ddc235300	data/tani/gb_tani_qinglongchushui_dd_shifa01.tani
ba83b90c0bd3f661	data/tani/pets_tani_tuxiaoyao_b1_hit01.tani
baa10f20978a1afd	data/tani/pets_tani_yuansukonglong_b5_idle03.tani
bac3696e91e44021	data/tani/sl_tani_tiebushan_xuli01.tani
baca492ffe97cde1	data/tani/wd_tani_liangyijian_hit01.tani
badcdc0c07aa737e	data/tani/boss_tani_xiejianling_suiqihuanbao03.tani
bae1a726521398d4	data/tani/dg_tani_nv_3x4j_canying01.tani
bae3010e3a9c6173	data/tani/boss_tani_npc_xuzhu_ynf_shifa01.tani
baedb5f5404bdb01	data/tani/mr_tani_qidingliuhe01.tani
baff8af0a8db188d	data/tani/gc_tani_ymg01_hyrllq_hit01.tani
bb300d4ac045556c	data/tani/boss_tani_huyanzhuo_shifa02.tani
bb908e69075ab9a1	data/tani/pets_tani_xianglong_b2_hit01.tani
bb9efc856e6b86d5	data/tani/em_tani_chunhuaqiuyue1.tani
bbaac00bc28b2fce	data/tani/pets_tani_erlangzhenjun_b0_idle02.tani
bbb2ee47c165fdb4	data/tani/boss_tani_huogui_tianhuojianglin_zaiti.tani
bbcde7ae3a9deafd	data/tani/ts_tani_meihuasannong_nv_sd01.tani
bbf87e1bbabaf7de	data/tani/pets_tani_yuansukonglong_b0_idle03.tani
bbfac6f988e7f58b	data/tani/dg_tani_j_7x1j_shifa01.tani
bbfd449be5523995	data/tani/pets_tani_bingpoxuejingling_b1_hit02.tani
bc18a38d8513195b	data/tani/ts_tani_xuehualiuchu_nan_shan01.tani
bc1f133116dab2c3	data/tani/pets_tani_huanyingzhiling_b2_hit02.tani
bc2d5c1009b4c882	data/tani/pets_tani_xiaohualing_b3_skill01.tani
bc7b39dd243a7197	data/tani/boss_tani_yd_ddz_pugong01.tani
bcb3421fe1430f00	data/tani/anqi_tani_grdz_xinhuanufang_nv01.tani
bcc39571ca74f5fa	data/tani/pets_tani_ryjsb5_idle03.tani
bd08bc2839b1ee00	data/tani/gb_tani_chongzhenzhanjiang_nv_huan01.tani
bd31e26e2967d157	data/tani/wd_tani_tianmafeipu_xuli01.tani
bd3bc366c15936a2	data/tani/boss_tani_ls_gr_tl_hit01.tani
bd73c2c148cd821e	data/tani/boss_tani_qinming_shifa01.tani
bd839d9d2fad4825	data/tani/monster_tani_minmo_skill03.tani
bd919d22e25f0f68	data/tani/pet_tani_xiaomuling_b3_hit02.tani
bdad9d2cde7d6c92	data/tani/w1351_skill_anqi_gangmengzhongji_hit01.tani
bdd7723366c97037	data/tani/boss_tani_npc_hamadubao_hit02.tani
bde6d791d36b0da9	data/tani/boss_tani_npc_xuzhu_shty_shifa01.tani
be00649bce46372c	data/tani/sl_tani_fuhuquan_nv_shan01.tani
be03a7623716257c	data/tani/pets_tani_yuansukonglong_b3_hit02.tani
be1b046c6a283bc3	data/tani/pets_tani_ryjsb0_idle03.tani
be3cbefec718a7a5	data/tani/pets_tani_dujiaozhanju_b8_hit01.tani
be4a52a1319a99d8	data/tani/boss_tani_hjyw_fuchonggongji_yj01.tani
be6655bcb2b2eb3b	data/tani/gb_tani_qianlihengjiang_nv01.tani
be6dc4a4676f1bd4	data/tani/boss_tani_npc_azhu_skill04_shifa01.tani
be7ae96d06aeed7e	data/tani/pets_tani_jingtian_b8_idle03.tani
be9886f2d309c373	data/tani/pets_tani_mofamifeng_b4_idle03.tani
bec4e63c6357ff84	data/tani/zuoqi_tani_nantianmen_idle02.tani
bec50eecc7667bd0	data/tani/pets_tani_jieli_hit01.tani
becbc74d757dd2a7	data/tani/anqi_tani_nan2_yuexiaxun_mm_idle02_01.tani
becff5909829f45b	data/tani/ts_tani_yannanfei_nv_sd01.tani
bef31e3307cca04e	data/tani/wd_tani_xiefeishi_xuli01.tani
bf0c27902099ac82	data/tani/anqi_tani_grdz_wujian_nan01.tani
bf0d69d532558130	data/tani/pets_tani_jingtian_b6_hit02.tani
bf415129c5444455	data/tani/pets_tani_jinyubaobao_b7_hit02.tani
bfb1e05fdc9ff5cd	data/tani/xy_tani_bubushenghua_baozha01.tani
bfd258685cb6f70d	data/tani/pets_tani_jingtian_b3_idle03.tani
bfde48733613a813	data/tani/pets_tani_erlangzhenjun_b3_hit02.tani
bfedfc1b87b5753e	data/tani/sl_tani_weituochu_shifa01.tani
bfee3f893a517c1a	data/tani/em_tani_qingxinpushanzhou2.tani
c00f952483cf3b42	data/tani/boss_tani_mozunchonglou01_skill06.tani
c01c3854d7fb3282	data/tani/pets_tani_jibingzhou01.tani
c029d770fb42d95c	data/tani/pets_tani_huanyingzhiling_b4_hit01.tani
c05c963051f9fc78	data/tani/pt_tani_skill_juhe_shifa02.tani
c08f171c94f6f70f	data/tani/boss_tani_gongsunsheng_skill03.tani
c08fae884af33b48	data/tani/boss_tani_ls_hxw_fss_shifa01.tani
c0ab58791f355ebb	data/tani/dg_tani_j_4x4j_shifa01.tani
c0c3efedea95d10a	data/tani/pets_tani_bingpoxuejingling_b8_idle02.tani
c0caafd8396b87b0	data/tani/jt_tani_langhuanyudong_001.tani
c0de949385d0440f	data/tani/gb_tani_qianlongwuyong.tani
c0e312a17fc22794	data/tani/mj_tani_douzhuanxingyi_nan_dg_dd01.tani
c11af52602b4d7a9	data/tani/boss_tani_mozunchonglou02_hit01.tani
c19c6161333afcb8	data/tani/pet_tani_xiaomuling_b5_hit01.tani
c1c5e7d5c41ad0f6	data/tani/boss_tani_yaohuang_skill02.tani
c20e6ba183cd7347	data/tani/pets_tani_yuansukonglong_b5_hit01.tani
c244f5bb80d27cf3	data/tani/boss_tani_npc_bingtianxuedi_hit01.tani
c247da865e8d46da	data/tani/monster_tani_yaobodang_hit02.tani
c24d1efc5ec125c4	data/tani/pets_tani_maomi_b0_hit02.tani
c24fb6fc88d64376	data/tani/pet_tani_xiaohualing_b4_idle02.tani
c2574514602ebd5d	data/tani/zhenshoufuti_tani_qingniao_03_fenbai.tani
c27aed2892f18734	data/tani/boss_tani_llxb_zblw_qkyz_hit01.tani
c27d7b51658fc70d	data/tani/zhanshi_tani_hs_qingwuyinchunhuan_nv.tani
c28b7523afbb3430	data/tani/pets_tani_jianyinghu_b6_idle03.tani
c290909f722a7868	data/tani/pets_tani_jianyinghu_b4_hit02.tani
c2985d0a14439348	data/tani/xy_tani_moshouchegngui.tani
c29a7d1860efa86e	data/tani/boss_tani_hongxiongwang_dcgj_yj_01.tani
c2b781fccde083c5	data/tani/boss_tani_shuilao_zhangjiao_hit02.tani
c2def222d9727956	data/tani/gb_tani_qinglongchushui_nan01.tani
c2e29e5cd3766b16	data/tani/boss_tani_zhangfei_skill03.tani
c3008af00b53ffcc	data/tani/pets_tani_lianyishou_b6_idle03.tani
c3182e146fe9cf5a	data/tani/pets_tani_jingtian_b8_hit01.tani
c328dd99249e32ad	data/tani/monster_tani_fodengjiguan_lv01.tani
c33356c9e658b26e	data/tani/pets_tani_maomi_b4_idle02.tani
c33ecee751cc0a9e	data/tani/pets_tani_longkui_b1_hit02.tani
c34f5a8c78e4c421	data/tani/pets_tani_ryjsb8_hit02.tani
c394878cb39059e1	data/tani/pets_tani_tuxiaoyao_b0_hit02.tani
c396022fe84581a1	data/tani/boss_tani_zhangjiao_hit01.tani
c3a6a60595a427b0	data/tani/anqi_tani_zuoqi_yuexiaxun_ww_idle03_01.tani
c3b1d22874875876	data/tani/boss_tani_mozunchonglou02_skill01.tani
c3e2e41e42ba1078	data/tani/pets_tani_jianyinghu_b1_idle03.tani
c3e90cb2748d6817	data/tani/pets_tani_erlangzhenjun_b5_hit01.tani
c3f041cb86c6ec79	data/tani/xx_tani_hanxiaobanbudian_shifa01.tani
c3f29de02bc1064d	data/tani/pets_tani_xuanhaima_b0_hit01.tani
c3f8db4c194ec2a0	data/tani/pets_tani_yazuishou_shengdan_hit02.tani
c44b17617e092037	data/tani/pet_tani_xiaomuling_b7_skill01.tani
c44bb00329a54901	data/tani/xy_tani_bazhentu01.tani
c451c2df497aac51	data/tani/gb_tani_chongzhenzhanjiang_nan_cq01.tani
c457f9eb3ae5b184	data/tani/pets_tani_lianyishou_b1_idle03.tani
c476879fd8d530b7	data/tani/ts_tani_yangchunbaixue01.tani
c4864f4c6e567921	data/tani/boss_tani_ls_gr_bt_hit01.tani
c4a15ce9c246390f	data/tani/pets_tani_xianglong_b1_hit02.tani
c4a2e77c16fb3bd0	data/tani/pets_tani_tuxiaoyao_b8_idle03.tani
c4aa10b4eb1af253	data/tani/gb_tani_chongzhenzhanjiang_nv_cq01.tani
c4ac0f9059084b37	data/tani/pets_tani_ryjsb7_skill01.tani
c4d695d28bd208c1	data/tani/boss_tani_sss_murongbo_qmrh_shifa01.tani
c4e574805c3969ce	data/tani/pets_tani_jieli01.tani
c4e597e7d4aa02b9	data/tani/pets_tani_tangguotianxin_b7_idle02.tani
c519707de08cbee7	data/tani/ts_tani_yannanfei_nan_sd01.tani
c52010e8029e9950	data/tani/boss_tani_hadaba_shifa02.tani
c531ddf430f05ac9	data/tani/ts_tani_shimianmaifu02.tani
c53af6810acec247	data/tani/mr_tani_potianshi01.tani
c554cbeed909ae9c	data/tani/boss_tani_npc_new_jiumozhi_jgfmq_skill01.tani
c59cb14b07933682	data/tani/boss_tani_jiaxu_skill01.tani
c5bd74c1d378816a	data/tani/sl_tani_fuhuquan_hit01.tani
c5eeaa3c42169c84	data/tani/txmp_tani_yannanfei_cq01.tani
c5fa56773f421a43	data/tani/pets_tani_tuxiaoyao_b3_idle03.tani
c5fc31c361f4564c	data/tani/boss_tani_dihou_shifa01.tani
c608cd42246ec79a	data/tani/tong_tani_ymg_xiaoyuanshan_sound.tani
c613c9b9b47e0374	data/tani/em_tani_nan_cj_jt01.tani
c63ae43594395929	data/tani/w1351_skill_boss_lujunyi_cjbo.tani
c63d06e2b7c753aa	data/tani/pets_tani_tangguotianxin_b2_idle02.tani
c64cee91019f380f	data/tani/boss_tani_shaxing_hlh_shifa01.tani
c652d2d99b092213	data/tani/boss_tani_jiumozhi_skill01.tani
c657e33b1239e44c	data/tani/pets_tani_maomi_b2_hit01.tani
c6610744697bf37f	data/tani/boss_tani_guanyu_skill02.tani
c697bb45f76251ba	data/tani/ts_tani_meihuasannong_nv_huan01.tani
c69b54de9e953f1d	data/tani/pets_tani_jianyinghu_b6_hit01.tani
c6dbd17810b93ea3	data/tani/gc_tani_wjg02_dyq01.tani
c6dc5488e52fae56	data/tani/dg_tani_y_5x3j_shifa01.tani
c70dff7877cab51e	data/tani/xy_tani_xishanxinglv_nan.tani
c74993269b81fba7	data/tani/pets_tani_longkui_b3_hit01.tani
c74d8d7e330404e8	data/tani/pets_tani_dujiaozhanju_b7_hit02.tani
c773f46100733948	data/tani/sl_tani_fuhuquan_nan_sd01.tani
c787b18ecf5c2d94	data/tani/boss_tani_smm_xlz_hit01.tani
c7935931f403a319	data/tani/boss_tani_wulaoda_shifa03.tani
c79f4bcbf215c600	data/tani/pets_tani_tuxiaoyao_b2_hit01.tani
c7bfa4795706596a	data/tani/pets_tani_liehuoliaoyuan01.tani
c7d3050495195f0f	data/tani/gb_tani_jinzhanguaji_hit01.tani
c7d66732d52249da	data/tani/boss_tani_xiejianling_hit01.tani
c7dde79b2e38f421	data/tani/anqi_tani_bingfengwanli_shifa01.tani
c818eb49d41f4fb0	data/tani/boss_tani_wangyan_shifa01.tani
c8253e5b15e5f6b0	data/tani/dg_tani_nv_j_4x3j_shifa01.tani
c8ac212876b78802	data/tani/pets_tani_xianglong_b3_hit01.tani
c8b44d20aa2f2367	data/tani/yujing_yuan_huang_5.tani
c8c73e06885c5899	data/tani/boss_tani_xs_wy_shifa01.tani
c8f0a888e19cfb75	data/tani/boss_tani_npc_kangmin_zjbl_skill01.tani
c90049a4240a33fc	data/tani/xy_tani_paishandaohai_hit01.tani
c918d75a306d496c	data/tani/pets_tani_bingpoxuejingling_b2_hit02.tani
c93aa5f083933fc7	data/tani/pets_tani_huanyingzhiling_b3_hit02.tani
c950a17cd4b53eff	data/tani/boss_tani_zhimingdaji_hit01.tani
c950bd550f2268bb	data/tani/boss_tani_tjqs_mengji_shifa01.tani
c957a2e94cdc4abd	data/tani/sl_tani_yipailiangsan_hit01.tani
c98126bcc490bcc3	data/tani/boss_tani_qm_dqzz_shifa01.tani
c998b87334222532	data/tani/boss_tani_fhgc_cssj_baozha02.tani
c9cfbd0fb8600a2c	data/tani/xx_tani_lianzhufushidu_xuli01.tani
c9df3908935fc2f2	data/tani/boss_tani_liqiushui_beimingshengong_shifa01.tani
c9e5f0d7b3e529de	data/tani/zhuzhan_tani_npc_tianshantonglao_skill01.tani
c9f75f99b75c61fb	data/tani/boss_tani_npc_qiaofeng_mhwl_shifa01.tani
ca2bc3a67515d78d	data/tani/boss_tani_mozunchonglou01_hit02.tani
ca3eb735590ab359	data/tani/boss_tani_smm_kltl_hit01.tani
ca59e21a889feae6	data/tani/w1351_tani_sjz_qy_skill03_kuangbao01.tani
ca5bdd2676303ef4	data/tani/gb_tani_qinglongchushui_dd_nv_shifa01.tani
ca6228ba0ea01af0	data/tani/boss_tani_dingchunqiu_skill01_huagongdafa01.tani
ca629f4068f3772b	data/tani/xx_tani_jinshijufen_shifa01.tani
caad2fe12f02f6d0	data/tani/pet_tani_xiaomuling_b4_hit02.tani
cab9a5d58c130d56	data/tani/tl_tani_yiyidailao01.tani
caba669b6ad46d40	data/tani/boss_tani_ls_gr_qmlw_shifa01.tani
cb096fa66d7a798f	data/tani/xy_tani_bazhentu02_nan.tani
cb1f3a21c4392bd0	data/tani/pets_tani_yuansukonglong_b4_hit02.tani
cb335c9ebf1c7080	data/tani/pets_tani_mengyinhualing_b0_hit02.tani
cb3e29ecd85415e0	data/tani/boss_tani_qunmoluanwu_shifa01.tani
cb5b0ce2fb52e91d	data/tani/pets_tani_shenyou01.tani
cbb76202aa93ec4a	data/tani/boss_tani_youlingjisi_shifa01.tani
cbc2b20f8028e194	data/tani/boss_tani_mtx_move01.tani
cc28fc9491350913	data/tani/pets_tani_jingtian_b7_hit02.tani
cc2c1fba264fb01a	data/tani/boss_tani_shouyuta_shifa01.tani
cc4fe25f05071178	data/tani/gc_tani_ymg01_jt03_xysez01.tani
cc58e6cad4abbf68	data/tani/boss_tani_qm_dqzz_yujing02.tani
cc5ce3e825b04e59	data/tani/pets_tani_jinyubaobao_b8_hit02.tani
ccd29bb4c0189f9a	data/tani/pets_tani_yazuishou_shengdan_idle03.tani
ccf99e33bfba3965	data/tani/boss_tani_hjyw_pendu_shifa01.tani
ccf9db321a5fe8a7	data/tani/pets_tani_erlangzhenjun_b4_hit02.tani
cd1403bcd86d7c45	data/tani/boss_tani_huogui_skill07_yujing.tani
cd248673c8026198	data/tani/boss_tani_fahai_skill03.tani
cd2a4b92057f68db	data/tani/em_tani_huitianshu.tani
cd456a2f9b81791b	data/tani/pets_tani_huanyingzhiling_b5_hit01.tani
cd74b02de78a87e8	data/tani/boss_tani_npc_murongfu_yrsms_hit02.tani
cd7624fb9985bbac	data/tani/pt_tani_ranshaoxianjing01.tani
cd90498635492de3	data/tani/tl_tani_jiequanshi01.tani
cd982ec5e4825d1a	data/tani/boss_tani_npc_xiaoshi01.tani
cdad3671f7b8ba06	data/tani/mj_tani_changshengshui_shifa01.tani
cdbac4859907b449	data/tani/boss_tani_hyym_huitianmiedi_yujing01.tani
cdcbce124e7d0a69	data/tani/mj_tani_chunyangwuji_shifa01.tani
cde3726477b8656d	data/tani/boss_tani_npc_zhongling_qshs_shifa01.tani
cde66d3a8793e97a	data/tani/boss_tani_huarong_tlz_skill04.tani
cdf25ebce44aeae8	data/tani/boss_tani_pangtong_skill03.tani
cdf6d383dd102eab	data/tani/w1351_skill_anqi_mieshibafang_hit01.tani
ce29a05e555fba0e	data/tani/boss_tani_huoyandao_shifa01.tani
ce3abfd35c9040e0	data/tani/gc_tani_ymg01_hyrfs_skill04.tani
ce40cd4caa10eee4	data/tani/wd_tani_liuxingganyue_xuli01.tani
ce4e090919604477	data/tani/anqi_tani_fugu_shifa01.tani
ce6b72b7f14d073a	data/tani/boss_tani_huogui_skill02_yujing.tani
ce75c48b64b2cc63	data/tani/pet_tani_shouhunfuti_01.tani
ce784faaac45ff14	data/tani/sl_tani_nan_cj_jt01.tani
ce81d7a2b3a95ac3	data/tani/boss_tani_huogui_skill02.tani
ce8efdac3fc96ab0	data/tani/anqi_tani_wufushidu_shifa01.tani
cea2c06832b1e9f8	data/tani/pets_tani_xiaomuling_b6_idle03.tani
cea9bfdd723e24c2	data/tani/gc_tani_ymg01_hyrdg_skill04.tani
ceb7f42098aa4250	data/tani/pet_tani_xiaomuling_b6_hit01.tani
cf29fe60953157c8	data/tani/pets_tani_yuansukonglong_b6_hit01.tani
cf68b1bb4954ea62	data/tani/pets_tani_maomi_b1_hit02.tani
cf6e1d7aee40ed7f	data/tani/boss_tani_ls_yd_bj_shifa01.tani
cf77082e6c91f764	data/tani/ts_tani_meihuasannong_nv_qb01.tani
cf7a354827c44030	data/tani/boss_tani_guansheng_ztj_skill04.tani
cfaa68739130678a	data/tani/pets_tani_wuleihongding01.tani
cfac235e7af3aac6	data/tani/pets_tani_jianyinghu_b5_hit02.tani
cfcaaf50b271a5da	data/tani/boss_tani_mozunchonglou01_skill05_huduxuli.tani
cfe058d96b213469	data/tani/pets_tani_jinyubaobao_b8_idle02.tani
cffa2f63ed83d216	data/tani/pets_tani_xiaomuling_b1_idle03.tani
d03b7233b358ddc6	data/tani/boss_tani_sangtugong_shifa03.tani
d03dad2f6776cf32	data/tani/boss_tani_zhangjiao_skill03.tani
d044a549b257012a	data/tani/dg_tani_nan_j_pugong_shifa01.tani
d04d838f0897eefb	data/tani/boss_tani_eling_skill01.tani
d05a61a6f551028d	data/tani/pets_tani_longkui_b2_hit02.tani
d0a0c22454db0033	data/tani/mj_tani_huoshaochibi_hit01.tani
d0b01a4b4bccf4bf	data/tani/pets_tani_tuxiaoyao_b1_hit02.tani
d1049f713a375f5e	data/tani/pets_tani_erlangzhenjun_b6_hit01.tani
d10e309f55196fef	data/tani/pets_tani_xuanhaima_b1_hit01.tani
d112e76e20acf95b	data/tani/boss_tani_sss_murongfu_skill04_luojianshi_yujing.tani
d11ecfdb46c71740	data/tani/boss_tani_shaxing_sm_shifa01.tani
d12078aa3ffb8796	data/tani/boss_tani_shixue_shifa01.tani
d12bec2fd0736bd9	data/tani/gc_tani_ymg01_hyrllq_hit02.tani
d137c7d4ab9e7d9f	data/tani/pets_tani_jinyubaobao_b3_idle02.tani
d174b3f6e553e172	data/tani/dg_tani_j_2x3j_shifa01.tani
d1bcefa8c441e521	data/tani/pets_tani_xianglong_b2_hit02.tani
d1ec10996721dd0d	data/tani/zhuluzhizhan_tani_zhanche_baihu.tani
d21151f4f23f2787	data/tani/ts_tani_zhemeishi01.tani
d21c894a9bac2dfd	data/tani/gb_tani_qianlihengxing_hit01.tani
d24e515d837c8434	data/tani/boss_tani_llxb_zblw_xlz_shifa01.tani
d24ffcf93abd463d	data/tani/boss_tani_smm_kltl_shifa01.tani
d254e805e72b44f0	data/tani/cizhui_tani_huwei_skill02_shifa01.tani
d269444332094006	data/tani/zhanshi_tani_hs_sanjianliangrendao_01.tani
d284dbab21519e40	data/tani/sl_tani_mohewuliang_nv_shifa01.tani
d2a7d1b5efc6e226	data/tani/xy_tani_dinghaishenzhen_hit01.tani
d2e101e0a92e8a74	data/tani/xy_tani_zhuxianzhen_hit01.tani
d3055875dff1e1bd	data/tani/tl_tani_xianmeijizou01.tani
d340380f3154b4dc	data/tani/tl_tani_sanyangkaitai01_jiguang.tani
d35e43ade2fbb354	data/tani/wd_tani_tianmafeipu_xuli02.tani
d36824a5c80b4184	data/tani/boss_tani_ls_gr_tl_hit02.tani
d37375faf20bb228	data/tani/pets_tani_maomi_b3_hit01.tani
d399cc6a99c4651a	data/tani/pets_tani_shiduzhou01.tani
d3a024001db53f61	data/tani/boss_tani_qinming_shifa02.tani
d3a065de95a0d69e	data/tani/boss_tani_sss_bc_skill01_shifa01.tani
d3affedc49dc1185	data/tani/monster_tani_minmo_skill04.tani
d3b6e79d928aa40d	data/tani/pets_tani_jianyinghu_b7_hit01.tani
d4008743aeda6694	data/tani/w1351_skill_anqi_juejingsansha_hit01.tani
d404e76f32e447ac	data/tani/xy_tani_bazhentu_hit01.tani
d4106869e96cec2f	data/tani/gc_tani_ymg_sceneeditor_jn02_slqs01.tani
d428887b80729367	data/tani/ts_tani_yannanfei_nan_daofu01.tani
d4301685bd2bbb1c	data/tani/gb_tani_qinglongchushui_nv01.tani
d46525e54bee23da	data/tani/pets_tani_longkui_b4_hit01.tani
d469203df988b05d	data/tani/pets_tani_dujiaozhanju_b8_hit02.tani
d4748f4f915692d4	data/tani/wd_tani_tianwaifeixian_hit01.tani
d4794cb5ebc4d7bc	data/tani/xx_tani_wugongzhen_shifa01.tani
d49e14410b4a6bcf	data/tani/pets_tani_ningshen_hit01.tani
d4bade8aea3b221c	data/tani/pets_tani_tuxiaoyao_b3_hit01.tani
d4db1b3d11b7a360	data/tani/boss_tani_npc_xz_qxjs_shifa01.tani
d517bdc08181b9c5	data/tani/pets_tani_dujiaozhanju_b4_idle02.tani
d51a1c33f1da58a5	data/tani/ts_tani_yannanfei_nv_cq01.tani
d53b239e30a6ca17	data/tani/pets_tani_yihun_hit01.tani
d584a4f494168b62	data/tani/gb_tani_qinglongchushui_cq_nv_shifa01.tani
d59ac84e691ad88c	data/tani/ts_tani_meihuasannong_nan_shan01.tani
d5ae45160480a1b9	data/tani/boss_tani_mengmianeseng_shifa01.tani
d5bd9693f62a30de	data/tani/boss_tani_sj_yxzl_shifa01.tani
d5c7b3e7e2e4685c	data/tani/pets_tani_xianglong_b4_hit01.tani
d5cbc899d0668ee7	data/tani/pets_tani_lingqi01.tani
d5d13521e824f4c5	data/tani/w1351_skil_boss_qm_dqz_shifa01.tani
d628bff81d9b4877	data/tani/em_tani_qisihuisheng01.tani
d6346a193cd208e1	data/tani/pets_tani_bingpoxuejingling_b3_hit02.tani
d63bf66385d9bb75	data/tani/boss_tani_mozunchonglou01_skill07.tani
d6464eada3fd5a71	data/tani/sl_tani_yipailiangsan_shifa01.tani
d654c637b34cb5f0	data/tani/tl_tani_zhengqihaoran.tani
d65638aff783e515	data/tani/pets_tani_huanyingzhiling_b4_hit02.tani
d6a8b72d9f84569c	data/tani/mj_tani_xuezhanbafang_nan_dg_dd_shifa01.tani
d6bc0fc72951eeee	data/tani/boss_tani_ls_hxw_fss_shifa02.tani
d6d7b9b8e56b0a35	data/tani/dg_tani_j_4x4j_shifa02.tani
d6ec5ea48b9ce4cf	data/tani/boss_tani_sss_zjx_pg_shifa01.tani
d6f0512cf16954cf	data/tani/pets_tani_bingpoxuejingling_b8_idle03.tani
d72d159228905f41	data/tani/pets_tani_xiaohualing_b1_skill01.tani
d74756659c1ef2cb	data/tani/boss_tani_mozunchonglou02_hit02.tani
d75163231cd3c090	data/tani/boss_tani_huogui_skill04_chongfeng01.tani
d765586b21476f96	data/tani/gc_tani_ymg01_sceneeditor01_jn01.tani
d7a5b0055f53567c	data/tani/dg_tani_y_3x2j_shifa01.tani
d7ad81b9033e3e9d	data/tani/boss_tani_shaxing_msdz_shifa01.tani
d7c8c2a036f8c4d8	data/tani/pet_tani_xiaomuling_b5_hit02.tani
d7ec90e0e79f2e98	data/tani/pets_tani_yuansukonglong_b4_idle02.tani
d7f24914d6157b48	data/tani/boss_tani_yaohuang_skill03.tani
d7f5efd316b63178	data/tani/gb_tani_lvshuangbingzhi01.tani
d8136bc3bd006467	data/tani/boss_tani_hanbingzhou_shifa01.tani
d8218d10ba15b4e9	data/tani/boss_tani_sss_xys_skill04_shifa01.tani
d82e936b298c62f6	data/tani/monster_tani_qingying_idle02.tani
d83acce09d5a64e4	data/tani/pets_tani_yuansukonglong_b5_hit02.tani
d86053329923c5b8	data/tani/tl_tani_xueyonglanguan_hit01.tani
d8620ffaa3d2bc29	data/tani/anqi_tani_zuoqi_yuexiaxun_mw_idle02_01.tani
d87c183b0d459699	data/tani/pet_tani_xiaohualing_b4_idle03.tani
d8918942438c6e60	data/tani/boss_tani_hyym_huitianmiedi_shifa01.tani
d8a21ad3a121f8c0	data/tani/sl_tani_tiebushan_shifa01.tani
d8c6de5719e3c16d	data/tani/boss_tani_hongxiongwang_dcgj_yj_02.tani
d8c783539e775932	data/tani/boss_tani_kuangleitianlao_shifa02.tani
d8d7484a0a6a2a00	data/tani/pvp_tani_baihu_hit01.tani
d919416ffb2633ef	data/tani/xy_tani_nv_cj_jt01.tani
d9448f531c1d40e0	data/tani/pets_tani_jingtian_b8_hit02.tani
d9492fda884fc3ef	data/tani/gb_tani_zhenjingbaili_dd_nv_shifa01.tani
d95ce2ab029c23b9	data/tani/boss_tani_sss_murongfu_skill04_luojianshi.tani
d95fb808e5ecfbe6	data/tani/pets_tani_maomi_b4_idle03.tani
d96d7e26d95915b8	data/tani/boss_tani_npc_azhu_skill02_shifa01.tani
d96febdfc899dbf2	data/tani/boss_tani_xsh_hjyw_skill08_b01.tani
d9c2636ec75fa680	data/tani/boss_tani_zhangjiao_hit02.tani
d9de3367c6953df9	data/tani/boss_tani_mozunchonglou02_skill02.tani
da0f1731dfd2b726	data/tani/pets_tani_ryjsb4_idle02.tani
da156df10d51b2eb	data/tani/pets_tani_erlangzhenjun_b5_hit02.tani
da16f02ae0f2221c	data/tani/xy_tani_dafengge02_nan.tani
da1a8a5f1546f499	data/tani/txmp_tani_yannanfei_daofu01.tani
da1eff1f2a6008a1	data/tani/pets_tani_xuanhaima_b0_hit02.tani
da236956ce232197	data/tani/boss_tani_ls_yd_dlz_shifa01.tani
da2c12b559f2fe32	data/tani/mr_tani_nv_tianzengsuiyue01.tani
da60bd62af8ee950	data/tani/boss_tani_huarong_shifa01.tani
da60fceea29f66f1	data/tani/pets_tani_huanyingzhiling_b6_hit01.tani
da81a8e2af6835e6	data/tani/xx_tani_yirisangmingsan_shifa01.tani
da828ee70c38688f	data/tani/tong_tani_jinzhanguaji_nv_dd01.tani
da8c99b7d93bc26a	data/tani/pets_tani_mofamifeng_b8_idle02.tani
dac611051f7d367e	data/tani/dg_tani_y_1x4j_shifa01.tani
dae54c491715285d	data/tani/boss_tani_ls_gr_shifa01.tani
daf37fff0f1235a1	data/tani/boss_tani_duanyanqing_skill02_shifa01.tani
db11f926b3ec442f	data/tani/pets_tani_tangguotianxin_b7_idle03.tani
db4c7227d639b548	data/tani/boss_tani_hadaba_shifa03.tani
db6397207bf823df	data/tani/ts_tani_yannanfei_nan_cq01.tani
dbb143b42b21707c	data/tani/sl_tani_mohewuliang_hit01.tani
dbbb3f7a46a69952	data/tani/zhenshoufuti_tani_qingniao_03_tenghuang.tani
dbc07cc465239ca8	data/tani/boss_tani_npc_azi_skill04_shifa01.tani
dbc9128ab413d6fb	data/tani/boss_tani_jiaxu_skill02.tani
dbd386df2e4c5363	data/tani/pet_tani_xiaomuling_b7_hit01.tani
dbd98c03c4eb47cf	data/tani/pets_tani_mengji_hit01.tani
dbdc56d28308a036	data/tani/sl_tani_jiashafumogong_hit01.tani
dbe408b20e0d8c91	data/tani/pets_tani_mofamifeng_b3_idle02.tani
dc1fb56eadca81c4	data/tani/sl_tani_dalijingangzhang_shifa01.tani
dc2529e50eeeede5	data/tani/boss_tani_npc_azhu_hit01_shifa01.tani
dc262036afaf35e8	data/tani/boss_tani_zhuobufan_jiuxuyishi01.tani
dc45911fb604bcc6	data/tani/pets_tani_yuansukonglong_b7_hit01.tani
dc4a5024b59754f7	data/tani/gb_tani_qianlihengxing_nv_shan01.tani
dc62c52a021ca387	data/tani/boss_tani_tjqs_shixindugong_shifa01.tani
dc696821a5a9a0a5	data/tani/pets_tani_tangguotianxin_b2_idle03.tani
dc84447a14b8d593	data/tani/pets_tani_maomi_b2_hit02.tani
dc8d688314114ffe	data/tani/boss_tani_guanyu_skill03.tani
dcab0ac4088deb75	data/tani/ts_tani_xuehualiuchu_hit01.tani
dcc7b61da7c93499	data/tani/pets_tani_jianyinghu_b6_hit02.tani
dd1da67f20c08b3c	data/tani/pets_tani_xueduwanli01.tani
dd3428a833aecd75	data/tani/boss_tani_mozunchonglou01_skill06_01.tani
dd5061fd48e8a913	data/tani/yujing_yuan_housansanjue.tani
dd75f465eeac2bd6	data/tani/pets_tani_longkui_b3_hit02.tani
ddbe1b044f77b090	data/tani/sl_tani_fuhuquan_nan_cq01.tani
ddcbad0a89e3a075	data/tani/pets_tani_tuxiaoyao_b2_hit02.tani
ddd83a45603cbc56	data/tani/zhuluzhizhan_tani_zhanche_pangu.tani
de02c871a261b3f5	data/tani/boss_tani_xiejianling_hit02.tani
de13092de9015bb3	data/tani/xx_tani_xieweizhen_shifa01.tani
de20323087446c09	data/tani/pets_tani_erlangzhenjun_b7_hit01.tani
de29c35e0133f740	data/tani/pets_tani_xuanhaima_b2_hit01.tani
de4505e480b9aeee	data/tani/sijuezhuang_tani_chongjibo_jin.tani
de454c88d2af39d5	data/tani/boss_tani_wangyan_shifa02.tani
de77b33b65d22c1d	data/tani/boss_tani_ls_gr_lc01.tani
ded114ed1c2ee0d1	data/tani/sl_tani_yijinduangu_shifa01.tani
ded88267ac10eeb9	data/tani/pets_tani_xianglong_b3_hit02.tani
def773997d629037	data/tani/pets_tani_liehuozhou01.tani
df2b76a69a10b3f2	data/tani/gb_tani_qianlihengxing_nv_dd01.tani
df3a9a2ad6680d14	data/tani/sl_tani_dalijingangzhang_hit01.tani
df4ad0e3e7e0cc8b	data/tani/pet_tani_xiaomuling_b5_skill01.tani
df66ab9bf5041fe3	data/tani/boss_tani_pangjiangshi_shifa01.tani
df6982bd65ece993	data/tani/tl_tani_sanyangkaitai01.tani
dfabc912d7ca9641	data/tani/pets_tani_ryjsb5_skill01.tani
dfb78c361ba78b13	data/tani/mr_tani_nan_cj_jt01.tani
dfd6f6e36b9b3b03	data/tani/pets_tani_jianyinghu_b5_idle02.tani
dfe39ce231a43f55	data/tani/pets_tani_tangguotianxin_b0_hit01.tani
e00880e5e478b960	data/tani/boss_tani_npc_new_jiumozhi_dljgz_skill02.tani
e0125216464cc504	data/tani/zhuzhan_tani_npc_tianshantonglao_skill02.tani
e04c0cb0d7e93268	data/tani/pets_tani_lianyishou_b5_idle02.tani
e08f08b9c8d4702b	data/tani/pets_tani_maomi_b4_hit01.tani
e0959e4850b371ed	data/tani/em_tani_chongxuyangqi_jiaxue.tani
e0c1904d18253d90	data/tani/boss_tani_guansheng_xsd_skill06.tani
e0d27a5c4cac5c8f	data/tani/pets_tani_jianyinghu_b8_hit01.tani
e0da011dbd06c1b4	data/tani/pets_tani_zhiliao01.tani
e11bff7aeeada3d1	data/tani/gc_tani_wjg_nan_sceneeditor_trail01.tani
e1268cedae8bb65b	data/tani/boss_tani_mozunchonglou01_skill04_xuli.tani
e12e65de069248a7	data/tani/pets_tani_jianyinghu_b0_idle02.tani
e157474eb052e9fb	data/tani/ts_tani_meihuasannong_nan_df01.tani
e16a8b2b036c46db	data/tani/boss_tani_qunmoluanwu_shifa02.tani
e180b8a4c45266ef	data/tani/pets_tani_longkui_b5_hit01.tani
e1a37bab4ef9781e	data/tani/pets_tani_lianyishou_b0_idle02.tani
e1c136fb0af5958a	data/tani/em_tani_diaochanbaiyue_hit01.tani
e1d67149cacff62e	data/tani/pets_tani_tuxiaoyao_b4_hit01.tani
e1e3c3414d9b5652	data/tani/boss_tani_youlingjisi_shifa02.tani
e1ee693c095da969	data/tani/pets_tani_tuxiaoyao_b7_idle02.tani
e1f3ce35e9138086	data/tani/pets_tani_xuanleizhou_hit01.tani
e21b854c16fc4ac4	data/tani/boss_tani_murongfu_hit02.tani
e244d4a7a3df8f03	data/tani/boss_tani_sss_mrb_skill02_shifa01.tani
e24d4fca9bbe55cb	data/tani/em_tani_zhanqingjue.tani
e258b7a68e5fc9ef	data/tani/xx_tani_huagumianzhang_hit01.tani
e26be4cdc0640a70	data/tani/boss_tani_xinmurongfu_skill02_1.tani
e2854809d09f7a3b	data/tani/boss_tani_qm_dqzz_yujing03.tani
e2d07cad68f97fbc	data/tani/xx_tani_youmingshenzhang_hit01.tani
e2d928651663fb94	data/tani/zhenshoufuti_tani_shuilong_03_tenghuang.tani
e2e346a6debd3029	data/tani/pets_tani_xianglong_b5_hit01.tani
e2f49daf7f0d9666	data/tani/boss_tani_ls_gr_qmlw_yj01.tani
e2feaf70b30ef8ae	data/tani/boss_tani_paishandaohai_hit01.tani
e320b4b7a423954f	data/tani/gc_tani_ymg01_jt_xys01.tani
e345d8370548bd81	data/tani/pets_tani_tuxiaoyao_b2_idle02.tani
e34ffcd8607f3fc0	data/tani/pets_tani_bingpoxuejingling_b4_hit02.tani
e371cb6ea319a271	data/tani/pets_tani_huanyingzhiling_b5_hit02.tani
e3842eee49010e02	data/tani/boss_tani_sjz_mm_skill02_shifa01.tani
e3857386c8f4865e	data/tani/sl_tani_jinzhanguaji_hit01.tani
e39f14a8aa183f10	data/tani/ts_tani_bingningshuanghua01.tani
e3a2863ae74d9b2f	data/tani/pt_tani_ranshaoxianjing02.tani
e3cc920df419d0ed	data/tani/ts_tani_xuehualiuchu_nan_df01.tani
e3f07dab1d3ece82	data/tani/boss_tani_ls_gr_htmd_yj01.tani
e4575d0a52415f85	data/tani/pets_tani_wuseshenniu_b7_hit02.tani
e467c87b3777602f	data/tani/pets_tani_gongsheng01.tani
e471f7a84eb6fa45	data/tani/gb_tani_zhenjingbaili_cq_nv_shifa01.tani
e49ec21dc6cec578	data/tani/wuhun_tani_leifengta_idle02.tani
e4ae38e144688aa3	data/tani/boss_tani_huogui_skill03.tani
e4ba903cc24ffba5	data/tani/xx_tani_shuidun.tani
e4c5e91a7062d257	data/tani/sl_tani_dljgz_nan_huan01.tani
e4d6211c6129e21f	data/tani/gc_tani_ymg01_hyrdg_skill05.tani
e4e4555f80823703	data/tani/pet_tani_xiaomuling_b6_hit02.tani
e4e77f6260065ae3	data/tani/anqi_tani_lieyanzhuoshen_shifa01.tani
e4f6e172053507ea	data/tani/zhanshi_tani_hs_feiseqingchenghua_nv.tani
e51a8512c2e4551f	data/tani/wd_tani_qixingjushou_hit01.tani
e532f504f65dfbb5	data/tani/anqi_tani_liefeng_shifa01.tani
e5565f9f9f07f97a	data/tani/pets_tani_yuansukonglong_b6_hit02.tani
e55a7b1694496af1	data/tani/boss_tani_dingchunqiu_skill03_shifa01.tani
e59a9ae8e404079e	data/tani/em_tani_nv_cj_jt01.tani
e60cba181a92b357	data/tani/pets_tani_jinyubaobao_b8_idle03.tani
e6501493765cad7e	data/tani/pets_tani_shixue01.tani
e679e4ceaf4718c3	data/tani/boss_tani_eling_skill02.tani
e68c562e75515e69	data/tani/xx_tani_lianzhufushidu_hit01.tani
e73100b04f110ec6	data/tani/pets_tani_erlangzhenjun_b6_hit02.tani
e73a91de5a0d5392	data/tani/pets_tani_xuanhaima_b1_hit02.tani
e74b311a4b1777f3	data/tani/boss_tani_shaxing_sm_shifa02.tani
e7642913db72ace7	data/tani/pets_tani_jinyubaobao_b3_idle03.tani
e77c8fad7bafefb8	data/tani/pets_tani_huanyingzhiling_b7_hit01.tani
e799f205be526464	data/tani/boss_tani_npc_azi_hit01_shifa01.tani
e7a308c3b1e05207	data/tani/wd_tani_nv_cj_jt01.tani
e7dbba2d456207b1	data/tani/xy_tani_huoyanjinjing01.tani
e7ec577ccbe9f145	data/tani/boss_tani_npc_lieyanlianyu_shifa01.tani
e7f344b646a0a538	data/tani/pets_tani_xueduzhou01.tani
e80bea047d67a0fe	data/tani/mj_tani_shuishenxiafan_shifa01.tani
e83db333ecac46f7	data/tani/ts_tani_zhemeishi02.tani
e863c9337705e94e	data/tani/sl_tani_yiweidujiang_shifa01.tani
e879d3d831bffd4d	data/tani/mj_tani_kuihuaxiangyang.tani
e893c848d8a04bcc	data/tani/mj_tani_huoshenxiafan_xuli01.tani
e895a58234738d9f	data/tani/zhanshi_tani_hs_sanjianliangrendao_02.tani
e8ef199ef85ad4db	data/tani/pet_tani_xiaomuling_b8_hit01.tani
e8f6138c3de04cb3	data/tani/sl_tani_fuhuquan_nv_daofu01.tani
e901d0b4b5032f58	data/tani/xy_tani_jiangxingchuxue.tani
e90e485841b26723	data/tani/ts_tani_xuehualiuchu01.tani
e92f1b4fe9fbcc99	data/tani/boss_tani_qj_qf_skill01.tani
e96123deea2acb11	data/tani/pets_tani_yuansukonglong_b8_hit01.tani
e9687dd44ab4576b	data/tani/boss_tani_npc_kangmin_plj_hit01.tani
e974ef4a80f5ba75	data/tani/wd_tani_zhenwuqijiezhen_nan_sd01.tani
e9866ef0a0369a2d	data/tani/ts_tani_nan_cj_jt01.tani
e98e7be14b1824b5	data/tani/gb_tani_longzhanyuye01.tani
e99fd7398ac76596	data/tani/pets_tani_maomi_b3_hit02.tani
e9cf4ba71322187f	data/tani/sl_tani_shizihou_shifa01.tani
e9e348dc982da5ed	data/tani/pets_tani_jianyinghu_b7_hit02.tani
ea004a5a2951d1fc	data/tani/boss_tani_sss_bingcan5_skill01_shifa01.tani
ea283f7dc2e659b0	data/tani/w1351_skill_pvp_jianta_shifa01.tani
ea3c1f1e5b8bf888	data/tani/boss_tani_ls_yd_jjz01.tani
ea56e295b98cadd6	data/tani/mr_tani_nv_liufoyi_huan01.tani
ea8de9dec93adee9	data/tani/zhanshi_tani_yunzhouyin_nv_2mw_idle02.tani
ea8f546268a6852f	data/tani/anqi_tani_shigu_shifa01.tani
ea9187249f50f52d	data/tani/pets_tani_longkui_b4_hit02.tani
ea9449338604722f	data/tani/mr_tani_jiguling01.tani
ead1e1d3408ee123	data/tani/wd_tani_tianmafeipu_shifa01.tani
ead4e8ecdd9ff177	data/tani/boss_tani_yinshen_hit01.tani
eae73fc9ed490d62	data/tani/pets_tani_tuxiaoyao_b3_hit02.tani
eb2d6738cc60503e	data/tani/boss_tani_npc_hamadubao_shifa01.tani
eb34bc6031cbbd2a	data/tani/boss_tani_npc_zhendigongji_hit01.tani
eb3bc4efe381f88b	data/tani/pets_tani_erlangzhenjun_b8_hit01.tani
eb441eff88a654fc	data/tani/pets_tani_dujiaozhanju_b4_idle03.tani
eb45561daa36dc38	data/tani/pets_tani_xuanhaima_b3_hit01.tani
eb73b7132e15483a	data/tani/monster_tani_yeyanshiren_idle01.tani
ebdaa6550cae13a9	data/tani/boss_tani_mengmianeseng_shifa02.tani
ebee42289595d5e8	data/tani/pets_tani_xiaomuling_b5_idle02.tani
ebf415263ed33029	data/tani/pets_tani_xianglong_b4_hit02.tani
ec55213712ace06e	data/tani/em_tani_qisihuisheng02.tani
ec6857a23169d4f8	data/tani/boss_tani_mozunchonglou01_skill08.tani
ec891c75e6e91920	data/tani/gb_tani_panlongji_nan_dd01.tani
ecc3f49453454f5c	data/tani/anqi_tani_kongtan_nan01.tani
ecc8e51fcd540e44	data/tani/ts_tani_baijuguoxi01.tani
ecff2fa13d512ca0	data/tani/pets_tani_tangguotianxin_b1_hit01.tani
ed041af7f27abf37	data/tani/dg_tani_j_4x4j_shifa03.tani
ed13d674435f5991	data/tani/gc_tani_ymg01_jt03_xys01.tani
ed18bfe374cf64c6	data/tani/boss_tani_sss_zjx_pg_shifa02.tani
ed2555e6e2f20570	data/tani/gc_tani_wjg02_hms01.tani
ed45b1238a0ec077	data/tani/pets_tani_xiaomuling_b0_idle02.tani
ed5b9fd580aad881	data/tani/gc_tani_ymg01_jt04_zj01.tani
ed60bc6b790fcc3a	data/tani/boss_tani_shouwangnuhou_shafa01.tani
ed82ebcd04d08adc	data/tani/boss_tani_npc_dy_lyj_shifa01.tani
edaa9b78e0ee93f6	data/tani/pets_tani_maomi_b5_hit01.tani
edabb2afdff668e9	data/tani/boss_tani_huangzhong_skill01.tani
edcb340f62811934	data/tani/pets_tani_erlangzhenjun_b4_idle02.tani
eddc521855caba44	data/tani/pvp_tani_qinglong_shifa01.tani
edeee826ad15b255	data/tani/pets_tani_paoxiao01.tani
ee06403b3aedc8af	data/tani/gb_tani_zhenjingbaili_cq_shifa01.tani
ee18f21fdd5c4c08	data/tani/pets_tani_yuansukonglong_b4_idle03.tani
ee1eaa53d031b3bb	data/tani/boss_tani_yaohuang_skill04.tani
ee216b88b8cc2b97	data/tani/anqi_tani_grdz_ailian_nan01.tani
ee33baf2c5fa9937	data/tani/tl_tani_bamenjinsuo01.tani
ee3f1c4c896f9da1	data/tani/mj_tani_nuhuolianzhan01.tani
ee431fb534aafbe9	data/tani/xx_tani_tianditongshou_shifa01.tani
ee495c30087c96fb	data/tani/xx_tani_nv_cj_jt01.tani
ee69fd86378e01f5	data/tani/em_tani_zuohuaibuluan.tani
ee7dbdfd3d54c4a9	data/tani/mj_tani_shuishenxiafan_xuli01.tani
ee9c4b6333dee436	data/tani/pets_tani_longkui_b6_hit01.tani
eea825a4bb721a58	data/tani/sl_tani_cihangpudu_shifa01.tani
eeed692b0e1482b8	data/tani/mr_tani_nv_cj_jt01.tani
eef2040850c6438a	data/tani/pets_tani_tuxiaoyao_b5_hit01.tani
eef33f96b662c294	data/tani/boss_tani_hongxiongwang_dcgj_yj_03.tani
eefae27094cd62d9	data/tani/fuben_tani_xianjian_yunshi01.tani
ef5197ed40137fd0	data/tani/boss_tani_mozunchonglou01_skill01_guiji01.tani
ef668671b194a153	data/tani/xx_tani_youmingshenzhang_shifa01.tani
efb435fca58ef4bb	data/tani/boss_tani_smm_lb_shifa01.tani
efcf3162ab86e331	data/tani/anqi_tani_ysym_nan_kong01.tani
efdad7e76000ea6f	data/tani/ts_tani_yingjichangkong_nv_qita01.tani
efdb43a0de02b855	data/tani/boss_tani_ls_gr_jl_shifa01.tani
effed96513bcd6bf	data/tani/pets_tani_xianglong_b6_hit01.tani
f00a94a631ba8135	data/tani/boss_tani_mozunchonglou02_skill03.tani
f03b78701a963ecb	data/tani/pets_tani_ryjsb4_idle03.tani
f043235b55960832	data/tani/zhenshoufuti_tani_qingniao_03_zilin.tani
f0586176a12a2002	data/tani/boss_tani_yaoxing_hit02.tani
f06b8f979b275eed	data/tani/pets_tani_bingpoxuejingling_b5_hit02.tani
f08d1ea1a18e96c2	data/tani/boss_tani_huarong_shifa02.tani
f08d5e2dd7bc34b3	data/tani/pets_tani_huanyingzhiling_b6_hit02.tani
f09c46a47fdb717c	data/tani/boss_tani_mutongbo_liehuozhou_hit01.tani
f0b8faf641b886ef	data/tani/pets_tani_mofamifeng_b8_idle03.tani
f0b9222b6f7343f7	data/tani/mj_tani_huoyanlianhuanzhan_shifa01.tani
f10c020d33f83930	data/tani/boss_tani_jianhuiqunxiong_skill01.tani
f111214a57872fe1	data/tani/xy_tani_xiaoxiangyeyu_hit01.tani
f113587f90c7efd5	data/tani/boss_tani_npc_bingtianxuedi_shifa01.tani
f178d3662c3bc385	data/tani/boss_tani_hadaba_shifa04.tani
f18a15b1c08aebf2	data/tani/pets_tani_fanji01.tani
f1aabc10dda01671	data/tani/mr_tani_jielifanshi01.tani
f1c2db75e2888ce0	data/tani/tl_tani_tiangangzhengqi.tani
f1cdc02946afb4a8	data/tani/tl_tani_sanyangkaitai_hit01.tani
f1f2cc6c21feb6b2	data/tani/pets_tani_jingtian_b7_idle03.tani
f1f573c96450f81e	data/tani/boss_tani_jiaxu_skill03.tani
f1ffe81e5cc86d18	data/tani/pet_tani_xiaomuling_b7_hit02.tani
f207fed329bcbbc7	data/tani/boss_tani_sss_dcq_skill01_shifa01.tani
f21069f14375fb01	data/tani/pets_tani_mofamifeng_b3_idle03.tani
f22f1421910146a5	data/tani/mr_tani_nv_liufoyi_qiangbang01.tani
f241fd9989fa115d	data/tani/boss_tani_llxb_zblw_xlz_hit01.tani
f265f2c22c4edc27	data/tani/tong_tani_jinzhanguaji_nv_daofu01.tani
f271f25ecab11413	data/tani/pets_tani_yuansukonglong_b7_hit02.tani
f27971856bd44043	data/tani/mj_tani_huoshaochibi_nan_dg_huan01.tani
f28f5ad29dbe8427	data/tani/boss_tani_smm_xlz_shifa01.tani
f2ad7fb452346dc7	data/tani/zhenshoufuti_tani_xianjian03_tenghuang01.tani
f2b9230014e81196	data/tani/boss_tani_hongjiyaowang_yujing07.tani
f2c9cb02f58fc746	data/tani/boss_tani_yaowang_shifa01.tani
f2cdfca7d5590d96	data/tani/zhenshoufuti_tani_shuilong_03_jinse.tani
f3214692b3c2b364	data/tani/boss_tani_sss_xys_skill02_shifa01.tani
f34a3b67600cb829	data/tani/pets_tani_jingtian_b2_idle03.tani
f361fce3b3938b58	data/tani/sl_tani_shizihou_hit01.tani
f37e667f9c84c64b	data/tani/boss_tani_youlingjisi_xuli01.tani
f3d42b556d56a892	data/tani/mj_tani_shuiyanqijun_nan_dg_shan01.tani
f3dee1c065ed05ee	data/tani/boss_tani_youlingjisi_skill01.tani
f3f69953f0a69d8e	data/tani/pets_tani_wuyingxie_b0_hit01.tani
f3f89bc0aa395081	data/tani/boss_tani_wulaoda_duqibaofa01.tani
f3fda1ac59db7ab5	data/tani/gb_tani_nan_cj_jt01.tani
f4234c8ed582f481	data/tani/zhanshi_tani_hs_fangtianhuaji_01.tani
f43bd2ec0a6dd9a8	data/tani/pets_tani_bingpoxuejingling_b7_idle02.tani
f44c936fb50bc3f2	data/tani/pets_tani_erlangzhenjun_b7_hit02.tani
f456249d03c9890c	data/tani/pets_tani_xuanhaima_b2_hit02.tani
f4613d9f49c3a540	data/tani/buff_tani_dot_buff01.tani
f4702b0090d3108f	data/tani/pet_tani_xiaohualing_b8_idle02.tani
f48ae6c428a7e29d	data/tani/boss_tani_xuhuanpo_hit01.tani
f498226c57f37a47	data/tani/pets_tani_huanyingzhiling_b8_hit01.tani
f4a4147ac0906c8c	data/tani/boss_tani_ls_gr_lc02.tani
f5031c469e92f123	data/tani/mr_tani_chongyunyanri01.tani
f5081f42bbe957a8	data/tani/anqi_tani_nv1_yuexiaxun_ww_idle03_01.tani
f50b182b31ba6bb5	data/tani/monster_tani_yintongz_skill01.tani
f51f8ad9a67a580c	data/tani/anqi_tani_grdz_tiaowu_nan01.tani
f52b2f0921a95a35	data/tani/w1351_tain_diao_youxijinru.tani
f530c7e6098b3024	data/tani/boss_tani_tjqs_shixindugong_hit01.tani
f550a6e44d02fcdc	data/tani/gb_tani_kanglongyouhui_hit01.tani
f553cacd0b6dd89a	data/tani/pets_tani_maomi_b8_idle02.tani
f556ac1887da2eec	data/tani/ts_tani_yanggetianjun_hit01.tani
f56339be2005704e	data/tani/boss_tani_yaowang_hit01.tani
f5782a9ed0147cf5	data/tani/boss_tani_liqiushui_daoguang01.tani
f595e3fc67c17c7d	data/tani/tl_tani_sanyangkaitai02.tani
f5a0169d31fcc191	data/tani/sl_tani_fuhuquan_nv_dd01.tani
f5c799fb279564e1	data/tani/pet_tani_xiaohualing_b3_idle02.tani
f5d1bbbad5a99025	data/tani/boss_tani_shaxing_ljy_shifa01.tani
f5d924ed0bdf5d4b	data/tani/boss_tani_pmf_hadaba_skill05.tani
f60358225deb9b7b	data/tani/pets_tani_jianyinghu_b5_idle03.tani
f60ffe2133051732	data/tani/pets_tani_tangguotianxin_b0_hit02.tani
f61ac4a505eb597d	data/tani/pets_tani_hanyugu.tani
f63eb355be81745a	data/tani/zhuzhan_tani_npc_tianshantonglao_skill03.tani
f6786defda28b110	data/tani/pets_tani_lianyishou_b5_idle03.tani
f68911b0fd58f724	data/tani/txmp_tani_yannanfei_huan01.tani
f6ab39c88e9bab0e	data/tani/pets_tani_maomi_b3_idle02.tani
f6bb69f8381d9b09	data/tani/pets_tani_maomi_b4_hit02.tani
f6fedb9b93b91de7	data/tani/pets_tani_jianyinghu_b8_hit02.tani
f7058d9992b9fe10	data/tani/boss_tani_daobaifeng_hit01_shifa01.tani
f7073abfa62e2941	data/tani/xy_tani_dafengge02_nv.tani
f70c12b7835ed500	data/tani/mr_tani_nv_liufoyi_shuangduan01.tani
f746eda85bb6c0b1	data/tani/boss_tani_qunmoluanwu_hit01.tani
f75ac71d546077c1	data/tani/pets_tani_jianyinghu_b0_idle03.tani
f781bc70d963b882	data/tani/ts_tani_yingjichangkong_hit01.tani
f7ad19e3c992f5ba	data/tani/pets_tani_longkui_b5_hit02.tani
f7b9fd70a8dcfcb3	data/tani/boss_tani_zhuobufan_hit01.tani
f7cd807d1e9c0522	data/tani/boss_tani_pmf_liqioushui_zaiti.tani
f7cfdcea0498b029	data/tani/pets_tani_lianyishou_b0_idle03.tani
f7d41c3482a9cd5e	data/tani/anqi_tani_huxin_shifa01.tani
f7f0792f7eddaf8b	data/tani/boss_tani_ls_hxw_zdgj_shifa01.tani
f802d288c22a06a1	data/tani/pets_tani_tuxiaoyao_b4_hit02.tani
f80f8a4ef30e6914	data/tani/wd_tani_liangyijian_xuli01.tani
f81aca7b0f789ed9	data/tani/pets_tani_tuxiaoyao_b7_idle03.tani
f83cace508e15ff4	data/tani/gb_tani_chongzhenzhanjiang01_hit01.tani
f8431533febccb13	data/tani/pets_tani_jinghua_hit01.tani
f8522e6677a474cd	data/tani/anqi_tani_juejingsansha_shifa01.tani
f85d7ae627a0fa90	data/tani/pets_tani_tangguotianxin_b6_idle02.tani
f860e8dcaa06e7ca	data/tani/pets_tani_xuanhaima_b4_hit01.tani
f898460c7c0c1e88	data/tani/boss_tani_xinmurongfu_skill02_2.tani
f8ae0c4b30c10655	data/tani/pets_tani_xiaohualing_b8_skill01.tani
f9057253e4384d1e	data/tani/boss_tani_mozunchonglou01_skill05_shandian01.tani
f90fa7e5df94e53f	data/tani/pets_tani_xianglong_b5_hit02.tani
f93d6b299277b227	data/tani/xx_tani_hanxiaojiuquan_xuli01.tani
f944b82826161562	data/tani/mr_tani_chunguangsimu01.tani
f95e5f93cb28d503	data/tani/dg_tani_nv_y_2x1j_2_shifa01.tani
f97239769831c604	data/tani/pets_tani_tuxiaoyao_b2_idle03.tani
f97efa1db7e0f162	data/tani/tl_tani_yuqinguzong_hit01.tani
f9b4e9e10be19345	data/tani/pets_tani_tangguotianxin_b1_idle02.tani
f9b605df47c01982	data/tani/ts_tani_meihuasannong_nan_sd01.tani
f9d177f16d3ba626	data/tani/xy_tani_xishanxinglv_nv.tani
fa1ac26068a48c78	data/tani/pets_tani_tangguotianxin_b2_hit01.tani
fa257da6d8999408	data/tani/gc_tani_ymg_sceneeditor_nv_flzt01.tani
fa42f7c66401048c	data/tani/boss_tani_npc_new_jiumozhi_hyd_hit01.tani
fa4a6ed7fad16210	data/tani/boss_tani_wjg_yls_shifa01.tani
fa4a8a65005a271e	data/tani/pet_tani_xiaomuling_b3_skill01.tani
fa9229b59695b493	data/tani/boss_tani_gongsunsheng_tianshifu_rel.tani
fa9350b33176fa83	data/tani/boss_tani_lspt_gr_qmlw_yj01.tani
faab8294ea7700e0	data/tani/pets_tani_ryjsb3_skill01.tani
fab644b44e2e0414	data/tani/boss_tani_hongxiongwang_dcgj_shifa_01.tani
fac1428ab4ebecda	data/tani/pets_tani_mingmu01.tani
fac62e3770ce6bbb	data/tani/pets_tani_maomi_b6_hit01.tani
fad5b4e69c08dac7	data/tani/boss_tani_eling_shuangxieningxu_chongjibo.tani
fada9a20b1ae9857	data/tani/boss_tani_huogui_skill04.tani
fb02825b613dbd15	data/tani/gc_tani_ymg01_hyrdg_skill06.tani
fb24f0038c93562e	data/tani/sl_tani_dljgz_nan_sd01.tani
fb3d6a1c302b758b	data/tani/boss_tani_youjinshouwei_shifa01.tani
fb822de0f119e466	data/tani/monster_tani_taoqing_skill01.tani
fb874cabe8ba9759	data/tani/pt_tani_wd_nan_fsjydj_shifa01.tani
fb88d8601a7ddf98	data/tani/boss_tani_ls_gr_tl_yj01.tani
fb89ea43fdf80da7	data/tani/ts_tani_tongshenggongsi.tani
fbae9418bef3ff30	data/tani/boss_tani_yunzhonghe_shifa02.tani
fbb7de22f5030a2e	data/tani/pets_tani_longkui_b7_hit01.tani
fbc1869cc6c3bb8f	data/tani/sl_tani_lijingrulai_shifa01.tani
fc0d96c7ee79c0ba	data/tani/pets_tani_tuxiaoyao_b6_hit01.tani
fc1abbffee7ec197	data/tani/pets_tani_shixue_hit01.tani
fc2b509ec084b327	data/tani/ts_tani_xuehualiuchu_nan_sd01.tani
fc5bebeac20a5c48	data/tani/pt_tani_neijingongji_shifa01.tani
fc64079e9ba88992	data/tani/xx_tani_yirisangmingsan_hit01.tani
fcae1a57159f2d2b	data/tani/mj_tani_shuiyanqijun_nan_dg_dd01.tani
fcb3ff90b66d85ee	data/tani/pt_tani_skill_wdjh_fshd_hit01.tani
fccc493b7e7274db	data/tani/wd_tani_rufengsibi_xuli01.tani
fd0ad6950187a217	data/tani/xy_tani_bubushenghua_hit01.tani
fd1a6c248c59fc71	data/tani/pets_tani_xianglong_b7_hit01.tani
fd3da8e2ff0c2927	data/tani/boss_tani_duanyanqing_hmkl01.tani
fd5afe44697e7f95	data/tani/pvp_tani_zhushuai_shifa01.tani
fd67efc567a2c0da	data/tani/xy_tani_taohuazhen_nan_shifa01.tani
fd6a696c05c5a527	data/tani/boss_tani_llxb_zblw_qkyz_shifa01.tani
fd6e3d739c37e127	data/tani/boss_tani_fahai_hit01.tani
fd8722565f3c75da	data/tani/pets_tani_bingpoxuejingling_b6_hit02.tani
fda56a7f4fe4263b	data/tani/ui_tani_baoxiang_fen.tani
fda8f0ec7476f9a4	data/tani/pets_tani_huanyingzhiling_b7_hit02.tani
fe081b6c11b82b45	data/tani/xy_tani_huoyanjinjing02.tani
fe27928295abfc8b	data/tani/zhenshoufuti_tani_shuilong_03_chiyan.tani
fe375ff4573651fd	data/tani/em_tani_xizipengxin_hit01.tani
fe8de455ebe37169	data/tani/boss_tani_yeerniang_shifa01_yj01.tani
fea6574ed2bcf042	data/tani/pets_tani_chidun01.tani
fee346c97b20c6f2	data/tani/boss_tani_qinhuangzhipo_shifa01.tani
ff1b7addc4f087f9	data/tani/pet_tani_xiaomuling_b8_hit02.tani
ff30651b70e423d8	data/tani/boss_tani_sss_bingcan4_skill01_shifa01.tani
ff5b7c8edebd9e1c	data/tani/boss_tani_qj_qf_skill02.tani
ff72d73f61f8a5b5	data/tani/xx_tani_yusuikungang_shifa01.tani
ff8d851dfcb66448	data/tani/pets_tani_yuansukonglong_b8_hit02.tani
ffb293af0255eedf	data/tani/zhuluzhizhan_tani_zhanche_qinglong.tani
ffbf15ed5855de76	data/tani/wd_tani_zhenwuqijiezhen_nan_cq01.tani
ffd6952ff6cd3c3a	data/tani/gb_tani_qianlihengxing_nan_huan01.tani
fff8e67e2a280cfc	data/tani/boss_tani_qinming_shifa04.tani
