data\effect\effectmodel\test_jianzhen.mesh	OK	2315476	55864	65942	1	1249164	8	1	1	0	55864	65942
data\effect\effectmodel\test_jianzhen2.mesh	OK	413092	10056	11376	1	223872	8	1	1	0	10056	11376
data\effect\effectmodel\w1351_an_model_wave_h002.mesh	OK	123524	2601	5000	1	62020	8	1	1	0	2601	5000
data\effect\effectmodel\w1351_jianmo_v1.mesh	OK	4529	80	120	1	1600	965	1	0	0	80	120
data\effect\effectmodel\w1351_jianmo_v2.mesh	OK	7809	160	240	1	3200	965	1	0	0	160	240
data\effect\effectmodel\w1351_jianmo_v3.mesh	OK	4529	80	120	1	1600	965	1	0	0	80	120
data\effect\effectmodel\w1351_jianmo_v4.mesh	OK	7809	160	240	1	3200	965	1	0	0	160	240
data\effect\effectmodel\w1351_jianmo_v5.mesh	OK	3233	50	64	1	1000	965	1	0	0	50	64
data\effect\effectmodel\w1351_jianmo_v6.mesh	OK	25889	578	1024	1	11560	965	1	0	0	578	1024
data\effect\effectmodel\w1351_jianmo_v7.mesh	OK	4225	75	96	1	1500	965	1	0	0	75	96
data\effect\effectmodel\w1351_jianmo_v8.mesh	OK	4225	75	96	1	1500	965	1	0	0	75	96
data\effect\effectmodel\w1351_model_1314_h001.mesh	OK	10580	260	246	1	5692	8	1	1	0	260	246
data\effect\effectmodel\w1351_model_1314_h002.mesh	OK	26852	668	648	1	14656	8	1	1	0	668	648
data\effect\effectmodel\w1351_model_1314_h003.mesh	OK	8388	208	180	1	4520	8	1	1	0	208	180
data\effect\effectmodel\w1351_model_2099_h001.mesh	OK	69572	1776	1556	1	38632	8	1	1	0	1776	1556
data\effect\effectmodel\w1351_model_2099_h002.mesh	OK	9476	230	228	1	5056	8	1	1	0	230	228
data\effect\effectmodel\w1351_model_2099_h003.mesh	OK	40580	1002	1028	1	22096	8	1	1	0	1002	1028
data\effect\effectmodel\w1351_model_2099_h004.mesh	OK	26244	696	460	1	14840	8	1	1	0	696	460
data\effect\effectmodel\w1351_model_2099_h005.mesh	OK	90180	2522	1148	1	52736	8	1	1	0	2522	1148
data\effect\effectmodel\w1351_model_7799_h001.mesh	OK	205540	5106	5232	1	112584	8	1	1	0	5106	5232
data\effect\effectmodel\w1351_model_7799_h002.mesh	OK	467964	12561	8215	1	267650	8	0	0	116918	12561	8215
data\effect\effectmodel\w1351_model_9999_h001.mesh	OK	188468	4686	4778	1	103276	8	1	1	0	4686	4778
data\effect\effectmodel\w1351_model_9999_h005.mesh	OK	535252	13107	14442	1	291024	8	1	1	0	13107	14442
data\effect\effectmodel\w1351_model_aixin_c001.mesh	OK	19588	453	600	1	10260	8	1	1	0	453	600
data\effect\effectmodel\w1351_model_aixin_h001.mesh	OK	23588	504	896	1	11872	8	1	1	0	504	896
data\effect\effectmodel\w1351_model_aixin_h002.mesh	OK	80228	2274	896	1	47272	8	1	1	0	2274	896
data\effect\effectmodel\w1351_model_aixin_h003.mesh	OK	22436	500	768	1	11536	8	1	1	0	500	768
data\effect\effectmodel\w1351_model_aixin_h004.mesh	OK	39268	983	940	1	21540	8	1	1	0	983	940
data\effect\effectmodel\w1351_model_baihongguanri_h01.mesh	OK	572	8	4	1	168	0	1	1	0	8	4
data\effect\effectmodel\w1351_model_baota_l001.mesh	OK	16168	466	162	1	9320	0	1	0	0	466	162
data\effect\effectmodel\w1351_model_bcdz_z001.mesh	OK	3236	72	108	1	1440	0	1	0	0	72	108
data\effect\effectmodel\w1351_model_bd_hzl_c001.mesh	OK	10076	234	384	1	4680	0	1	0	0	234	384
data\effect\effectmodel\w1351_model_bd_zhhq_c001.mesh	OK	20028	425	768	1	10036	0	1	1	0	425	768
data\effect\effectmodel\w1351_model_bd_zhhq_c002.mesh	OK	11964	275	480	1	5500	0	1	0	0	275	480
data\effect\effectmodel\w1351_model_bd_zhhq_c003.mesh	OK	11772	269	480	1	5380	0	1	0	0	269	480
data\effect\effectmodel\w1351_model_bell_h001.mesh	OK	228156	5410	6844	1	121888	0	1	1	0	5410	6844
data\effect\effectmodel\w1351_model_bhjl_rygs_w001.mesh	OK	1150316	29105	27333	1	636766	8	0	0	287506	29105	27333
data\effect\effectmodel\w1351_model_bhjl_rygs_w002.mesh	OK	1348	25	32	1	564	8	1	1	0	25	32
data\effect\effectmodel\w1351_model_biaoche_mianpian01.mesh	OK	1340	25	32	1	564	0	1	1	0	25	32
data\effect\effectmodel\w1351_model_biaoche_quan_001_pbr.mesh	OK	436	4	2	1	84	8	1	1	0	4	2
data\effect\effectmodel\w1351_model_biaocheb2_w001.mesh	OK	16084	400	374	1	8748	8	1	1	0	400	374
data\effect\effectmodel\w1351_model_biaocheb2_w002.mesh	OK	1188	24	16	1	512	8	1	1	0	24	16
data\effect\effectmodel\w1351_model_biaocheb3_w001.mesh	OK	42084	980	1304	1	22208	8	1	1	0	980	1304
data\effect\effectmodel\w1351_model_biaocheb4_w001.mesh	OK	79132	2055	1635	1	44370	8	0	0	19710	2055	1635
data\effect\effectmodel\w1351_model_biaocheb5_w001.mesh	OK	37916	901	1099	1	20218	8	0	0	9406	901	1099
data\effect\effectmodel\w1351_model_bingkuai_h001.mesh	OK	828	12	20	1	280	0	1	1	0	12	20
data\effect\effectmodel\w1351_model_bingkuaii_l001.mesh	OK	788	12	20	1	240	0	1	0	0	12	20
data\effect\effectmodel\w1351_model_bingkuaii_l002.mesh	OK	53636	1404	1404	1	28080	0	1	0	0	1404	1404
data\effect\effectmodel\w1351_model_bingningshuanghua_h001.mesh	OK	1812	38	52	1	760	0	1	0	0	38	52
data\effect\effectmodel\w1351_model_bloom_v1.mesh	OK	40828	955	1664	1	19100	0	1	0	0	955	1664
data\effect\effectmodel\w1351_model_boom_v1.mesh	OK	5896	148	146	1	2960	0	1	0	0	148	146
data\effect\effectmodel\w1351_model_boom_v2.mesh	OK	5364	134	132	1	2680	0	1	0	0	134	132
data\effect\effectmodel\w1351_model_boss_cj_z001.mesh	OK	125252	2880	5452	1	57600	96	1	0	0	2880	5452
data\effect\effectmodel\w1351_model_boss_cj_z002.mesh	OK	48028	1105	2048	1	22100	96	1	0	0	1105	2048
data\effect\effectmodel\w1351_model_boss_cj_z003.mesh	OK	88604	2592	864	1	51840	192	1	0	0	2592	864
data\effect\effectmodel\w1351_model_boss_cj_z004.mesh	OK	23292	539	960	1	10780	0	1	0	0	539	960
data\effect\effectmodel\w1351_model_boss_cj_z005.mesh	OK	185852	4257	8192	1	85140	192	1	0	0	4257	8192
data\effect\effectmodel\w1351_model_boss_cjdl_z001.mesh	OK	125348	2880	5452	1	57600	192	1	0	0	2880	5452
data\effect\effectmodel\w1351_model_boss_cjdl_z002.mesh	OK	23484	539	960	1	10780	192	1	0	0	539	960
data\effect\effectmodel\w1351_model_boss_cjdl_z003.mesh	OK	45276	1040	1920	1	20800	192	1	0	0	1040	1920
data\effect\effectmodel\w1351_model_boss_fmdf_x01.mesh	OK	16104	464	162	1	9280	0	1	0	0	464	162
data\effect\effectmodel\w1351_model_boss_fmdf_x02.mesh	OK	16008	461	162	1	9220	0	1	0	0	461	162
data\effect\effectmodel\w1351_model_boss_fyqgz_x02.mesh	OK	238812	7013	2352	1	140260	0	0	0	140260	0	2352
data\effect\effectmodel\w1351_model_boss_fyqgz_x06.mesh	OK	37644	854	1672	1	17080	0	1	0	0	854	1672
data\effect\effectmodel\w1351_model_boss_gr_dilie_c001.mesh	OK	2052	45	40	1	980	8	1	1	0	45	40
data\effect\effectmodel\w1351_model_boss_gr_dilie_c002.mesh	OK	3460	81	72	1	1764	8	1	1	0	81	72
data\effect\effectmodel\w1351_model_boss_gss_cone_c01.mesh	OK	7484	171	288	1	3420	0	1	0	0	171	288
data\effect\effectmodel\w1351_model_boss_gss_cone_c02.mesh	OK	8036	186	300	1	3720	0	1	0	0	186	300
data\effect\effectmodel\w1351_model_boss_gss_plane_c01.mesh	OK	2300	54	48	1	1080	0	1	0	0	54	48
data\effect\effectmodel\w1351_model_boss_guansheng_hxz_x04.mesh	OK	5276	123	160	1	2460	96	1	0	0	123	160
data\effect\effectmodel\w1351_model_boss_guansheng_ztj_x01.mesh	OK	22648	652	250	1	13040	0	1	0	0	652	250
data\effect\effectmodel\w1351_model_boss_guansheng_ztj_x04.mesh	OK	4220	99	128	1	1980	0	1	0	0	99	128
data\effect\effectmodel\w1351_model_boss_hxz_x001.mesh	OK	1276	25	32	1	500	0	1	0	0	25	32
data\effect\effectmodel\w1351_model_boss_hyz_cone_c01.mesh	OK	4188	95	144	1	1900	0	1	0	0	95	144
data\effect\effectmodel\w1351_model_boss_hyz_cone_c02.mesh	OK	21308	495	864	1	9900	0	1	0	0	495	864
data\effect\effectmodel\w1351_model_boss_hyz_cone_c03.mesh	OK	21308	495	864	1	9900	0	1	0	0	495	864
data\effect\effectmodel\w1351_model_boss_hyz_cone_c04.mesh	OK	5012	114	180	1	2280	0	1	0	0	114	180
data\effect\effectmodel\w1351_model_boss_hyz_cone_c05.mesh	OK	8036	186	300	1	3720	0	1	0	0	186	300
data\effect\effectmodel\w1351_model_boss_hyz_cone_c06.mesh	OK	11164	259	432	1	5180	0	1	0	0	259	432
data\effect\effectmodel\w1351_model_boss_jiumozhi_x01.mesh	OK	13596	296	480	1	6880	0	1	1	0	296	480
data\effect\effectmodel\w1351_model_boss_jiumozhi_x02.mesh	OK	13596	296	480	1	6880	0	1	1	0	296	480
data\effect\effectmodel\w1351_model_boss_jmz_sphere_c01.mesh	OK	38236	916	1440	1	18320	0	1	0	0	916	1440
data\effect\effectmodel\w1351_model_boss_liqiushui_x01.mesh	OK	13596	296	480	1	6880	0	1	1	0	296	480
data\effect\effectmodel\w1351_model_boss_lzs_cone_c01.mesh	OK	844	16	8	1	320	0	1	0	0	16	8
data\effect\effectmodel\w1351_model_boss_lzs_cone_c02.mesh	OK	9388	217	360	1	4340	0	1	0	0	217	360
data\effect\effectmodel\w1351_model_boss_lzs_plane_c01.mesh	OK	6684	155	240	1	3100	0	1	0	0	155	240
data\effect\effectmodel\w1351_model_boss_mrdf_x01.mesh	OK	37244	930	1200	1	18600	0	1	0	0	930	1200
data\effect\effectmodel\w1351_model_boss_mrdf_x02.mesh	OK	31292	744	1200	1	14880	0	1	0	0	744	1200
data\effect\effectmodel\w1351_model_boss_mrdf_x04.mesh	OK	2900	66	84	1	1320	0	1	0	0	66	84
data\effect\effectmodel\w1351_model_boss_mrjf_x01.mesh	OK	17276	378	612	1	8784	0	1	1	0	378	612
data\effect\effectmodel\w1351_model_boss_mrjf_x02.mesh	OK	2284	49	72	1	980	0	1	0	0	49	72
data\effect\effectmodel\w1351_model_boss_qiannianbingpo_h001.mesh	OK	18068	468	468	1	9360	0	1	0	0	468	468
data\effect\effectmodel\w1351_model_boss_qinyun_lf001.mesh	OK	199012	5520	2760	1	115920	8	1	1	0	5520	2760
data\effect\effectmodel\w1351_model_boss_sunmeimei_gljg_x04.mesh	OK	73244	1830	2400	1	36600	0	1	0	0	1830	2400
data\effect\effectmodel\w1351_model_boss_sunmeimei_gljg_x05.mesh	OK	45596	1092	1728	1	21840	0	1	0	0	1092	1728
data\effect\effectmodel\w1351_model_boss_sxxys_x01.mesh	OK	10556	246	400	1	4920	0	1	0	0	246	400
data\effect\effectmodel\w1351_model_boss_sxxys_x02.mesh	OK	10556	246	400	1	4920	0	1	0	0	246	400
data\effect\effectmodel\w1351_model_boss_xuzhu_tslyz_x01.mesh	OK	238812	7013	2352	1	140260	0	0	0	140260	0	2352
data\effect\effectmodel\w1351_model_boss_xuzhu_tslyz_x02.mesh	OK	238812	7013	2352	1	140260	0	0	0	140260	0	2352
data\effect\effectmodel\w1351_model_boss_xuzhu_tslyz_x03.mesh	OK	24188	567	960	1	11340	0	1	0	0	567	960
data\effect\effectmodel\w1351_model_boss_xuzhu_tslyz_x05.mesh	OK	15932	369	640	1	7380	0	1	0	0	369	640
data\effect\effectmodel\w1351_model_boss_xuzhu_tslyz_x06.mesh	OK	2876	66	80	1	1320	0	1	0	0	66	80
data\effect\effectmodel\w1351_model_boss_xuzhu_tslyz_x07.mesh	OK	89564	2106	2736	1	47592	0	1	1	0	2106	2736
data\effect\effectmodel\w1351_model_box_w001.mesh	OK	1156	24	12	1	504	8	1	1	0	24	12
data\effect\effectmodel\w1351_model_bpdr_jsz_c001.mesh	OK	19516	451	800	1	9020	0	1	0	0	451	800
data\effect\effectmodel\w1351_model_bpdr_jsz_c002.mesh	OK	6380	153	200	1	3060	0	1	0	0	153	200
data\effect\effectmodel\w1351_model_bpdr_jsz_c003.mesh	OK	6380	153	200	1	3060	0	1	0	0	153	200
data\effect\effectmodel\w1351_model_brz_w001.mesh	OK	1012	20	10	1	420	8	1	1	0	20	10
data\effect\effectmodel\w1351_model_bx02_w001.mesh	OK	740	12	8	1	256	8	1	1	0	12	8
data\effect\effectmodel\w1351_model_bx03_w001.mesh	OK	676	10	8	1	216	8	1	1	0	10	8
data\effect\effectmodel\w1351_model_bx03_w002.mesh	OK	1316	28	16	1	592	8	1	1	0	28	16
data\effect\effectmodel\w1351_model_bx04_w001.mesh	OK	2692	64	44	1	1368	8	1	1	0	64	44
data\effect\effectmodel\w1351_model_bx05_w001.mesh	OK	1444	32	16	1	672	8	1	1	0	32	16
data\effect\effectmodel\w1351_model_bx05_w002.mesh	OK	1348	25	32	1	564	8	1	1	0	25	32
data\effect\effectmodel\w1351_model_bx05_w003.mesh	OK	3812	80	120	1	1840	8	1	1	0	80	120
data\effect\effectmodel\w1351_model_bx_ui_z01.mesh	OK	6636	176	88	1	3520	192	1	0	0	176	88
data\effect\effectmodel\w1351_model_bx_ui_z02.mesh	OK	2716	64	32	1	1280	192	1	0	0	64	32
data\effect\effectmodel\w1351_model_bx_ui_z03.mesh	OK	896	12	6	1	240	192	1	0	0	12	6
data\effect\effectmodel\w1351_model_bx_ui_z04.mesh	OK	12948	326	340	1	6520	192	1	0	0	326	340
data\effect\effectmodel\w1351_model_bx_ui_z05.mesh	OK	18908	501	400	1	10020	192	1	0	0	501	400
data\effect\effectmodel\w1351_model_bx_ui_z06.mesh	OK	15588	404	364	1	8080	192	1	0	0	404	364
data\effect\effectmodel\w1351_model_bxjq_shan_w001.mesh	OK	1340	25	32	1	564	0	1	1	0	25	32
data\effect\effectmodel\w1351_model_bxsh_xiaoyao_h001.mesh	OK	60636	1564	1288	1	33856	0	1	1	0	1564	1288
data\effect\effectmodel\w1351_model_bxsh_xiaoyao_h002.mesh	OK	29148	650	1008	1	15016	0	1	1	0	650	1008
data\effect\effectmodel\w1351_model_bxsq_h001.mesh	OK	26012	580	896	1	13392	0	1	1	0	580	896
data\effect\effectmodel\w1351_model_bxsq_h002.mesh	OK	24668	604	632	1	13344	0	1	1	0	604	632
data\effect\effectmodel\w1351_model_bxsq_h003.mesh	OK	31260	736	928	1	16576	0	1	1	0	736	928
data\effect\effectmodel\w1351_model_bxsq_h004.mesh	OK	9564	210	320	1	4840	0	1	1	0	210	320
data\effect\effectmodel\w1351_model_bxsq_mj_h001.mesh	OK	11148	258	326	1	5812	0	1	1	0	258	326
data\effect\effectmodel\w1351_model_bxsq_mj_h002.mesh	OK	26604	654	674	1	14428	0	1	1	0	654	674
data\effect\effectmodel\w1351_model_bxsq_mj_h003.mesh	OK	52492	1258	1494	1	28148	0	1	1	0	1258	1494
data\effect\effectmodel\w1351_model_bxsq_mj_h004.mesh	OK	9564	210	320	1	4840	0	1	1	0	210	320
data\effect\effectmodel\w1351_model_bxsq_sl_h001.mesh	OK	26108	602	820	1	13680	0	1	1	0	602	820
data\effect\effectmodel\w1351_model_bxsq_sl_h002.mesh	OK	53948	1215	1848	1	27996	0	1	1	0	1215	1848
data\effect\effectmodel\w1351_model_bxsq_sl_h003.mesh	OK	46316	1098	1362	1	24684	0	1	1	0	1098	1362
data\effect\effectmodel\w1351_model_bxsq_sl_h004.mesh	OK	23324	520	800	1	12000	0	1	1	0	520	800
data\effect\effectmodel\w1351_model_bxsq_sl_h005.mesh	OK	2396	50	64	1	1128	0	1	1	0	50	64
data\effect\effectmodel\w1351_model_bxsq_tl_h001.mesh	OK	26812	632	788	1	14216	0	1	1	0	632	788
data\effect\effectmodel\w1351_model_bxsq_ts_h001.mesh	OK	15580	352	504	1	8048	0	1	1	0	352	504
data\effect\effectmodel\w1351_model_bxsq_ts_h002.mesh	OK	19612	456	592	1	10304	0	1	1	0	456	592
data\effect\effectmodel\w1351_model_bxsq_ts_h003.mesh	OK	1692	36	32	1	784	0	1	1	0	36	32
data\effect\effectmodel\w1351_model_bxsq_ts_h004.mesh	OK	70076	1640	2164	1	37128	0	1	1	0	1640	2164
data\effect\effectmodel\w1351_model_bxsq_wd_by_w001.mesh	OK	2844	60	80	1	1360	0	1	1	0	60	80
data\effect\effectmodel\w1351_model_bxsq_wd_by_w002.mesh	OK	20668	588	196	1	12152	0	1	1	0	588	196
data\effect\effectmodel\w1351_model_bxsq_wd_by_w003.mesh	OK	13836	390	134	1	8068	0	1	1	0	390	134
data\effect\effectmodel\w1351_model_bxsq_wd_cb_w004.mesh	OK	15260	340	512	1	7824	0	1	1	0	340	512
data\effect\effectmodel\w1351_model_bxsq_xx_h001.mesh	OK	10604	262	242	1	5724	0	1	1	0	262	242
data\effect\effectmodel\w1351_model_bxsq_xx_h002.mesh	OK	4684	109	114	1	2408	0	1	1	0	109	114
data\effect\effectmodel\w1351_model_bxsq_xx_h003.mesh	OK	6044	160	80	1	3360	0	1	1	0	160	80
data\effect\effectmodel\w1351_model_bxsq_xx_h004.mesh	OK	16588	352	630	1	8300	0	1	1	0	352	630
data\effect\effectmodel\w1351_model_bxsq_xx_h005.mesh	OK	4924	105	160	1	2420	0	1	1	0	105	160
data\effect\effectmodel\w1351_model_bxsq_xx_w001.mesh	OK	3004	64	84	1	1448	0	1	1	0	64	84
data\effect\effectmodel\w1351_model_bxsq_xx_w002.mesh	OK	33356	954	318	1	19716	0	1	1	0	954	318
data\effect\effectmodel\w1351_model_bxsq_xx_w003.mesh	OK	20412	464	660	1	10600	0	1	1	0	464	660
data\effect\effectmodel\w1351_model_bxsq_xx_w004.mesh	OK	11308	318	106	1	6572	0	1	1	0	318	106
data\effect\effectmodel\w1351_model_bxsq_xx_w005.mesh	OK	9852	209	360	1	4900	0	1	1	0	209	360
data\effect\effectmodel\w1351_model_bxsq_xx_w006.mesh	OK	3708	80	108	1	1816	0	1	1	0	80	108
data\effect\effectmodel\w1351_model_bxsq_xx_w007.mesh	OK	3004	64	84	1	1448	0	1	1	0	64	84
data\effect\effectmodel\w1351_model_caihong_w001.mesh	OK	2180	44	60	1	1000	8	1	1	0	44	60
data\effect\effectmodel\w1351_model_ch_plan_w001.mesh	OK	1340	25	32	1	564	0	1	1	0	25	32
data\effect\effectmodel\w1351_model_chuan_lf001.mesh	OK	29132	744	629	1	16138	8	0	0	7210	744	629
data\effect\effectmodel\w1351_model_cizui_tiesuo_w001.mesh	OK	11268	247	384	1	5708	8	1	1	0	247	384
data\effect\effectmodel\w1351_model_cizui_tiesuo_w003.mesh	OK	20644	460	704	1	10608	8	1	1	0	460	704
data\effect\effectmodel\w1351_model_cj_h001.mesh	OK	8129	185	288	1	3700	197	1	0	0	185	288
data\effect\effectmodel\w1351_model_cj_h002.mesh	OK	8857	198	340	1	3960	197	1	0	0	198	340
data\effect\effectmodel\w1351_model_cj_h003.mesh	OK	4177	90	136	1	1800	197	1	0	0	90	136
data\effect\effectmodel\w1351_model_cj_h004.mesh	OK	18293	416	750	1	8320	197	1	0	0	416	750
data\effect\effectmodel\w1351_model_cjw_cone_c001.mesh	OK	6524	150	240	1	3000	0	1	0	0	150	240
data\effect\effectmodel\w1351_model_cjw_cone_c002.mesh	OK	3564	80	120	1	1600	0	1	0	0	80	120
data\effect\effectmodel\w1351_model_cone_c002.mesh	OK	11060	258	420	1	5160	0	1	0	0	258	420
data\effect\effectmodel\w1351_model_cone_c002_1.mesh	OK	11060	258	420	1	5160	0	1	0	0	258	420
data\effect\effectmodel\w1351_model_cone_c003.mesh	OK	17084	405	640	1	8100	0	1	0	0	405	640
data\effect\effectmodel\w1351_model_cone_c004.mesh	OK	47420	1089	2048	1	21780	0	1	0	0	1089	2048
data\effect\effectmodel\w1351_model_cone_c005.mesh	OK	10276	222	360	1	5160	8	1	1	0	222	360
data\effect\effectmodel\w1351_model_cone_c00501.mesh	OK	11164	259	432	1	5180	0	1	0	0	259	432
data\effect\effectmodel\w1351_model_cone_c006.mesh	OK	12588	290	504	1	5800	0	1	0	0	290	504
data\effect\effectmodel\w1351_model_cone_c007.mesh	OK	7620	165	256	1	3812	8	1	1	0	165	256
data\effect\effectmodel\w1351_model_cone_c008.mesh	OK	9380	200	336	1	4672	8	1	1	0	200	336
data\effect\effectmodel\w1351_model_cone_c01.mesh	OK	6524	150	240	1	3000	0	1	0	0	150	240
data\effect\effectmodel\w1351_model_cone_c010.mesh	OK	7012	162	192	1	3624	8	1	1	0	162	192
data\effect\effectmodel\w1351_model_cone_c011.mesh	OK	16740	362	608	1	8456	8	1	1	0	362	608
data\effect\effectmodel\w1351_model_cone_c012.mesh	OK	16484	350	624	1	8248	8	1	1	0	350	624
data\effect\effectmodel\w1351_model_cone_c013.mesh	OK	21732	462	832	1	10904	8	1	1	0	462	832
data\effect\effectmodel\w1351_model_cone_c014.mesh	OK	11588	248	420	1	5800	8	1	1	0	248	420
data\effect\effectmodel\w1351_model_cone_spiral_c009.mesh	OK	17028	363	640	1	8540	8	1	1	0	363	640
data\effect\effectmodel\w1351_model_cr_v1.mesh	OK	4060	100	96	1	2000	0	1	0	0	100	96
data\effect\effectmodel\w1351_model_cy_h001.mesh	OK	5012	114	180	1	2280	0	1	0	0	114	180
data\effect\effectmodel\w1351_model_cy_h002.mesh	OK	18556	396	700	1	9320	0	1	1	0	396	700
data\effect\effectmodel\w1351_model_cy_h003.mesh	OK	17028	363	640	1	8540	8	1	1	0	363	640
data\effect\effectmodel\w1351_model_cy_h004.mesh	OK	9412	205	320	1	4740	8	1	1	0	205	320
data\effect\effectmodel\w1351_model_cy_h005.mesh	OK	13444	286	500	1	6720	8	1	1	0	286	500
data\effect\effectmodel\w1351_model_cy_h006.mesh	OK	21892	465	840	1	10980	8	1	1	0	465	840
data\effect\effectmodel\w1351_model_cy_h007.mesh	OK	20484	435	784	1	10268	8	1	1	0	435	784
data\effect\effectmodel\w1351_model_cy_h008.mesh	OK	16004	341	600	1	8020	8	1	1	0	341	600
data\effect\effectmodel\w1351_model_cy_h009.mesh	OK	8004	169	288	1	3956	8	1	1	0	169	288
data\effect\effectmodel\w1351_model_cygg_c001.mesh	OK	479980	12343	13992	1	246860	768	1	0	0	12343	13992
data\effect\effectmodel\w1351_model_cygg_c001_01.mesh	OK	29096	792	450	1	15840	768	1	0	0	792	450
data\effect\effectmodel\w1351_model_cygg_c003.mesh	OK	18764	426	552	1	8520	1536	1	0	0	426	552
data\effect\effectmodel\w1351_model_cygg_c004.mesh	OK	16868	378	492	1	7560	1536	1	0	0	378	492
data\effect\effectmodel\w1351_model_cygg_c005.mesh	OK	20188	448	504	1	9968	1536	1	1	0	448	504
data\effect\effectmodel\w1351_model_cylinder_lf001.mesh	OK	3548	82	80	1	1800	0	1	1	0	82	80
data\effect\effectmodel\w1351_model_cylinder_lf002.mesh	OK	7772	208	104	1	4368	0	1	1	0	208	104
data\effect\effectmodel\w1351_model_cylinder_lf003.mesh	OK	2428	54	52	1	1184	0	1	1	0	54	52
data\effect\effectmodel\w1351_model_cylinder_lf004.mesh	OK	37724	1080	360	1	22320	0	1	1	0	1080	360
data\effect\effectmodel\w1351_model_cylinder_lf005.mesh	OK	4476	95	144	1	2188	0	1	1	0	95	144
data\effect\effectmodel\w1351_model_cylinder_lf006.mesh	OK	3548	82	80	1	1800	0	1	1	0	82	80
data\effect\effectmodel\w1351_model_cylinder_lf007.mesh	OK	10460	228	360	1	5280	0	1	1	0	228	360
data\effect\effectmodel\w1351_model_cylinder_lf008.mesh	OK	6180	148	144	1	3248	8	1	1	0	148	144
data\effect\effectmodel\w1351_model_cylinder_lf009.mesh	OK	20204	432	761	1	10162	8	0	0	4978	432	761
data\effect\effectmodel\w1351_model_dalijingangzhang_s002.mesh	OK	91956	2696	900	1	53920	0	1	0	0	2696	900
data\effect\effectmodel\w1351_model_daobaifeng_h004.mesh	OK	4932	105	160	1	2420	8	1	1	0	105	160
data\effect\effectmodel\w1351_model_daobaifeng_h005.mesh	OK	14052	310	480	1	7160	8	1	1	0	310	480
data\effect\effectmodel\w1351_model_daobaifeng_h006.mesh	OK	8068	216	108	1	4536	8	1	1	0	216	108
data\effect\effectmodel\w1351_model_daoguang_lf001.mesh	OK	4604	102	132	1	2304	0	1	1	0	102	132
data\effect\effectmodel\w1351_model_daoguang_lf001b.mesh	OK	4604	102	132	1	2304	0	1	1	0	102	132
data\effect\effectmodel\w1351_model_daoguang_lf002.mesh	OK	3932	84	120	1	1920	0	1	1	0	84	120
data\effect\effectmodel\w1351_model_daoguang_lf003.mesh	OK	10620	243	320	1	5500	0	1	1	0	243	320
data\effect\effectmodel\w1351_model_daoguang_lf004.mesh	OK	17084	405	640	1	8100	0	1	0	0	405	640
data\effect\effectmodel\w1351_model_daoju_bixin_h01.mesh	OK	75100	2158	720	1	44600	0	1	1	0	2158	720
data\effect\effectmodel\w1351_model_dawan_pubu_z001.mesh	OK	6748	160	224	1	3200	0	1	0	0	160	224
data\effect\effectmodel\w1351_model_dawan_pubu_z002.mesh	OK	9980	240	336	1	4800	0	1	0	0	240	336
data\effect\effectmodel\w1351_model_dawan_pubu_z003.mesh	OK	3516	80	112	1	1600	0	1	0	0	80	112
data\effect\effectmodel\w1351_model_dawan_pubu_z004.mesh	OK	1900	40	56	1	800	0	1	0	0	40	56
data\effect\effectmodel\w1351_model_dawan_pubu_z005.mesh	OK	3516	80	112	1	1600	0	1	0	0	80	112
data\effect\effectmodel\w1351_model_dawan_pubu_z006.mesh	OK	1900	40	56	1	800	0	1	0	0	40	56
data\effect\effectmodel\w1351_model_dawan_pubu_z007.mesh	OK	1900	40	56	1	800	0	1	0	0	40	56
data\effect\effectmodel\w1351_model_dazuo_yp.mesh	OK	6044	132	192	1	3024	0	1	1	0	132	192
data\effect\effectmodel\w1351_model_dc_blz_c001.mesh	OK	11604	282	286	1	6212	8	1	1	0	282	286
data\effect\effectmodel\w1351_model_dc_dgb_c001.mesh	OK	14228	298	550	1	7060	8	1	1	0	298	550
data\effect\effectmodel\w1351_model_dc_ezj_c001.mesh	OK	27108	630	832	1	14264	8	1	1	0	630	832
data\effect\effectmodel\w1351_model_dc_gtd_c001.mesh	OK	9276	218	251	1	4862	8	0	0	2246	218	251
data\effect\effectmodel\w1351_model_dc_gtd_c002.mesh	OK	5028	108	160	1	2480	8	1	1	0	108	160
data\effect\effectmodel\w1351_model_dc_gz_c001.mesh	OK	9572	229	244	1	5068	8	1	1	0	229	244
data\effect\effectmodel\w1351_model_dc_gz_c002.mesh	OK	10148	224	336	1	5152	8	1	1	0	224	336
data\effect\effectmodel\w1351_model_dc_lbxld_c001.mesh	OK	11972	285	320	1	6340	8	1	1	0	285	320
data\effect\effectmodel\w1351_model_dc_qfd_c001.mesh	OK	3972	85	120	1	1940	8	1	1	0	85	120
data\effect\effectmodel\w1351_model_dc_qgj_c001.mesh	OK	3364	72	96	1	1632	8	1	1	0	72	96
data\effect\effectmodel\w1351_model_dc_qmg_c001.mesh	OK	70692	1612	2352	1	36944	8	1	1	0	1612	2352
data\effect\effectmodel\w1351_model_dc_rss_c001.mesh	OK	12036	279	352	1	6284	8	1	1	0	279	352
data\effect\effectmodel\w1351_model_dc_ssf_c001.mesh	OK	12980	319	310	1	7000	8	1	1	0	319	310
data\effect\effectmodel\w1351_model_dc_xld_c001.mesh	OK	5988	140	152	1	3104	8	1	1	0	140	152
data\effect\effectmodel\w1351_model_dc_xwxg_w001.mesh	OK	2436	49	72	1	1124	8	1	1	0	49	72
data\effect\effectmodel\w1351_model_dc_yg_c001.mesh	OK	3204	68	92	1	1544	8	1	1	0	68	92
data\effect\effectmodel\w1351_model_dc_ylj_c001.mesh	OK	104716	2416	3389	1	55098	8	0	0	26106	2416	3389
data\effect\effectmodel\w1351_model_dcq_hand_h001.mesh	OK	3796	74	142	1	1764	8	1	1	0	74	142
data\effect\effectmodel\w1351_model_df_cyjld_emitter_c001.mesh	OK	17972	456	516	1	9120	0	1	0	0	456	516
data\effect\effectmodel\w1351_model_df_jxyy_emitter_c001.mesh	OK	25092	635	748	1	12700	0	1	0	0	635	748
data\effect\effectmodel\w1351_model_df_yhzrd_z001.mesh	OK	15620	375	556	1	7500	0	1	0	0	375	556
data\effect\effectmodel\w1351_model_dg_h001.mesh	OK	10844	255	400	1	5100	0	1	0	0	255	400
data\effect\effectmodel\w1351_model_diaowenqizhen_s01.mesh	OK	3916	106	40	1	2120	0	1	0	0	106	40
data\effect\effectmodel\w1351_model_diaowenqizhen_s02.mesh	OK	5188	136	92	1	2720	0	1	0	0	136	92
data\effect\effectmodel\w1351_model_diaowenqizhen_s03.mesh	OK	11452	328	112	1	6560	0	1	0	0	328	112
data\effect\effectmodel\w1351_model_diaowenqizhen_s04.mesh	OK	3324	89	32	1	1780	0	1	0	0	89	32
data\effect\effectmodel\w1351_model_diaoyutubiao_t01.mesh	OK	436	4	2	1	84	8	1	1	0	4	2
data\effect\effectmodel\w1351_model_dilie_lf001_01.mesh	OK	1580	36	18	1	756	0	1	1	0	36	18
data\effect\effectmodel\w1351_model_dilie_lf001_02.mesh	OK	1580	36	18	1	756	0	1	1	0	36	18
data\effect\effectmodel\w1351_model_downsmoke_v1.mesh	OK	7612	175	288	1	3500	0	1	0	0	175	288
data\effect\effectmodel\w1351_model_dujian_w001.mesh	OK	1028	20	12	1	424	8	1	1	0	20	12
data\effect\effectmodel\w1351_model_dun_h001.mesh	OK	45116	969	1728	1	22836	0	1	1	0	969	1728
data\effect\effectmodel\w1351_model_dunpai_h001.mesh	OK	8948	228	228	1	4560	0	1	0	0	228	228
data\effect\effectmodel\w1351_model_dunpai_z002.mesh	OK	24956	555	864	1	12828	0	1	1	0	555	864
data\effect\effectmodel\w1351_model_dunpai_z003.mesh	OK	16732	370	576	1	8552	0	1	1	0	370	576
data\effect\effectmodel\w1351_model_dyq_jg_w003.mesh	OK	11452	321	112	1	6644	0	1	1	0	321	112
data\effect\effectmodel\w1351_model_em_bxsq_h001.mesh	OK	42396	972	1376	1	22192	0	1	1	0	972	1376
data\effect\effectmodel\w1351_model_em_bxsq_h002.mesh	OK	18652	406	672	1	9464	0	1	1	0	406	672
data\effect\effectmodel\w1351_model_em_cy_h01.mesh	OK	25980	551	1008	1	13036	0	1	1	0	551	1008
data\effect\effectmodel\w1351_model_em_cy_h02.mesh	OK	7276	156	250	1	3620	0	1	1	0	156	250
data\effect\effectmodel\w1351_model_em_h001.mesh	OK	9108	208	270	1	4700	8	1	1	0	208	270
data\effect\effectmodel\w1351_model_em_nan_jt_posui_x07.mesh	OK	3468	77	120	1	1540	0	1	0	0	77	120
data\effect\effectmodel\w1351_model_em_nan_jt_posui_x08.mesh	OK	3468	77	120	1	1540	0	1	0	0	77	120
data\effect\effectmodel\w1351_model_em_nan_jt_posui_x10.mesh	OK	1580	33	40	1	660	0	1	0	0	33	40
data\effect\effectmodel\w1351_model_em_nan_jt_posui_x11.mesh	OK	112918	3223	1583	1	64460	0	1	0	0	3223	1583
data\effect\effectmodel\w1351_model_em_nan_jt_posui_x12.mesh	OK	424	4	2	1	80	0	1	0	0	4	2
data\effect\effectmodel\w1351_model_em_nan_jt_x01.mesh	OK	11372	279	360	1	5580	0	1	0	0	279	360
data\effect\effectmodel\w1351_model_em_nan_jt_x03.mesh	OK	1580	33	40	1	660	0	1	0	0	33	40
data\effect\effectmodel\w1351_model_em_nan_jt_x04.mesh	OK	120604	3300	1840	1	69680	0	1	1	0	3300	1840
data\effect\effectmodel\w1351_model_em_nan_jt_x05.mesh	OK	88412	2592	864	1	51840	0	1	0	0	2592	864
data\effect\effectmodel\w1351_model_em_nan_jt_x06.mesh	OK	12524	360	120	1	7200	0	1	0	0	360	120
data\effect\effectmodel\w1351_model_em_nan_jt_x08.mesh	OK	42036	1226	420	1	24520	0	1	0	0	1226	420
data\effect\effectmodel\w1351_model_em_nan_jt_x12.mesh	OK	30600	713	1250	1	14260	0	1	0	0	713	1250
data\effect\effectmodel\w1351_model_em_nan_jt_x18.mesh	OK	27900	812	272	1	16240	0	1	0	0	812	272
data\effect\effectmodel\w1351_model_em_nan_jt_x19.mesh	OK	10740	248	420	1	4960	0	1	0	0	248	420
data\effect\effectmodel\w1351_model_em_nan_jt_x20.mesh	OK	13760	396	134	1	7920	0	1	0	0	396	134
data\effect\effectmodel\w1351_model_em_nan_jt_x21.mesh	OK	48540	1148	1920	1	22960	0	1	0	0	1148	1920
data\effect\effectmodel\w1351_model_em_nan_jt_x22.mesh	OK	10556	246	400	1	4920	0	1	0	0	246	400
data\effect\effectmodel\w1351_model_em_nan_jt_x23.mesh	OK	10740	248	420	1	4960	0	1	0	0	248	420
data\effect\effectmodel\w1351_model_em_nan_jt_x24.mesh	OK	72668	1722	2880	1	34440	0	1	0	0	1722	2880
data\effect\effectmodel\w1351_model_em_nan_jt_x25.mesh	OK	5180	123	160	1	2460	0	1	0	0	123	160
data\effect\effectmodel\w1351_model_em_nan_jt_x26.mesh	OK	5780	138	180	1	2760	0	1	0	0	138	180
data\effect\effectmodel\w1351_model_em_nan_sp_h01.mesh	OK	35964	765	1400	1	18100	0	1	1	0	765	1400
data\effect\effectmodel\w1351_model_em_nan_sp_h03.mesh	OK	61852	1324	2400	1	31280	0	1	1	0	1324	2400
data\effect\effectmodel\w1351_model_em_nan_z001.mesh	OK	55836	1250	2304	1	25000	1728	1	0	0	1250	2304
data\effect\effectmodel\w1351_model_em_nv_cy_h01.mesh	OK	87804	1836	3500	1	43720	768	1	1	0	1836	3500
data\effect\effectmodel\w1351_model_em_nv_pl_h01.mesh	OK	10108	217	360	1	5060	0	1	1	0	217	360
data\effect\effectmodel\w1351_model_em_nv_pl_h02.mesh	OK	4924	105	160	1	2420	0	1	1	0	105	160
data\effect\effectmodel\w1351_model_em_nv_sp_h01.mesh	OK	179996	5184	1728	1	107136	0	1	1	0	5184	1728
data\effect\effectmodel\w1351_model_em_nv_sp_h02.mesh	OK	179996	5184	1728	1	107136	0	1	1	0	5184	1728
data\effect\effectmodel\w1351_model_em_pl_h01.mesh	OK	14172	308	504	1	7168	0	1	1	0	308	504
data\effect\effectmodel\w1351_model_emei_h001.mesh	OK	28284	700	700	1	15400	0	1	1	0	700	700
data\effect\effectmodel\w1351_model_emei_h002.mesh	OK	9564	210	320	1	4840	0	1	1	0	210	320
data\effect\effectmodel\w1351_model_emei_h005.mesh	OK	7196	156	240	1	3600	0	1	1	0	156	240
data\effect\effectmodel\w1351_model_emiter_duanyanqing_lf001.mesh	OK	10564	239	328	1	5436	8	1	1	0	239	328
data\effect\effectmodel\w1351_model_emiter_jiumozhi_lf001.mesh	OK	2852	60	80	1	1360	8	1	1	0	60	80
data\effect\effectmodel\w1351_model_emiter_lf001.mesh	OK	4252	90	136	1	2072	0	1	1	0	90	136
data\effect\effectmodel\w1351_model_emiter_lf002.mesh	OK	18408	434	528	2	9736	8	1	1	0	434	264+264
data\effect\effectmodel\w1351_model_emiter_lf003.mesh	OK	2372	50	60	1	1120	8	1	1	0	50	60
data\effect\effectmodel\w1351_model_emiter_lf004.mesh	OK	17788	436	442	3	9604	8	1	1	0	436	402+8+32
data\effect\effectmodel\w1351_model_emitter_c001.mesh	OK	2104	52	26	1	1040	0	1	0	0	52	26
data\effect\effectmodel\w1351_model_eyeswind_lf001.mesh	OK	5860	126	192	1	2904	8	1	1	0	126	192
data\effect\effectmodel\w1351_model_fashe_w001.mesh	OK	2132	44	54	1	988	8	1	1	0	44	54
data\effect\effectmodel\w1351_model_fazhen_jxry_w001.mesh	OK	5372	114	180	1	2640	0	1	1	0	114	180
data\effect\effectmodel\w1351_model_fazhen_jxry_w002.mesh	OK	5372	114	180	1	2640	0	1	1	0	114	180
data\effect\effectmodel\w1351_model_fazhen_qszd_w001.mesh	OK	5164	112	162	1	2564	0	1	1	0	112	162
data\effect\effectmodel\w1351_model_fengsha_h001.mesh	OK	53304	1332	1732	2	26640	0	1	0	0	1332	1600+132
data\effect\effectmodel\w1351_model_flower_c001.mesh	OK	7092	160	210	1	3620	8	1	1	0	160	210
data\effect\effectmodel\w1351_model_flower_h001.mesh	OK	3028	69	67	1	1514	0	0	0	686	69	67
data\effect\effectmodel\w1351_model_flower_h002.mesh	OK	1276	28	12	1	584	0	1	1	0	28	12
data\effect\effectmodel\w1351_model_flower_h003.mesh	OK	5242	136	101	1	2720	0	1	0	0	136	101
data\effect\effectmodel\w1351_model_flower_lf002.mesh	OK	6156	129	217	1	3014	8	0	0	1466	129	217
data\effect\effectmodel\w1351_model_flower_lf003.mesh	OK	34852	780	1200	1	18000	8	1	1	0	780	1200
data\effect\effectmodel\w1351_model_foguang_w001.mesh	OK	5700	124	180	1	2840	8	1	1	0	124	180
data\effect\effectmodel\w1351_model_foguang_w002.mesh	OK	436	4	2	1	84	8	1	1	0	4	2
data\effect\effectmodel\w1351_model_ftbxz_w001.mesh	OK	100060	2878	960	1	59480	0	1	1	0	2878	960
data\effect\effectmodel\w1351_model_ftbxz_w002.mesh	OK	6780	143	240	1	3340	0	1	1	0	143	240
data\effect\effectmodel\w1351_model_ftbxz_w003.mesh	OK	60124	1726	576	1	35672	0	1	1	0	1726	576
data\effect\effectmodel\w1351_model_futou_h001.mesh	OK	5748	143	148	1	2860	0	1	0	0	143	148
data\effect\effectmodel\w1351_model_fuwenzi_l001.mesh	OK	424	4	2	1	80	0	1	0	0	4	2
data\effect\effectmodel\w1351_model_gaibang_h001.mesh	OK	37884	946	916	1	20752	0	1	1	0	946	916
data\effect\effectmodel\w1351_model_gaibang_h002.mesh	OK	12076	256	450	1	6020	0	1	1	0	256	450
data\effect\effectmodel\w1351_model_gaibang_h003.mesh	OK	572	8	4	1	168	0	1	1	0	8	4
data\effect\effectmodel\w1351_model_gaibang_h004.mesh	OK	4924	105	160	1	2420	0	1	1	0	105	160
data\effect\effectmodel\w1351_model_gb_bxsq_h001.mesh	OK	41276	893	1552	1	20964	0	1	1	0	893	1552
data\effect\effectmodel\w1351_model_gb_bxsq_h002.mesh	OK	40636	861	1600	1	20420	0	1	1	0	861	1600
data\effect\effectmodel\w1351_model_gb_dz_w002.mesh	OK	9088	225	200	2	4900	0	1	1	0	225	160+40
data\effect\effectmodel\w1351_model_gb_h001.mesh	OK	4372	91	146	1	2112	8	1	1	0	91	146
data\effect\effectmodel\w1351_model_gb_long_h01.mesh	OK	5132	72	102	1	1644	1728	1	1	0	72	102
data\effect\effectmodel\w1351_model_gb_sp_h01.mesh	OK	23100	459	800	1	10780	1728	1	1	0	459	800
data\effect\effectmodel\w1351_model_gbnv_wuqi_h01.mesh	OK	4844	116	106	1	2532	0	1	1	0	116	106
data\effect\effectmodel\w1351_model_gbrmdz_s02.mesh	OK	3644	81	128	1	1620	0	1	0	0	81	128
data\effect\effectmodel\w1351_model_gbrmdz_s03.mesh	OK	2852	72	44	1	1440	0	1	0	0	72	44
data\effect\effectmodel\w1351_model_gbrmdz_s05.mesh	OK	3932	90	128	1	1800	0	1	0	0	90	128
data\effect\effectmodel\w1351_model_gbrmdz_s07.mesh	OK	2300	51	64	1	1020	0	1	0	0	51	64
data\effect\effectmodel\w1351_model_gbrmdz_s08.mesh	OK	27260	627	1152	1	12540	0	1	0	0	627	1152
data\effect\effectmodel\w1351_model_gc_lens05_qf_h01.mesh	OK	26332	550	960	1	12920	768	1	1	0	550	960
data\effect\effectmodel\w1351_model_gc_lens05_qf_h02.mesh	OK	21884	451	800	1	10620	768	1	1	0	451	800
data\effect\effectmodel\w1351_model_geoshpere_h001.mesh	OK	32068	673	1280	1	16020	8	1	1	0	673	1280
data\effect\effectmodel\w1351_model_glow_lf001.mesh	OK	2404	50	64	1	1128	8	1	1	0	50	64
data\effect\effectmodel\w1351_model_glowline_v1.mesh	OK	2268	50	64	1	1000	0	1	0	0	50	64
data\effect\effectmodel\w1351_model_glowline_v2.mesh	OK	10204	250	320	1	5000	0	1	0	0	250	320
data\effect\effectmodel\w1351_model_glowline_v3.mesh	OK	1716	38	36	1	760	0	1	0	0	38	36
data\effect\effectmodel\w1351_model_glowline_v4.mesh	OK	1716	38	36	1	760	0	1	0	0	38	36
data\effect\effectmodel\w1351_model_glowline_v5.mesh	OK	4700	111	144	1	2220	0	1	0	0	111	144
data\effect\effectmodel\w1351_model_glowline_v6.mesh	OK	3500	81	104	1	1620	0	1	0	0	81	104
data\effect\effectmodel\w1351_model_glowline_v7.mesh	OK	2400	56	54	1	1120	0	1	0	0	56	54
data\effect\effectmodel\w1351_model_gr_light_h001.mesh	OK	119728	3208	2686	1	64160	672	1	0	0	3208	2686
data\effect\effectmodel\w1351_model_gr_light_h002.mesh	OK	30076	786	580	1	16880	0	1	1	0	786	580
data\effect\effectmodel\w1351_model_gr_light_h003.mesh	OK	11644	255	400	1	5900	0	1	1	0	255	400
data\effect\effectmodel\w1351_model_gr_light_h004.mesh	OK	5020	132	64	1	2768	0	1	1	0	132	64
data\effect\effectmodel\w1351_model_gr_ljf_h02.mesh	OK	48636	1025	1920	1	24340	192	1	1	0	1025	1920
data\effect\effectmodel\w1351_model_gr_ll_z001.mesh	OK	18684	425	768	1	8500	192	1	0	0	425	768
data\effect\effectmodel\w1351_model_gr_ll_z002.mesh	OK	18684	425	768	1	8500	192	1	0	0	425	768
data\effect\effectmodel\w1351_model_gr_ll_z003.mesh	OK	43188	1256	420	1	25120	192	1	0	0	1256	420
data\effect\effectmodel\w1351_model_gr_sx_w001.mesh	OK	2684	55	80	1	1260	0	1	1	0	55	80
data\effect\effectmodel\w1351_model_gs_h01.mesh	OK	18428	387	720	1	9180	0	1	1	0	387	720
data\effect\effectmodel\w1351_model_gun_v1.mesh	OK	2572	61	56	1	1220	0	1	0	0	61	56
data\effect\effectmodel\w1351_model_guqin_ban_w001.mesh	OK	9052	252	88	1	5216	0	1	1	0	252	88
data\effect\effectmodel\w1351_model_guqin_hua_w002.mesh	OK	2892	63	74	1	1408	0	1	1	0	63	74
data\effect\effectmodel\w1351_model_halfsphere_c001.mesh	OK	15764	369	612	1	7380	0	1	0	0	369	612
data\effect\effectmodel\w1351_model_hanbingzhou_h001.mesh	OK	2284	49	72	1	980	0	1	0	0	49	72
data\effect\effectmodel\w1351_model_hanbingzhou_l001.mesh	OK	1212	26	16	1	520	0	1	0	0	26	16
data\effect\effectmodel\w1351_model_hanbingzhou_l002.mesh	OK	788	12	20	1	240	0	1	0	0	12	20
data\effect\effectmodel\w1351_model_hand_h001.mesh	OK	8412	195	236	1	4372	0	1	1	0	195	236
data\effect\effectmodel\w1351_model_hand_h002.mesh	OK	3938	84	161	1	1680	0	1	0	0	84	161
data\effect\effectmodel\w1351_model_hand_lf001.mesh	OK	11052	226	442	1	5404	0	1	1	0	226	442
data\effect\effectmodel\w1351_model_hand_lf001a.mesh	OK	11052	226	442	1	5404	0	1	1	0	226	442
data\effect\effectmodel\w1351_model_hand_lf002.mesh	OK	11436	234	458	1	5596	0	1	1	0	234	458
data\effect\effectmodel\w1351_model_hand_lf003.mesh	OK	11436	234	458	1	5596	0	1	1	0	234	458
data\effect\effectmodel\w1351_model_hanmeinufang_h001.mesh	OK	1652	36	36	1	720	0	1	0	0	36	36
data\effect\effectmodel\w1351_model_hanxueling_pubu_s001.mesh	OK	183068	5376	1792	1	107520	0	1	0	0	5376	1792
data\effect\effectmodel\w1351_model_hanxueling_pubu_s002.mesh	OK	7084	184	152	1	3680	0	1	0	0	184	152
data\effect\effectmodel\w1351_model_hb_h001.mesh	OK	612	8	12	1	160	0	1	0	0	8	12
data\effect\effectmodel\w1351_model_hb_h002.mesh	OK	1378	28	33	1	560	0	1	0	0	28	33
data\effect\effectmodel\w1351_model_helix_lf001.mesh	OK	5532	132	128	1	2896	0	1	1	0	132	128
data\effect\effectmodel\w1351_model_helix_lf001a.mesh	OK	5532	132	128	1	2896	0	1	1	0	132	128
data\effect\effectmodel\w1351_model_helix_lf001b.mesh	OK	5532	132	128	1	2896	0	1	1	0	132	128
data\effect\effectmodel\w1351_model_helix_lf002.mesh	OK	9212	204	300	1	4680	0	1	1	0	204	300
data\effect\effectmodel\w1351_model_helix_lf003.mesh	OK	14396	333	432	1	7524	0	1	1	0	333	432
data\effect\effectmodel\w1351_model_helix_lf004.mesh	OK	8412	204	200	1	4480	0	1	1	0	204	200
data\effect\effectmodel\w1351_model_helix_lf005.mesh	OK	17468	385	608	1	8916	0	1	1	0	385	608
data\effect\effectmodel\w1351_model_helix_lf005a.mesh	OK	17468	385	608	1	8916	0	1	1	0	385	608
data\effect\effectmodel\w1351_model_helix_lf006.mesh	OK	17540	432	428	1	9496	8	1	1	0	432	428
data\effect\effectmodel\w1351_model_helix_lf007.mesh	OK	13060	320	316	1	7032	8	1	1	0	320	316
data\effect\effectmodel\w1351_model_helix_lf008.mesh	OK	11652	255	400	1	5900	8	1	1	0	255	400
data\effect\effectmodel\w1351_model_helix_lf009.mesh	OK	4356	102	100	1	2240	8	1	1	0	102	100
data\effect\effectmodel\w1351_model_helix_lf010.mesh	OK	13284	306	400	1	6920	8	1	1	0	306	400
data\effect\effectmodel\w1351_model_hemisphere_c01.mesh	OK	9132	209	360	1	4180	0	1	0	0	209	360
data\effect\effectmodel\w1351_model_hengsaoqiankun_l001.mesh	OK	246128	6417	6750	1	128340	0	1	0	0	6417	6750
data\effect\effectmodel\w1351_model_hhlw_lf001.mesh	OK	115996	3088	2112	1	65984	0	1	1	0	3088	2112
data\effect\effectmodel\w1351_model_hhlw_lf002.mesh	OK	7132	172	168	1	3776	0	1	1	0	172	168
data\effect\effectmodel\w1351_model_hhlw_lf003.mesh	OK	9852	209	360	1	4900	0	1	1	0	209	360
data\effect\effectmodel\w1351_model_hjyw_dq_c01.mesh	OK	6684	155	240	1	3100	0	1	0	0	155	240
data\effect\effectmodel\w1351_model_hjyw_dw_c01.mesh	OK	8036	186	300	1	3720	0	1	0	0	186	300
data\effect\effectmodel\w1351_model_hjyw_hua_w001.mesh	OK	147880	3595	4069	2	80038	0	0	0	36898	3595	2212+1857
data\effect\effectmodel\w1351_model_hjyw_yei_w001.mesh	OK	15804	427	232	1	9004	0	1	1	0	427	232
data\effect\effectmodel\w1351_model_huadiweilao_l001.mesh	OK	12972	356	216	1	7120	0	1	0	0	356	216
data\effect\effectmodel\w1351_model_huagumianzhang_l001.mesh	OK	1628	36	32	1	720	0	1	0	0	36	32
data\effect\effectmodel\w1351_model_huajiao_z001.mesh	OK	132860	3516	3344	1	70320	0	1	0	0	3516	3344
data\effect\effectmodel\w1351_model_huajiao_z002.mesh	OK	139548	3516	3344	1	77008	0	1	1	0	3516	3344
data\effect\effectmodel\w1351_model_huajiao_z003.mesh	OK	25180	583	1040	1	11660	0	1	0	0	583	1040
data\effect\effectmodel\w1351_model_huajiao_z004.mesh	OK	7836	182	288	1	3640	0	1	0	0	182	288
data\effect\effectmodel\w1351_model_huan_jqlyh_emitter_c001.mesh	OK	13828	340	444	1	6800	0	1	0	0	340	444
data\effect\effectmodel\w1351_model_huan_wxjz_emitter_c001.mesh	OK	4796	114	144	1	2280	0	1	0	0	114	144
data\effect\effectmodel\w1351_model_huan_xtlyh_z001.mesh	OK	73972	1747	2964	1	34940	0	1	0	0	1747	2964
data\effect\effectmodel\w1351_model_huan_xyjrh_emitter_c001.mesh	OK	25784	642	826	1	12840	0	1	0	0	642	826
data\effect\effectmodel\w1351_model_huan_xyzls_z001.mesh	OK	2396	54	64	1	1080	0	1	0	0	54	64
data\effect\effectmodel\w1351_model_huandie_fashe_w001.mesh	OK	836	14	12	1	304	8	1	1	0	14	12
data\effect\effectmodel\w1351_model_huanyizhiling_h001.mesh	OK	8836	192	300	1	4440	8	1	1	0	192	300
data\effect\effectmodel\w1351_model_hudie_z001.mesh	OK	500	6	4	1	120	0	1	0	0	6	4
data\effect\effectmodel\w1351_model_huifu.mesh	OK	6044	132	192	1	3024	0	1	1	0	132	192
data\effect\effectmodel\w1351_model_hulu_s001.mesh	OK	3740	84	128	1	1680	0	1	0	0	84	128
data\effect\effectmodel\w1351_model_huolongguo_w001.mesh	OK	18468	437	524	1	9788	8	1	1	0	437	524
data\effect\effectmodel\w1351_model_huolongguo_w002.mesh	OK	13588	326	358	1	7236	8	1	1	0	326	358
data\effect\effectmodel\w1351_model_huolongguo_w003.mesh	OK	7156	169	182	1	3744	8	1	1	0	169	182
data\effect\effectmodel\w1351_model_huoshaochibi_s001.mesh	OK	32344	844	842	1	16880	0	1	0	0	844	842
data\effect\effectmodel\w1351_model_huoyanchui_s01.mesh	OK	588	8	8	1	160	0	1	0	0	8	8
data\effect\effectmodel\w1351_model_hxw_fss_z001.mesh	OK	12716	360	120	1	7200	192	1	0	0	360	120
data\effect\effectmodel\w1351_model_hxw_fss_z002.mesh	OK	10268	231	400	1	4620	192	1	0	0	231	400
data\effect\effectmodel\w1351_model_hxw_h01.mesh	OK	17372	378	600	1	8760	192	1	1	0	378	600
data\effect\effectmodel\w1351_model_hxw_h02.mesh	OK	23548	496	900	1	11720	192	1	1	0	496	900
data\effect\effectmodel\w1351_model_hxw_h03.mesh	OK	6108	126	200	1	2920	192	1	1	0	126	200
data\effect\effectmodel\w1351_model_hxw_h04.mesh	OK	44220	936	1748	1	22216	0	1	1	0	936	1748
data\effect\effectmodel\w1351_model_hxw_h05.mesh	OK	220172	6340	2114	1	131028	96	1	1	0	6340	2114
data\effect\effectmodel\w1351_model_hxw_h06.mesh	OK	10860	272	222	1	5884	96	1	1	0	272	222
data\effect\effectmodel\w1351_model_hxw_h07.mesh	OK	44412	936	1748	1	22216	192	1	1	0	936	1748
data\effect\effectmodel\w1351_model_hxw_h08.mesh	OK	20124	434	720	1	10120	192	1	1	0	434	720
data\effect\effectmodel\w1351_model_hxw_jx_z001.mesh	OK	5012	114	180	1	2280	0	1	0	0	114	180
data\effect\effectmodel\w1351_model_hxw_msnh_c001.mesh	OK	8540	198	320	1	3960	0	1	0	0	198	320
data\effect\effectmodel\w1351_model_hxw_msnh_c002.mesh	OK	17628	407	720	1	8140	0	1	0	0	407	720
data\effect\effectmodel\w1351_model_hxw_msnh_c003.mesh	OK	17628	407	720	1	8140	0	1	0	0	407	720
data\effect\effectmodel\w1351_model_hxw_ql_h001.mesh	OK	11068	231	400	1	5420	192	1	1	0	231	400
data\effect\effectmodel\w1351_model_hxw_qmlw_z001.mesh	OK	39260	1140	384	1	22800	192	1	0	0	1140	384
data\effect\effectmodel\w1351_model_hxw_qmlw_z002.mesh	OK	11462	267	439	1	5340	0	1	0	0	267	439
data\effect\effectmodel\w1351_model_hxw_qmlw_z003.mesh	OK	10620	245	384	1	4900	192	1	0	0	245	384
data\effect\effectmodel\w1351_model_hxw_qmlw_z004.mesh	OK	51196	1225	1920	1	24500	192	1	0	0	1225	1920
data\effect\effectmodel\w1351_model_hxw_s001.mesh	OK	20268	500	632	1	10000	192	1	0	0	500	632
data\effect\effectmodel\w1351_model_hxw_shanxing_w001.mesh	OK	3852	80	126	1	1852	0	1	1	0	80	126
data\effect\effectmodel\w1351_model_hxw_shanxing_w002.mesh	OK	2908	66	64	1	1448	0	1	1	0	66	64
data\effect\effectmodel\w1351_model_hxw_tw_c001.mesh	OK	19964	480	720	1	9600	0	1	0	0	480	720
data\effect\effectmodel\w1351_model_hyjj_dao_w001.mesh	OK	3364	70	104	1	1608	8	1	1	0	70	104
data\effect\effectmodel\w1351_model_hyjj_dao_w002.mesh	OK	10980	234	400	1	5480	8	1	1	0	234	400
data\effect\effectmodel\w1351_model_hyrdg_lb_w001.mesh	OK	23580	672	224	1	13888	0	1	1	0	672	224
data\effect\effectmodel\w1351_model_hyrdg_lb_w002.mesh	OK	23580	672	224	1	13888	0	1	1	0	672	224
data\effect\effectmodel\w1351_model_hyrdg_lxx_w001.mesh	OK	24412	696	232	1	14384	0	1	1	0	696	232
data\effect\effectmodel\w1351_model_hyrdg_qiu_w001.mesh	OK	25052	696	312	1	14544	0	1	1	0	696	312
data\effect\effectmodel\w1351_model_hyym_yp.mesh	OK	6044	132	192	1	3024	0	1	1	0	132	192
data\effect\effectmodel\w1351_model_ice_lf001.mesh	OK	50844	1424	624	1	29728	0	1	1	0	1424	624
data\effect\effectmodel\w1351_model_ice_lf003.mesh	OK	36988	814	1176	1	18632	1248	1	1	0	814	1176
data\effect\effectmodel\w1351_model_ice_q_v1.mesh	OK	23253	661	270	1	13220	197	1	0	0	661	270
data\effect\effectmodel\w1351_model_ice_q_v2.mesh	OK	202965	5947	2030	1	118940	197	1	0	0	5947	2030
data\effect\effectmodel\w1351_model_ice_v1.mesh	OK	5964	167	56	1	3340	0	1	0	0	167	56
data\effect\effectmodel\w1351_model_ice_v2.mesh	OK	21543	568	481	1	11360	197	1	0	0	568	481
data\effect\effectmodel\w1351_model_jian_c001.mesh	OK	19972	485	520	1	10740	8	1	1	0	485	520
data\effect\effectmodel\w1351_model_jian_c001_01.mesh	OK	15332	393	308	1	8476	8	1	1	0	393	308
data\effect\effectmodel\w1351_model_jian_c002.mesh	OK	4196	96	104	1	2128	8	1	1	0	96	104
data\effect\effectmodel\w1351_model_jian_c002_01.mesh	OK	3140	76	52	1	1624	8	1	1	0	76	52
data\effect\effectmodel\w1351_model_jian_v1.mesh	OK	73868	1974	1736	1	39480	0	1	0	0	1974	1736
data\effect\effectmodel\w1351_model_jian_z001.mesh	OK	2620	64	48	1	1280	0	1	0	0	64	48
data\effect\effectmodel\w1351_model_jianding_h001.mesh	OK	4681	120	60	1	2400	197	1	0	0	120	60
data\effect\effectmodel\w1351_model_jianding_h002.mesh	OK	3841	96	48	1	1920	197	1	0	0	96	48
data\effect\effectmodel\w1351_model_jianxia_w00.mesh	OK	191548	5503	1896	1	113852	0	1	1	0	5503	1896
data\effect\effectmodel\w1351_model_jianxia_w001.mesh	OK	33788	950	388	1	19776	0	1	1	0	950	388
data\effect\effectmodel\w1351_model_jianxia_w002.mesh	OK	24316	692	236	1	14312	0	1	1	0	692	236
data\effect\effectmodel\w1351_model_jianxia_w003.mesh	OK	16348	452	200	1	9440	0	1	1	0	452	200
data\effect\effectmodel\w1351_model_jianxia_w004.mesh	OK	1996	40	54	1	908	0	1	1	0	40	54
data\effect\effectmodel\w1351_model_jianxia_w005.mesh	OK	4508	100	128	1	2256	0	1	1	0	100	128
data\effect\effectmodel\w1351_model_jianxia_w006.mesh	OK	23004	494	864	1	11608	0	1	1	0	494	864
data\effect\effectmodel\w1351_model_jianxia_w007.mesh	OK	11932	276	352	1	6224	0	1	1	0	276	352
data\effect\effectmodel\w1351_model_jianxia_w008.mesh	OK	23100	624	356	1	13192	0	1	1	0	624	356
data\effect\effectmodel\w1351_model_jianxia_w009.mesh	OK	12188	312	240	1	6720	0	1	1	0	312	240
data\effect\effectmodel\w1351_model_jianyinghu_c001.mesh	OK	4196	90	128	1	2056	8	1	1	0	90	128
data\effect\effectmodel\w1351_model_jianyinghu_c002.mesh	OK	4948	108	150	1	2460	8	1	1	0	108	150
data\effect\effectmodel\w1351_model_jianyinghu_c003.mesh	OK	4196	90	128	1	2056	8	1	1	0	90	128
data\effect\effectmodel\w1351_model_jianyinghu_c004.mesh	OK	4196	90	128	1	2056	8	1	1	0	90	128
data\effect\effectmodel\w1351_model_jianyinghu_c005.mesh	OK	14212	315	480	1	7260	8	1	1	0	315	480
data\effect\effectmodel\w1351_model_jiaxu_c001.mesh	OK	23716	530	808	1	12216	8	1	1	0	530	808
data\effect\effectmodel\w1351_model_jibingzhou_s001.mesh	OK	1636	34	44	1	680	0	1	0	0	34	44
data\effect\effectmodel\w1351_model_jingji_pl01.mesh	OK	10268	222	360	1	5160	0	1	1	0	222	360
data\effect\effectmodel\w1351_model_jinsuo_l001.mesh	OK	2852	72	44	1	1440	0	1	0	0	72	44
data\effect\effectmodel\w1351_model_jinyubaobaob4_lxx_c001.mesh	OK	6844	160	240	1	3200	0	1	0	0	160	240
data\effect\effectmodel\w1351_model_jinyubaobaob6_vein_c001.mesh	OK	18400	448	630	1	8960	0	1	0	0	448	630
data\effect\effectmodel\w1351_model_jiunozhi_huan_w001.mesh	OK	34908	998	336	1	20632	0	1	1	0	998	336
data\effect\effectmodel\w1351_model_jiunozhi_huan_w002.mesh	OK	17628	500	168	1	10336	0	1	1	0	500	168
data\effect\effectmodel\w1351_model_jiunozhi_huan_w003.mesh	OK	5372	114	180	1	2640	0	1	1	0	114	180
data\effect\effectmodel\w1351_model_jiunozhi_lb_w001.mesh	OK	15260	432	144	1	8928	0	1	1	0	432	144
data\effect\effectmodel\w1351_model_jiunozhi_lxx_w002.mesh	OK	76060	2178	760	1	45080	0	1	1	0	2178	760
data\effect\effectmodel\w1351_model_jmz_lyly_c001.mesh	OK	3024	74	62	1	1480	0	1	0	0	74	62
data\effect\effectmodel\w1351_model_jmz_lyly_c002.mesh	OK	1160	24	18	1	480	0	1	0	0	24	18
data\effect\effectmodel\w1351_model_jmz_lyly_c003.mesh	OK	9548	222	360	1	4440	0	1	0	0	222	360
data\effect\effectmodel\w1351_model_jsfmg_w001.mesh	OK	1012	20	10	1	420	8	1	1	0	20	10
data\effect\effectmodel\w1351_model_juliceliang.mesh	OK	477244	11978	11708	1	262976	0	1	1	0	11978	11708
data\effect\effectmodel\w1351_model_juyuan_s001.mesh	OK	11964	308	304	1	6160	0	1	0	0	308	304
data\effect\effectmodel\w1351_model_juyuan_s002.mesh	OK	11964	308	304	1	6160	0	1	0	0	308	304
data\effect\effectmodel\w1351_model_jx_gb_plane_w001.mesh	OK	11644	323	128	1	6716	0	1	1	0	323	128
data\effect\effectmodel\w1351_model_jx_xx02_plan_w002.mesh	OK	2924	76	26	1	1572	0	1	1	0	76	26
data\effect\effectmodel\w1351_model_jx_xx02_plan_w003.mesh	OK	11932	264	400	1	6080	0	1	1	0	264	400
data\effect\effectmodel\w1351_model_jxry_lf001.mesh	OK	56092	1250	1976	1	28952	0	1	1	0	1250	1976
data\effect\effectmodel\w1351_model_kangmin_huan_w001.mesh	OK	5948	126	204	1	2928	0	1	1	0	126	204
data\effect\effectmodel\w1351_model_kangmin_huan_w002.mesh	OK	19068	407	720	1	9580	0	1	1	0	407	720
data\effect\effectmodel\w1351_model_kf_ljf_z001.mesh	OK	539964	14990	10000	1	299800	0	1	0	0	14990	10000
data\effect\effectmodel\w1351_model_kf_ljf_z002.mesh	OK	24668	612	800	1	12240	0	1	0	0	612	800
data\effect\effectmodel\w1351_model_kf_ljf_z003.mesh	OK	202652	5952	1984	1	119040	0	1	0	0	5952	1984
data\effect\effectmodel\w1351_model_kf_ljf_z004.mesh	OK	21532	520	768	1	10400	0	1	0	0	520	768
data\effect\effectmodel\w1351_model_ktw_nan_c01.mesh	OK	10052	240	348	1	4800	0	1	0	0	240	348
data\effect\effectmodel\w1351_model_ktw_nan_c02.mesh	OK	9092	210	348	1	4200	0	1	0	0	210	348
data\effect\effectmodel\w1351_model_ktw_nan_c04.mesh	OK	16180	376	644	1	7520	0	1	0	0	376	644
data\effect\effectmodel\w1351_model_kuangshi_s001.mesh	OK	19692	488	632	1	9760	0	1	0	0	488	632
data\effect\effectmodel\w1351_model_kuihua_s001.mesh	OK	5124	140	60	1	2800	0	1	0	0	140	60
data\effect\effectmodel\w1351_model_kunyuebeiming_h001.mesh	OK	1716	38	36	1	760	0	1	0	0	38	36
data\effect\effectmodel\w1351_model_kunyuebeiming_h002.mesh	OK	868	16	12	1	320	0	1	0	0	16	12
data\effect\effectmodel\w1351_model_kunyuebeiming_h003.mesh	OK	1716	38	36	1	760	0	1	0	0	38	36
data\effect\effectmodel\w1351_model_langhua_w001.mesh	OK	10436	221	384	1	5188	8	1	1	0	221	384
data\effect\effectmodel\w1351_model_lantern_lf001.mesh	OK	10856	253	308	4	5676	0	1	1	0	253	144+32+80+52
data\effect\effectmodel\w1351_model_lantern_lf002.mesh	OK	1572	34	24	1	728	8	1	1	0	34	24
data\effect\effectmodel\w1351_model_lantern_lf003.mesh	OK	4804	110	124	1	2448	8	1	1	0	110	124
data\effect\effectmodel\w1351_model_lantern_lf004.mesh	OK	5700	132	148	1	2936	8	1	1	0	132	148
data\effect\effectmodel\w1351_model_lantern_lf005.mesh	OK	1444	32	16	1	672	8	1	1	0	32	16
data\effect\effectmodel\w1351_model_ldfy_h001.mesh	OK	16540	364	576	1	8432	0	1	1	0	364	576
data\effect\effectmodel\w1351_model_liandao_daoguang01.mesh	OK	7956	174	262	1	4004	8	1	1	0	174	262
data\effect\effectmodel\w1351_model_lianhua_l001.mesh	OK	11608	313	218	1	6260	0	1	0	0	313	218
data\effect\effectmodel\w1351_model_lianyishou_plane_c001.mesh	OK	5988	130	192	1	2984	8	1	1	0	130	192
data\effect\effectmodel\w1351_model_liezhuakuangji_h001.mesh	OK	9212	234	240	1	4680	0	1	0	0	234	240
data\effect\effectmodel\w1351_model_liezhuakuangji_s001.mesh	OK	17420	504	168	1	10080	0	1	0	0	504	168
data\effect\effectmodel\w1351_model_lightning_c001.mesh	OK	7412	184	154	1	3988	8	1	1	0	184	154
data\effect\effectmodel\w1351_model_lijingrubing_h001.mesh	OK	424	4	2	1	80	0	1	0	0	4	2
data\effect\effectmodel\w1351_model_lijingrulai_s001.mesh	OK	22740	659	228	1	13180	0	1	0	0	659	228
data\effect\effectmodel\w1351_model_lijingrulai_s002.mesh	OK	1276	25	32	1	500	0	1	0	0	25	32
data\effect\effectmodel\w1351_model_lijingrulai_s003.mesh	OK	956	18	16	1	360	0	1	0	0	18	16
data\effect\effectmodel\w1351_model_line_lf001.mesh	OK	15548	405	288	1	8676	0	1	1	0	405	288
data\effect\effectmodel\w1351_model_line_lf001a.mesh	OK	16052	418	299	1	8958	0	0	0	3942	418	299
data\effect\effectmodel\w1351_model_line_lf002.mesh	OK	572	8	4	1	168	0	1	1	0	8	4
data\effect\effectmodel\w1351_model_line_lf003.mesh	OK	19708	435	688	1	10076	0	1	1	0	435	688
data\effect\effectmodel\w1351_model_line_lf004.mesh	OK	2364	58	28	1	1216	0	1	1	0	58	28
data\effect\effectmodel\w1351_model_line_lf005_01.mesh	OK	6116	146	144	1	3208	8	1	1	0	146	144
data\effect\effectmodel\w1351_model_line_lf005_02.mesh	OK	14100	346	342	1	7604	8	1	1	0	346	342
data\effect\effectmodel\w1351_model_lingboweibu_l001.mesh	OK	27416	690	842	1	13800	0	1	0	0	690	842
data\effect\effectmodel\w1351_model_lingdang_h001.mesh	OK	11556	252	400	1	5840	8	1	1	0	252	400
data\effect\effectmodel\w1351_model_linghu_yan_w001.mesh	OK	3300	70	96	1	1592	8	1	1	0	70	96
data\effect\effectmodel\w1351_model_liqinglu_skill02_h001.mesh	OK	29780	628	1174	1	14908	8	1	1	0	628	1174
data\effect\effectmodel\w1351_model_ljf_cx001.mesh	OK	52804	1116	2100	1	26520	8	1	1	0	1116	2100
data\effect\effectmodel\w1351_model_long_ui_z01.mesh	OK	6820	178	140	1	3560	0	1	0	0	178	140
data\effect\effectmodel\w1351_model_long_ui_z02.mesh	OK	5064	128	114	1	2560	0	1	0	0	128	114
data\effect\effectmodel\w1351_model_long_ui_z03.mesh	OK	12188	300	384	1	6000	0	1	0	0	300	384
data\effect\effectmodel\w1351_model_long_ui_z04.mesh	OK	6488	150	234	1	3000	0	1	0	0	150	234
data\effect\effectmodel\w1351_model_long_ui_z05.mesh	OK	27996	650	1152	1	13000	0	1	0	0	650	1152
data\effect\effectmodel\w1351_model_longtou_l001.mesh	OK	26100	644	868	1	12880	0	1	0	0	644	868
data\effect\effectmodel\w1351_model_longzhanyuye_l001.mesh	OK	5244	125	160	1	2500	0	1	0	0	125	160
data\effect\effectmodel\w1351_model_longzhanyuye_l002.mesh	OK	1684	40	20	1	800	0	1	0	0	40	20
data\effect\effectmodel\w1351_model_longzhanyuye_l003.mesh	OK	984	20	10	1	400	0	1	0	0	20	10
data\effect\effectmodel\w1351_model_loudou_l002.mesh	OK	1846	37	63	1	740	0	1	0	0	37	63
data\effect\effectmodel\w1351_model_ls_gr_jqfb_z01.mesh	OK	5100	116	184	1	2320	0	1	0	0	116	184
data\effect\effectmodel\w1351_model_ls_gr_jqfb_z02.mesh	OK	69436	1597	3008	1	31940	0	1	0	0	1597	3008
data\effect\effectmodel\w1351_model_ls_gr_w002.mesh	OK	1836	38	42	1	844	0	1	1	0	38	42
data\effect\effectmodel\w1351_model_ls_gr_zd_z01.mesh	OK	28424	822	274	1	16440	192	1	0	0	822	274
data\effect\effectmodel\w1351_model_ls_gr_zd_z02.mesh	OK	264592	7768	2590	1	155360	192	1	0	0	7768	2590
data\effect\effectmodel\w1351_model_ls_huan_z001.mesh	OK	7708	172	288	1	3440	192	1	0	0	172	288
data\effect\effectmodel\w1351_model_ls_lxx_z001.mesh	OK	16028	396	512	1	7920	0	1	0	0	396	512
data\effect\effectmodel\w1351_model_ls_s001.mesh	OK	3356	75	112	1	1500	0	1	0	0	75	112
data\effect\effectmodel\w1351_model_ls_s002.mesh	OK	7100	162	272	1	3240	0	1	0	0	162	272
data\effect\effectmodel\w1351_model_ls_shitou_s001.mesh	OK	1948	43	48	1	860	0	1	0	0	43	48
data\effect\effectmodel\w1351_model_ls_shitou_s002.mesh	OK	3134	75	75	1	1500	0	1	0	0	75	75
data\effect\effectmodel\w1351_model_ls_sjyj_z001.mesh	OK	578	3	1	1	60	192	1	0	0	3	1
data\effect\effectmodel\w1351_model_ls_sjyj_z002.mesh	OK	704	6	6	1	120	192	1	0	0	6	6
data\effect\effectmodel\w1351_model_ls_sjyj_z003.mesh	OK	10076	231	400	1	4620	0	1	0	0	231	400
data\effect\effectmodel\w1351_model_ls_sjyj_z004.mesh	OK	16316	375	672	1	7500	0	1	0	0	375	672
data\effect\effectmodel\w1351_model_ls_sjyj_z005.mesh	OK	18620	429	768	1	8580	0	1	0	0	429	768
data\effect\effectmodel\w1351_model_ls_sjyj_z006.mesh	OK	39068	1140	384	1	22800	0	1	0	0	1140	384
data\effect\effectmodel\w1351_model_ls_sjyj_z007.mesh	OK	132476	3888	1296	1	77760	0	1	0	0	3888	1296
data\effect\effectmodel\w1351_model_ls_tukuai_z002.mesh	OK	16706	483	161	1	9660	0	1	0	0	483	161
data\effect\effectmodel\w1351_model_ls_yd_baoqi_z001.mesh	OK	14140	325	576	1	6500	0	1	0	0	325	576
data\effect\effectmodel\w1351_model_ls_ydcz_z001.mesh	OK	5692	136	144	1	2720	192	1	0	0	136	144
data\effect\effectmodel\w1351_model_ls_yudu_s001.mesh	OK	10776	308	106	1	6160	0	1	0	0	308	106
data\effect\effectmodel\w1351_model_ls_z001.mesh	OK	5504	139	96	2	2780	192	1	0	0	139	64+32
data\effect\effectmodel\w1351_model_ls_z002.mesh	OK	5076	116	180	1	2320	0	1	0	0	116	180
data\effect\effectmodel\w1351_model_ls_zhua_z001.mesh	OK	14324	360	420	1	7200	0	1	0	0	360	420
data\effect\effectmodel\w1351_model_ls_zhua_z002.mesh	OK	2876	63	96	1	1260	0	1	0	0	63	96
data\effect\effectmodel\w1351_model_luding_w001.mesh	OK	39012	1013	788	1	21836	8	1	1	0	1013	788
data\effect\effectmodel\w1351_model_luoyingjian_l001.mesh	OK	1452	32	24	1	640	0	1	0	0	32	24
data\effect\effectmodel\w1351_model_luyan_h001.mesh	OK	53304	1332	1732	2	26640	0	1	0	0	1332	1600+132
data\effect\effectmodel\w1351_model_lxx_h001.mesh	OK	9164	168	246	1	3852	1536	1	1	0	168	246
data\effect\effectmodel\w1351_model_lxx_h002.mesh	OK	1868	42	40	1	840	0	1	0	0	42	40
data\effect\effectmodel\w1351_model_lxx_h003.mesh	OK	1868	42	40	1	840	0	1	0	0	42	40
data\effect\effectmodel\w1351_model_lxx_h004.mesh	OK	2476	58	56	1	1160	0	1	0	0	58	56
data\effect\effectmodel\w1351_model_lxx_h005.mesh	OK	2476	58	56	1	1160	0	1	0	0	58	56
data\effect\effectmodel\w1351_model_lxx_h006.mesh	OK	26396	630	992	1	12600	0	1	0	0	630	992
data\effect\effectmodel\w1351_model_lxx_h007.mesh	OK	26396	630	992	1	12600	0	1	0	0	630	992
data\effect\effectmodel\w1351_model_lxx_h008.mesh	OK	9404	205	320	1	4740	0	1	1	0	205	320
data\effect\effectmodel\w1351_model_lxx_h009.mesh	OK	15228	329	552	1	7684	0	1	1	0	329	552
data\effect\effectmodel\w1351_model_lxx_h010.mesh	OK	15228	329	552	1	7684	0	1	1	0	329	552
data\effect\effectmodel\w1351_model_lxx_h011.mesh	OK	11356	250	384	1	5768	0	1	1	0	250	384
data\effect\effectmodel\w1351_model_lxx_h012.mesh	OK	22428	500	768	1	11536	0	1	1	0	500	768
data\effect\effectmodel\w1351_model_lxx_z001.mesh	OK	3388	82	80	1	1640	0	1	0	0	82	80
data\effect\effectmodel\w1351_model_lyfhc_yanjiang_001.mesh	OK	20804	441	800	1	10420	8	1	1	0	441	800
data\effect\effectmodel\w1351_model_lyfhc_yanjiang_001_pbr.mesh	OK	20804	441	800	1	10420	8	1	1	0	441	800
data\effect\effectmodel\w1351_model_maifu_h001.mesh	OK	1684	40	20	1	800	0	1	0	0	40	20
data\effect\effectmodel\w1351_model_maobi_w001.mesh	OK	6148	141	168	1	3156	8	1	1	0	141	168
data\effect\effectmodel\w1351_model_menghuan_by_w001.mesh	OK	2516	50	78	1	1156	8	1	1	0	50	78
data\effect\effectmodel\w1351_model_menghuan_huan_w002.mesh	OK	1668	33	40	1	740	8	1	1	0	33	40
data\effect\effectmodel\w1351_model_mf_hit01_w001.mesh	OK	3812	80	120	1	1840	8	1	1	0	80	120
data\effect\effectmodel\w1351_model_mf_hit01_w002.mesh	OK	3812	80	120	1	1840	8	1	1	0	80	120
data\effect\effectmodel\w1351_model_mianpian_l001.mesh	OK	424	4	2	1	80	0	1	0	0	4	2
data\effect\effectmodel\w1351_model_mifeng_w001.mesh	OK	9860	215	336	1	4972	8	1	1	0	215	336
data\effect\effectmodel\w1351_model_mig_v6.mesh	OK	1276	25	32	1	500	0	1	0	0	25	32
data\effect\effectmodel\w1351_model_mingjingtai_h001.mesh	OK	3516	74	144	1	1480	0	1	0	0	74	144
data\effect\effectmodel\w1351_model_mj_nan_cy_h01.mesh	OK	20828	442	800	1	10440	0	1	1	0	442	800
data\effect\effectmodel\w1351_model_mj_nan_cy_h02.mesh	OK	29884	637	1152	1	15044	0	1	1	0	637	1152
data\effect\effectmodel\w1351_model_mj_nan_cy_h03.mesh	OK	29884	637	1152	1	15044	0	1	1	0	637	1152
data\effect\effectmodel\w1351_model_mj_pd_w002.mesh	OK	35644	1020	340	1	21080	0	1	1	0	1020	340
data\effect\effectmodel\w1351_model_mj_pd_w003.mesh	OK	9020	252	84	1	5208	0	1	1	0	252	84
data\effect\effectmodel\w1351_model_mj_wave_h001.mesh	OK	31100	663	1200	1	15660	0	1	1	0	663	1200
data\effect\effectmodel\w1351_model_mj_yd_w001.mesh	OK	6080	132	196	2	3032	0	1	1	0	132	180+16
data\effect\effectmodel\w1351_model_mllg_z001.mesh	OK	2108	45	64	1	900	0	1	0	0	45	64
data\effect\effectmodel\w1351_model_mllg_z002.mesh	OK	1412	24	28	1	480	192	1	0	0	24	28
data\effect\effectmodel\w1351_model_mm_yh_w001.mesh	OK	3580	76	108	1	1736	0	1	1	0	76	108
data\effect\effectmodel\w1351_model_mm_yh_w002.mesh	OK	3580	76	108	1	1736	0	1	1	0	76	108
data\effect\effectmodel\w1351_model_mmdd_w002.mesh	OK	428	4	2	1	84	0	1	1	0	4	2
data\effect\effectmodel\w1351_model_mmdd_w003.mesh	OK	8088	179	259	2	4098	0	0	0	1950	179	232+27
data\effect\effectmodel\w1351_model_mmdd_w006.mesh	OK	4476	99	128	1	2236	0	1	1	0	99	128
data\effect\effectmodel\w1351_model_mmdd_w009.mesh	OK	15484	330	580	1	7760	0	1	1	0	330	580
data\effect\effectmodel\w1351_model_mountain_h001.mesh	OK	486716	10201	20000	1	244020	0	1	1	0	10201	20000
data\effect\effectmodel\w1351_model_mountain_h002.mesh	OK	353793	8126	11660	1	185840	197	1	1	0	8126	11660
data\effect\effectmodel\w1351_model_mountains_lf001.mesh	OK	7804	175	240	1	3980	0	1	1	0	175	240
data\effect\effectmodel\w1351_model_mountains_lf002.mesh	OK	6236	146	160	1	3240	0	1	1	0	146	160
data\effect\effectmodel\w1351_model_mountains_lf003.mesh	OK	7804	175	240	1	3980	0	1	1	0	175	240
data\effect\effectmodel\w1351_model_mr_cj_nan_dg_lf001.mesh	OK	23156	572	570	1	12580	8	1	1	0	572	570
data\effect\effectmodel\w1351_model_mr_cj_nan_wind_lf001.mesh	OK	9444	216	280	1	4880	8	1	1	0	216	280
data\effect\effectmodel\w1351_model_mr_cj_nan_wind_lf002.mesh	OK	18404	426	560	1	9640	8	1	1	0	426	560
data\effect\effectmodel\w1351_model_mr_cj_nv_dg_lf001.mesh	OK	10436	254	252	1	5584	8	1	1	0	254	252
data\effect\effectmodel\w1351_model_mr_cj_nv_lines_lf001.mesh	OK	10820	230	396	1	5392	8	1	1	0	230	396
data\effect\effectmodel\w1351_model_mr_cj_nv_ring_lf001.mesh	OK	32772	720	1180	1	16760	8	1	1	0	720	1180
data\effect\effectmodel\w1351_model_mrf_xwz_c01.mesh	OK	14300	330	576	1	6600	0	1	0	0	330	576
data\effect\effectmodel\w1351_model_mrf_xwz_c02.mesh	OK	10780	247	432	1	4940	0	1	0	0	247	432
data\effect\effectmodel\w1351_model_mxt_w001.mesh	OK	32676	774	952	1	17384	8	1	1	0	774	952
data\effect\effectmodel\w1351_model_nan_wujian_lf129_139.mesh	OK	6676	160	158	1	3516	8	1	1	0	160	158
data\effect\effectmodel\w1351_model_nan_wujian_lf12_40.mesh	OK	5796	138	136	1	3032	8	1	1	0	138	136
data\effect\effectmodel\w1351_model_nan_wujian_lf171_187.mesh	OK	9836	239	237	1	5254	8	0	0	2386	239	237
data\effect\effectmodel\w1351_model_nan_wujian_lf187_201.mesh	OK	8196	198	196	1	4352	8	1	1	0	198	196
data\effect\effectmodel\w1351_model_nan_wujian_lf234_241.mesh	OK	6196	148	146	1	3252	8	1	1	0	148	146
data\effect\effectmodel\w1351_model_nan_wujian_lf245_263.mesh	OK	7276	175	173	1	3846	8	0	0	1746	175	173
data\effect\effectmodel\w1351_model_nan_wujian_lf294_314.mesh	OK	5956	142	140	1	3120	8	1	1	0	142	140
data\effect\effectmodel\w1351_model_nan_wujian_lf314_329.mesh	OK	5956	142	140	1	3120	8	1	1	0	142	140
data\effect\effectmodel\w1351_model_nan_wujian_lf55_74.mesh	OK	3316	76	74	1	1668	8	1	1	0	76	74
data\effect\effectmodel\w1351_model_nan_wujian_lf74_96.mesh	OK	5876	140	138	1	3076	8	1	1	0	140	138
data\effect\effectmodel\w1351_model_nan_wujian_lf97_127.mesh	OK	6356	152	150	1	3340	8	1	1	0	152	150
data\effect\effectmodel\w1351_model_niujiao_z001.mesh	OK	3196	64	112	1	1280	192	1	0	0	64	112
data\effect\effectmodel\w1351_model_niujiao_z002.mesh	OK	3904	82	134	1	1640	192	1	0	0	82	134
data\effect\effectmodel\w1351_model_npc_liqinglu_hit_h001.mesh	OK	7908	161	308	1	3836	8	1	1	0	161	308
data\effect\effectmodel\w1351_model_npc_liqinglu_hit_h002.mesh	OK	5044	102	186	1	2412	8	1	1	0	102	186
data\effect\effectmodel\w1351_model_npc_s001.mesh	OK	12476	306	400	1	6120	0	1	0	0	306	400
data\effect\effectmodel\w1351_model_npc_zl_cone_c001.mesh	OK	4836	102	160	1	2360	8	1	1	0	102	160
data\effect\effectmodel\w1351_model_npc_zl_lxx_c001.mesh	OK	3812	80	120	1	1840	8	0	0	1840	0	120
data\effect\effectmodel\w1351_model_npc_zl_lxx_c002.mesh	OK	3812	80	120	1	1840	8	0	0	1840	0	120
data\effect\effectmodel\w1351_model_npc_zl_lxx_c003.mesh	OK	23332	504	864	1	11808	8	1	1	0	504	864
data\effect\effectmodel\w1351_model_npc_zl_lxx_c004.mesh	OK	25636	640	608	1	14016	8	1	1	0	640	608
data\effect\effectmodel\w1351_model_nv_mj_jt_x04.mesh	OK	23516	546	960	1	10920	0	1	0	0	546	960
data\effect\effectmodel\w1351_model_nv_mj_jt_x05.mesh	OK	10076	234	384	1	4680	0	1	0	0	234	384
data\effect\effectmodel\w1351_model_nv_mj_jt_x06.mesh	OK	10076	234	384	1	4680	0	1	0	0	234	384
data\effect\effectmodel\w1351_model_nv_mj_jt_x08.mesh	OK	55196	1320	2048	1	26400	384	1	0	0	1320	2048
data\effect\effectmodel\w1351_model_nv_mj_jt_x09.mesh	OK	131220	3206	4724	1	64120	0	1	0	0	3206	4724
data\effect\effectmodel\w1351_model_nv_mj_jt_x10.mesh	OK	12860	297	512	1	5940	0	1	0	0	297	512
data\effect\effectmodel\w1351_model_nv_mj_jt_x12.mesh	OK	15342	359	595	1	7180	0	1	0	0	359	595
data\effect\effectmodel\w1351_model_nv_mj_jt_x14.mesh	OK	7068	155	240	1	3100	384	1	0	0	155	240
data\effect\effectmodel\w1351_model_nv_mj_jt_x15.mesh	OK	860	15	16	1	300	0	1	0	0	15	16
data\effect\effectmodel\w1351_model_nv_mj_jt_x16.mesh	OK	23324	528	960	1	10560	384	1	0	0	528	960
data\effect\effectmodel\w1351_model_nv_mj_jt_x17.mesh	OK	8484	206	204	1	4120	384	1	0	0	206	204
data\effect\effectmodel\w1351_model_nv_mj_jt_x20.mesh	OK	6764	153	200	1	3060	384	1	0	0	153	200
data\effect\effectmodel\w1351_model_nv_mj_jt_x21.mesh	OK	6764	153	200	1	3060	384	1	0	0	153	200
data\effect\effectmodel\w1351_model_nv_mj_jt_x23.mesh	OK	4532	102	100	1	2040	384	1	0	0	102	100
data\effect\effectmodel\w1351_model_nv_mj_jt_x24.mesh	OK	17452	442	440	1	8840	384	1	0	0	442	440
data\effect\effectmodel\w1351_model_nv_mj_jt_x25.mesh	OK	34032	824	1230	1	16480	0	1	0	0	824	1230
data\effect\effectmodel\w1351_model_nv_mj_jt_x27.mesh	OK	4220	99	128	1	1980	0	1	0	0	99	128
data\effect\effectmodel\w1351_model_nv_mj_jt_x28.mesh	OK	5324	117	152	1	2340	384	1	0	0	117	152
data\effect\effectmodel\w1351_model_nv_wujian_lf119_135.mesh	OK	7556	182	180	1	4000	8	1	1	0	182	180
data\effect\effectmodel\w1351_model_nv_wujian_lf119_151.mesh	OK	16676	410	408	1	9016	8	1	1	0	410	408
data\effect\effectmodel\w1351_model_nv_wujian_lf135_151.mesh	OK	4516	106	104	1	2328	8	1	1	0	106	104
data\effect\effectmodel\w1351_model_nv_wujian_lf151_165.mesh	OK	7076	170	168	1	3736	8	1	1	0	170	168
data\effect\effectmodel\w1351_model_nv_wujian_lf167_201.mesh	OK	16676	410	408	1	9016	8	1	1	0	410	408
data\effect\effectmodel\w1351_model_nv_wujian_lf285_295.mesh	OK	3796	88	86	1	1932	8	1	1	0	88	86
data\effect\effectmodel\w1351_model_nv_wujian_lf301_316.mesh	OK	6356	152	150	1	3340	8	1	1	0	152	150
data\effect\effectmodel\w1351_model_nv_wujian_lf316_338.mesh	OK	9156	222	220	1	4880	8	1	1	0	222	220
data\effect\effectmodel\w1351_model_nv_wujian_lf378_399.mesh	OK	9956	242	240	1	5320	8	1	1	0	242	240
data\effect\effectmodel\w1351_model_nv_wujian_lf95-108.mesh	OK	8996	218	216	1	4792	8	1	1	0	218	216
data\effect\effectmodel\w1351_model_nv_wujian_lf95_116.mesh	OK	12836	314	312	1	6904	8	1	1	0	314	312
data\effect\effectmodel\w1351_model_obj_lf001.mesh	OK	1116	18	32	1	424	0	1	1	0	18	32
data\effect\effectmodel\w1351_model_other_xiaohualing_x01.mesh	OK	2996	66	100	1	1320	0	1	0	0	66	100
data\effect\effectmodel\w1351_model_paopao_w001.mesh	OK	116644	2481	4620	1	58860	8	1	1	0	2481	4620
data\effect\effectmodel\w1351_model_pets_tgtx_b4_c001.mesh	OK	4964	98	192	1	2344	8	1	1	0	98	192
data\effect\effectmodel\w1351_model_pets_tgtx_b6_c001.mesh	OK	2884	60	84	1	1368	8	1	1	0	60	84
data\effect\effectmodel\w1351_model_pets_tgtx_b8_c001.mesh	OK	7892	167	282	1	3904	8	1	1	0	167	282
data\effect\effectmodel\w1351_model_pets_tgtx_b8_c002.mesh	OK	16532	387	482	1	8704	8	1	1	0	387	482
data\effect\effectmodel\w1351_model_pets_tgtx_c001.mesh	OK	5604	126	160	1	2840	8	1	1	0	126	160
data\effect\effectmodel\w1351_model_pets_tgtx_c002.mesh	OK	37732	836	1336	1	19392	8	1	1	0	836	1336
data\effect\effectmodel\w1351_model_pets_tgtx_c003.mesh	OK	4900	116	112	1	2544	8	1	1	0	116	112
data\effect\effectmodel\w1351_model_pets_tgtx_c005.mesh	OK	8132	198	188	1	4336	8	1	1	0	198	188
data\effect\effectmodel\w1351_model_pets_xhl_b5_c01.mesh	OK	15740	363	640	1	7260	0	1	0	0	363	640
data\effect\effectmodel\w1351_model_pets_xiaomuling_idle02_p6_c001.mesh	OK	13756	325	512	1	6500	0	1	0	0	325	512
data\effect\effectmodel\w1351_model_pets_xiaomuling_idle02_p6_c002.mesh	OK	23228	555	864	1	11100	0	1	0	0	555	864
data\effect\effectmodel\w1351_model_pets_xiaomuling_idle02_p6_c003.mesh	OK	8764	205	320	1	4100	0	1	0	0	205	320
data\effect\effectmodel\w1351_model_pets_xiaomuling_idle02_p6_c004.mesh	OK	8764	205	320	1	4100	0	1	0	0	205	320
data\effect\effectmodel\w1351_model_pets_xiaomuling_idle02_p6_c005.mesh	OK	8764	205	320	1	4100	0	1	0	0	205	320
data\effect\effectmodel\w1351_model_pets_xiaomuling_idle02_p6_c006.mesh	OK	8764	205	320	1	4100	0	1	0	0	205	320
data\effect\effectmodel\w1351_model_pets_xiaomuling_idle02_p8_c01.mesh	OK	9180	215	336	1	4300	0	1	0	0	215	336
data\effect\effectmodel\w1351_model_pets_xiaomuling_idle02_p8_c02.mesh	OK	8348	195	304	1	3900	0	1	0	0	195	304
data\effect\effectmodel\w1351_model_pets_xiaomuling_idle02_p8_c03.mesh	OK	8348	195	304	1	3900	0	1	0	0	195	304
data\effect\effectmodel\w1351_model_pets_xiaomuling_idle02_p8_c04.mesh	OK	7932	185	288	1	3700	0	1	0	0	185	288
data\effect\effectmodel\w1351_model_pets_xiaomuling_idle02_p8_c05.mesh	OK	14396	333	576	1	6660	0	1	0	0	333	576
data\effect\effectmodel\w1351_model_pets_xiaomuling_idle03_p8_c01.mesh	OK	8764	205	320	1	4100	0	1	0	0	205	320
data\effect\effectmodel\w1351_model_pipa_firedi_cx001.mesh	OK	18308	395	672	1	9244	8	1	1	0	395	672
data\effect\effectmodel\w1351_model_pipa_luoxuan_cx002.mesh	OK	22260	480	826	1	11252	8	1	1	0	480	826
data\effect\effectmodel\w1351_model_pipa_luoxuan_cx003.mesh	OK	22260	480	826	1	11252	8	1	1	0	480	826
data\effect\effectmodel\w1351_model_pipa_mianpian.mesh	OK	1348	25	32	1	564	8	1	1	0	25	32
data\effect\effectmodel\w1351_model_pipa_touzhao_cx004.mesh	OK	2404	50	64	1	1128	8	1	1	0	50	64
data\effect\effectmodel\w1351_model_pjs_z01.mesh	OK	7644	194	192	1	3880	0	1	0	0	194	192
data\effect\effectmodel\w1351_model_pl_h001.mesh	OK	1276	25	32	1	500	0	1	0	0	25	32
data\effect\effectmodel\w1351_model_pl_h002.mesh	OK	10844	255	400	1	5100	0	1	0	0	255	400
data\effect\effectmodel\w1351_model_pl_h003.mesh	OK	10844	255	400	1	5100	0	1	0	0	255	400
data\effect\effectmodel\w1351_model_pl_h004.mesh	OK	428	4	2	1	84	0	1	1	0	4	2
data\effect\effectmodel\w1351_model_pl_h005.mesh	OK	428	4	2	1	84	0	1	1	0	4	2
data\effect\effectmodel\w1351_model_pl_h006.mesh	OK	41980	155	240	1	3580	34816	1	1	0	155	240
data\effect\effectmodel\w1351_model_pl_h007.mesh	OK	6276	135	208	1	3116	8	1	1	0	135	208
data\effect\effectmodel\w1351_model_plane120_lf001.mesh	OK	2276	50	48	1	1096	8	1	1	0	50	48
data\effect\effectmodel\w1351_model_plane120_lf002.mesh	OK	4292	100	100	1	2200	8	1	1	0	100	100
data\effect\effectmodel\w1351_model_plane30_lf001.mesh	OK	676	10	8	1	216	8	1	1	0	10	8
data\effect\effectmodel\w1351_model_plane30_lf002.mesh	OK	1092	20	20	1	440	8	1	1	0	20	20
data\effect\effectmodel\w1351_model_plane_c002.mesh	OK	2268	50	64	1	1000	0	1	0	0	50	64
data\effect\effectmodel\w1351_model_plane_c003.mesh	OK	2244	45	64	1	1028	8	1	1	0	45	64
data\effect\effectmodel\w1351_model_plane_c004.mesh	OK	2116	42	60	1	960	8	1	1	0	42	60
data\effect\effectmodel\w1351_model_plane_c005.mesh	OK	3076	63	96	1	1452	8	1	1	0	63	96
data\effect\effectmodel\w1351_model_plane_c006.mesh	OK	5124	112	156	1	2552	8	1	1	0	112	156
data\effect\effectmodel\w1351_model_plane_c007.mesh	OK	16708	378	540	1	8640	8	1	1	0	378	540
data\effect\effectmodel\w1351_model_plane_c008.mesh	OK	3396	72	100	1	1640	8	1	1	0	72	100
data\effect\effectmodel\w1351_model_plane_c009.mesh	OK	2052	42	52	1	944	8	1	1	0	42	52
data\effect\effectmodel\w1351_model_plane_c01.mesh	OK	424	4	2	1	80	0	1	0	0	4	2
data\effect\effectmodel\w1351_model_plane_glow_c002.mesh	OK	4508	105	144	1	2100	0	1	0	0	105	144
data\effect\effectmodel\w1351_model_plane_glow_c01.mesh	OK	1388	30	24	1	600	0	1	0	0	30	24
data\effect\effectmodel\w1351_model_plane_glow_c02.mesh	OK	1700	36	32	1	784	8	1	1	0	36	32
data\effect\effectmodel\w1351_model_plane_h001.mesh	OK	424	4	2	1	80	0	1	0	0	4	2
data\effect\effectmodel\w1351_model_plane_h002.mesh	OK	424	4	2	1	80	0	1	0	0	4	2
data\effect\effectmodel\w1351_model_plane_lf001.mesh	OK	572	8	4	1	168	0	1	1	0	8	4
data\effect\effectmodel\w1351_model_plane_lf002.mesh	OK	2428	49	72	1	1124	0	1	1	0	49	72
data\effect\effectmodel\w1351_model_plane_lf003.mesh	OK	20796	441	800	1	10420	0	1	1	0	441	800
data\effect\effectmodel\w1351_model_plane_lf004.mesh	OK	14068	300	522	1	7044	8	1	1	0	300	522
data\effect\effectmodel\w1351_model_plane_lf005.mesh	OK	7236	153	256	1	3572	8	1	1	0	153	256
data\effect\effectmodel\w1351_model_plane_lxx_c001.mesh	OK	7268	171	252	1	3420	0	1	0	0	171	252
data\effect\effectmodel\w1351_model_plane_lxx_c002.mesh	OK	7100	165	256	1	3300	0	1	0	0	165	256
data\effect\effectmodel\w1351_model_plane_lxx_c003.mesh	OK	7620	165	256	1	3812	8	1	1	0	165	256
data\effect\effectmodel\w1351_model_plane_lxx_c004.mesh	OK	8644	184	308	1	4296	8	1	1	0	184	308
data\effect\effectmodel\w1351_model_plane_lxx_c005.mesh	OK	5956	132	180	1	3000	8	1	1	0	132	180
data\effect\effectmodel\w1351_model_plane_lxx_c006.mesh	OK	12900	295	396	1	6692	8	1	1	0	295	396
data\effect\effectmodel\w1351_model_plane_lxx_c007.mesh	OK	9572	210	320	1	4840	8	1	1	0	210	320
data\effect\effectmodel\w1351_model_plane_s001.mesh	OK	620	9	8	1	180	0	1	0	0	9	8
data\effect\effectmodel\w1351_model_plane_s002.mesh	OK	2268	50	64	1	1000	0	1	0	0	50	64
data\effect\effectmodel\w1351_model_plane_s003.mesh	OK	1212	26	16	1	520	0	1	0	0	26	16
data\effect\effectmodel\w1351_model_plane_w001.mesh	OK	1348	25	32	1	564	8	1	1	0	25	32
data\effect\effectmodel\w1351_model_plane_z001.mesh	OK	1276	25	32	1	500	0	1	0	0	25	32
data\effect\effectmodel\w1351_model_pmf_cf_z01.mesh	OK	11296	263	416	1	5260	100	1	0	0	263	416
data\effect\effectmodel\w1351_model_pmf_cf_z02.mesh	OK	17728	407	720	1	8140	100	1	0	0	407	720
data\effect\effectmodel\w1351_model_pmf_cf_z03.mesh	OK	2368	50	64	1	1000	100	1	0	0	50	64
data\effect\effectmodel\w1351_model_pmf_cf_z04.mesh	OK	17728	407	720	1	8140	100	1	0	0	407	720
data\effect\effectmodel\w1351_model_pmf_lqs_ymgz_c02.mesh	OK	3356	75	112	1	1500	0	1	0	0	75	112
data\effect\effectmodel\w1351_model_pmf_s001.mesh	OK	13116	305	512	1	6100	0	1	0	0	305	512
data\effect\effectmodel\w1351_model_pmf_s002.mesh	OK	462328	13588	4538	1	271760	0	1	0	0	13588	4538
data\effect\effectmodel\w1351_model_pmf_s003.mesh	OK	10428	245	384	1	4900	0	1	0	0	245	384
data\effect\effectmodel\w1351_model_pmf_s004.mesh	OK	13592	390	138	1	7800	0	1	0	0	390	138
data\effect\effectmodel\w1351_model_pmf_s005.mesh	OK	3740	84	128	1	1680	0	1	0	0	84	128
data\effect\effectmodel\w1351_model_pmf_s006.mesh	OK	860	15	16	1	300	0	1	0	0	15	16
data\effect\effectmodel\w1351_model_pmf_s007.mesh	OK	302808	8897	2970	1	177940	0	0	0	177940	0	2970
data\effect\effectmodel\w1351_model_pmf_s008.mesh	OK	13156	304	524	1	6080	0	1	0	0	304	524
data\effect\effectmodel\w1351_model_pmf_s009.mesh	OK	564	8	4	1	160	0	1	0	0	8	4
data\effect\effectmodel\w1351_model_pmf_s010.mesh	OK	191482	5623	1877	1	112460	0	1	0	0	5623	1877
data\effect\effectmodel\w1351_model_pt_fw_w001.mesh	OK	5156	110	168	1	2536	8	1	1	0	110	168
data\effect\effectmodel\w1351_model_pt_fw_w002.mesh	OK	4260	90	136	1	2072	8	1	1	0	90	136
data\effect\effectmodel\w1351_model_pt_hh_w002.mesh	OK	5108	108	170	1	2500	8	1	1	0	108	170
data\effect\effectmodel\w1351_model_pt_hx_w001.mesh	OK	3204	66	100	1	1520	8	1	1	0	66	100
data\effect\effectmodel\w1351_model_pt_hz_w001.mesh	OK	5380	114	180	1	2640	8	1	1	0	114	180
data\effect\effectmodel\w1351_model_pt_hz_w002.mesh	OK	5028	112	144	1	2528	8	1	1	0	112	144
data\effect\effectmodel\w1351_model_pt_jsxj_c001.mesh	OK	12860	297	512	1	5940	0	1	0	0	297	512
data\effect\effectmodel\w1351_model_pt_jsxj_c002.mesh	OK	3772	85	128	1	1700	0	1	0	0	85	128
data\effect\effectmodel\w1351_model_pt_jsxj_c003.mesh	OK	15740	363	640	1	7260	0	1	0	0	363	640
data\effect\effectmodel\w1351_model_pt_sx_w001.mesh	OK	10756	228	396	1	5352	8	1	1	0	228	396
data\effect\effectmodel\w1351_model_pt_tzzd_c001.mesh	OK	9980	231	384	1	4620	0	1	0	0	231	384
data\effect\effectmodel\w1351_model_pt_tzzd_c002.mesh	OK	43836	1001	1920	1	20020	0	1	0	0	1001	1920
data\effect\effectmodel\w1351_model_pt_yp_w002.mesh	OK	6276	133	216	1	3092	8	1	1	0	133	216
data\effect\effectmodel\w1351_model_pubu_h001.mesh	OK	11708	336	112	1	6720	0	1	0	0	336	112
data\effect\effectmodel\w1351_model_pubu_h002.mesh	OK	6716	153	256	1	3060	0	1	0	0	153	256
data\effect\effectmodel\w1351_model_pubu_l001.mesh	OK	6332	168	112	1	3360	0	1	0	0	168	112
data\effect\effectmodel\w1351_model_pubu_lf001.mesh	OK	3804	80	120	1	1840	0	1	1	0	80	120
data\effect\effectmodel\w1351_model_pubu_s001.mesh	OK	8364	200	280	1	4000	0	1	0	0	200	280
data\effect\effectmodel\w1351_model_pubu_s002.mesh	OK	11708	336	112	1	6720	0	1	0	0	336	112
data\effect\effectmodel\w1351_model_pubu_s003.mesh	OK	3516	80	112	1	1600	0	1	0	0	80	112
data\effect\effectmodel\w1351_model_pubu_s004.mesh	OK	3516	80	112	1	1600	0	1	0	0	80	112
data\effect\effectmodel\w1351_model_pubu_s005.mesh	OK	11740	316	224	1	6320	0	1	0	0	316	224
data\effect\effectmodel\w1351_model_pubu_s006.mesh	OK	23132	672	224	1	13440	0	1	0	0	672	224
data\effect\effectmodel\w1351_model_pubu_s007.mesh	OK	11740	316	224	1	6320	0	1	0	0	316	224
data\effect\effectmodel\w1351_model_pubu_s008.mesh	OK	40380	1106	784	1	22120	0	1	0	0	1106	784
data\effect\effectmodel\w1351_model_pubu_s009.mesh	OK	6012	158	112	1	3160	0	1	0	0	158	112
data\effect\effectmodel\w1351_model_pubu_s010.mesh	OK	8364	200	280	1	4000	0	1	0	0	200	280
data\effect\effectmodel\w1351_model_pubu_s011.mesh	OK	11740	316	224	1	6320	0	1	0	0	316	224
data\effect\effectmodel\w1351_model_pubu_s012.mesh	OK	6892	178	152	1	3560	0	1	0	0	178	152
data\effect\effectmodel\w1351_model_pubu_s013.mesh	OK	11708	336	112	1	6720	0	1	0	0	336	112
data\effect\effectmodel\w1351_model_pubu_s014.mesh	OK	17468	474	336	1	9480	0	1	0	0	474	336
data\effect\effectmodel\w1351_model_pubu_s015.mesh	OK	11740	316	224	1	6320	0	1	0	0	316	224
data\effect\effectmodel\w1351_model_pubu_s016.mesh	OK	7708	202	160	1	4040	0	1	0	0	202	160
data\effect\effectmodel\w1351_model_pubu_s017.mesh	OK	860	15	16	1	300	0	1	0	0	15	16
data\effect\effectmodel\w1351_model_pubu_s018.mesh	OK	6812	192	64	1	3840	0	1	0	0	192	64
data\effect\effectmodel\w1351_model_pubu_s019.mesh	OK	15532	448	152	1	8960	0	1	0	0	448	152
data\effect\effectmodel\w1351_model_pubu_s020.mesh	OK	6012	158	112	1	3160	0	1	0	0	158	112
data\effect\effectmodel\w1351_model_pubu_s021.mesh	OK	6012	158	112	1	3160	0	1	0	0	158	112
data\effect\effectmodel\w1351_model_pubu_s022.mesh	OK	18428	504	336	1	10080	0	1	0	0	504	336
data\effect\effectmodel\w1351_model_pubu_s023.mesh	OK	11708	336	112	1	6720	0	1	0	0	336	112
data\effect\effectmodel\w1351_model_pubu_s024.mesh	OK	18428	504	336	1	10080	0	1	0	0	504	336
data\effect\effectmodel\w1351_model_pubu_s025.mesh	OK	9916	280	112	1	5600	0	1	0	0	280	112
data\effect\effectmodel\w1351_model_pubu_s026.mesh	OK	6332	168	112	1	3360	0	1	0	0	168	112
data\effect\effectmodel\w1351_model_pubu_s027.mesh	OK	30524	840	560	1	16800	0	1	0	0	840	560
data\effect\effectmodel\w1351_model_pubu_s028.mesh	OK	12380	336	224	1	6720	0	1	0	0	336	224
data\effect\effectmodel\w1351_model_pubu_s029.mesh	OK	12380	336	224	1	6720	0	1	0	0	336	224
data\effect\effectmodel\w1351_model_pubu_s030.mesh	OK	6332	168	112	1	3360	0	1	0	0	168	112
data\effect\effectmodel\w1351_model_pubu_s031.mesh	OK	72860	2016	1344	1	40320	0	1	0	0	2016	1344
data\effect\effectmodel\w1351_model_pubu_s032.mesh	OK	103852	2872	1944	1	57440	0	1	0	0	2872	1944
data\effect\effectmodel\w1351_model_pubu_s033.mesh	OK	9980	240	336	1	4800	0	1	0	0	240	336
data\effect\effectmodel\w1351_model_pubu_s034.mesh	OK	80252	2352	784	1	47040	0	1	0	0	2352	784
data\effect\effectmodel\w1351_model_pubu_s035.mesh	OK	15532	448	152	1	8960	0	1	0	0	448	152
data\effect\effectmodel\w1351_model_pubu_s036.mesh	OK	36572	1008	672	1	20160	0	1	0	0	1008	672
data\effect\effectmodel\w1351_model_pubu_s037.mesh	OK	34556	1008	336	1	20160	0	1	0	0	1008	336
data\effect\effectmodel\w1351_model_pubu_s038.mesh	OK	23132	672	224	1	13440	0	1	0	0	672	224
data\effect\effectmodel\w1351_model_pubu_s039.mesh	OK	11708	336	112	1	6720	0	1	0	0	336	112
data\effect\effectmodel\w1351_model_pubu_s040.mesh	OK	6332	168	112	1	3360	0	1	0	0	168	112
data\effect\effectmodel\w1351_model_pubu_s041.mesh	OK	6332	168	112	1	3360	0	1	0	0	168	112
data\effect\effectmodel\w1351_model_pubu_s042.mesh	OK	11708	336	112	1	6720	0	1	0	0	336	112
data\effect\effectmodel\w1351_model_pubu_s043.mesh	OK	6332	168	112	1	3360	0	1	0	0	168	112
data\effect\effectmodel\w1351_model_pubu_s044.mesh	OK	11708	336	112	1	6720	0	1	0	0	336	112
data\effect\effectmodel\w1351_model_pubu_s045.mesh	OK	6332	168	112	1	3360	0	1	0	0	168	112
data\effect\effectmodel\w1351_model_pubu_s046.mesh	OK	18428	504	336	1	10080	0	1	0	0	504	336
data\effect\effectmodel\w1351_model_pubu_s047.mesh	OK	30524	840	560	1	16800	0	1	0	0	840	560
data\effect\effectmodel\w1351_model_qb_ftbxz_emitter_c001.mesh	OK	54888	1394	1666	1	27880	0	1	0	0	1394	1666
data\effect\effectmodel\w1351_model_qb_hhlw_emitter_c001.mesh	OK	5064	128	112	4	2560	0	1	0	0	128	28+28+28+28
data\effect\effectmodel\w1351_model_qb_jczlg_z001.mesh	OK	58484	1473	1844	1	29460	0	1	0	0	1473	1844
data\effect\effectmodel\w1351_model_qb_wyxhq_emitter_c001.mesh	OK	38620	1024	928	1	20480	0	1	0	0	1024	928
data\effect\effectmodel\w1351_model_qf_cy_h01.mesh	OK	20828	442	800	1	10440	0	1	1	0	442	800
data\effect\effectmodel\w1351_model_qf_cy_h03.mesh	OK	59276	1248	2346	1	29652	288	1	1	0	1248	2346
data\effect\effectmodel\w1351_model_qf_skill02_dragon_h05.mesh	OK	152844	4007	3042	1	86224	0	1	1	0	4007	3042
data\effect\effectmodel\w1351_model_qihuan_01.mesh	OK	26844	766	256	1	15832	0	1	1	0	766	256
data\effect\effectmodel\w1351_model_qihuan_03.mesh	OK	26908	768	256	1	15872	0	1	1	0	768	256
data\effect\effectmodel\w1351_model_qihuanb_02.mesh	OK	26908	768	256	1	15872	0	1	1	0	768	256
data\effect\effectmodel\w1351_model_qinglongshi_l003.mesh	OK	1684	40	20	1	800	0	1	0	0	40	20
data\effect\effectmodel\w1351_model_qinglongshi_l004.mesh	OK	984	20	10	1	400	0	1	0	0	20	10
data\effect\effectmodel\w1351_model_qinglongshi_l005.mesh	OK	844	16	8	1	320	0	1	0	0	16	8
data\effect\effectmodel\w1351_model_qingwa_l001.mesh	OK	7012	178	172	1	3560	0	1	0	0	178	172
data\effect\effectmodel\w1351_model_qinming_h001.mesh	OK	3596	81	120	1	1620	0	1	0	0	81	120
data\effect\effectmodel\w1351_model_qszd_bh_w001.mesh	OK	3740	78	120	1	1800	0	1	1	0	78	120
data\effect\effectmodel\w1351_model_qszd_bh_w003.mesh	OK	5340	116	168	1	2656	0	1	1	0	116	168
data\effect\effectmodel\w1351_model_qszd_di_w002.mesh	OK	11580	248	420	1	5800	0	1	1	0	248	420
data\effect\effectmodel\w1351_model_qszd_hr_w001.mesh	OK	8092	174	280	1	4040	0	1	1	0	174	280
data\effect\effectmodel\w1351_model_qszd_hr_w002.mesh	OK	19260	425	672	1	9844	0	1	1	0	425	672
data\effect\effectmodel\w1351_model_qszd_hr_w003.mesh	OK	15260	328	560	1	7680	0	1	1	0	328	560
data\effect\effectmodel\w1351_model_qszd_hr_w004.mesh	OK	14908	322	540	1	7520	0	1	1	0	322	540
data\effect\effectmodel\w1351_model_qszd_hr_w005.mesh	OK	23324	640	320	1	13440	0	1	1	0	640	320
data\effect\effectmodel\w1351_model_qszd_hr_w006.mesh	OK	15260	328	560	1	7680	0	1	1	0	328	560
data\effect\effectmodel\w1351_model_qszd_pd_w001.mesh	OK	9004	192	322	1	4484	0	1	1	0	192	322
data\effect\effectmodel\w1351_model_qszd_pd_w003.mesh	OK	34332	982	328	1	20296	0	1	1	0	982	328
data\effect\effectmodel\w1351_model_qszd_pd_w004.mesh	OK	6492	140	216	1	3232	0	1	1	0	140	216
data\effect\effectmodel\w1351_model_qszd_pd_w005.mesh	OK	23036	495	864	1	11628	0	1	1	0	495	864
data\effect\effectmodel\w1351_model_qszd_yun_w001.mesh	OK	33564	960	320	1	19840	0	1	1	0	960	320
data\effect\effectmodel\w1351_model_qz_v1.mesh	OK	15829	360	638	1	7200	197	1	0	0	360	638
data\effect\effectmodel\w1351_model_ring_h001.mesh	OK	6684	155	240	1	3100	0	1	0	0	155	240
data\effect\effectmodel\w1351_model_ring_lf001.mesh	OK	12028	263	416	1	6092	0	1	1	0	263	416
data\effect\effectmodel\w1351_model_ring_lf002.mesh	OK	102748	2952	1000	1	61040	0	0	0	61040	0	1000
data\effect\effectmodel\w1351_model_ring_lf003.mesh	OK	13596	296	480	1	6880	0	1	1	0	296	480
data\effect\effectmodel\w1351_model_ring_lf004.mesh	OK	15580	358	480	1	8120	0	1	1	0	358	480
data\effect\effectmodel\w1351_model_ring_lf005.mesh	OK	4412	98	124	1	2208	0	1	1	0	98	124
data\effect\effectmodel\w1351_model_ring_lf005a.mesh	OK	4412	98	124	1	2208	0	1	1	0	98	124
data\effect\effectmodel\w1351_model_ring_lf007.mesh	OK	10172	248	244	1	5448	0	1	1	0	248	244
data\effect\effectmodel\w1351_model_ring_lf008.mesh	OK	13596	296	480	1	6880	0	1	1	0	296	480
data\effect\effectmodel\w1351_model_ring_lf009.mesh	OK	3868	84	112	1	1904	0	1	1	0	84	112
data\effect\effectmodel\w1351_model_ring_lf010.mesh	OK	42908	972	1440	1	22320	0	1	1	0	972	1440
data\effect\effectmodel\w1351_model_ring_lf011.mesh	OK	6652	142	228	1	3296	0	1	1	0	142	228
data\effect\effectmodel\w1351_model_ring_lf012.mesh	OK	4220	88	140	1	2040	0	1	1	0	88	140
data\effect\effectmodel\w1351_model_ring_lf013.mesh	OK	4204	97	102	1	2144	0	1	1	0	97	102
data\effect\effectmodel\w1351_model_ring_lf014.mesh	OK	7612	165	256	1	3812	0	1	1	0	165	256
data\effect\effectmodel\w1351_model_ring_lf015.mesh	OK	5148	122	120	1	2680	0	1	1	0	122	120
data\effect\effectmodel\w1351_model_ring_lf016.mesh	OK	13212	304	400	1	6880	0	1	1	0	304	400
data\effect\effectmodel\w1351_model_ring_lf017.mesh	OK	14332	315	496	1	7292	0	1	1	0	315	496
data\effect\effectmodel\w1351_model_ring_lf018.mesh	OK	34724	768	1232	1	17824	8	1	1	0	768	1232
data\effect\effectmodel\w1351_model_ring_lf018E.mesh	OK	34724	768	1232	1	17824	8	1	1	0	768	1232
data\effect\effectmodel\w1351_model_ring_lf019.mesh	OK	20868	483	640	1	10940	8	1	1	0	483	640
data\effect\effectmodel\w1351_model_ring_lf020.mesh	OK	93892	2700	900	1	55800	8	1	1	0	2700	900
data\effect\effectmodel\w1351_model_ring_lf021.mesh	OK	12036	259	432	1	6044	8	1	1	0	259	432
data\effect\effectmodel\w1351_model_ring_s002.mesh	OK	34236	926	720	1	18520	0	1	0	0	926	720
data\effect\effectmodel\w1351_model_ring_wave_c001.mesh	OK	30724	651	1200	1	15420	8	1	1	0	651	1200
data\effect\effectmodel\w1351_model_ring_wave_lf001.mesh	OK	33148	703	1296	1	16652	0	1	1	0	703	1296
data\effect\effectmodel\w1351_model_ring_wave_lf002.mesh	OK	48060	1088	1620	1	25000	0	1	1	0	1088	1620
data\effect\effectmodel\w1351_model_ring_wave_lf010.mesh	OK	10780	226	408	1	5336	0	1	1	0	226	408
data\effect\effectmodel\w1351_model_ryjs01_w001.mesh	OK	1116	24	8	1	496	0	1	1	0	24	8
data\effect\effectmodel\w1351_model_ryjs05_w001.mesh	OK	17548	498	166	1	10292	0	1	1	0	498	166
data\effect\effectmodel\w1351_model_ryjs05_w002.mesh	OK	1324	30	10	1	620	0	1	1	0	30	10
data\effect\effectmodel\w1351_model_ryjs05_w003.mesh	OK	1116	24	8	1	496	0	1	1	0	24	8
data\effect\effectmodel\w1351_model_ryjs05_w004.mesh	OK	1116	24	8	1	496	0	1	1	0	24	8
data\effect\effectmodel\w1351_model_ryjs05_w005.mesh	OK	1116	24	8	1	496	0	1	1	0	24	8
data\effect\effectmodel\w1351_model_ryjs05_w006.mesh	OK	1116	24	8	1	496	0	1	1	0	24	8
data\effect\effectmodel\w1351_model_ryjs05_w007.mesh	OK	23996	684	228	1	14136	0	1	1	0	684	228
data\effect\effectmodel\w1351_model_ryjs08_w001.mesh	OK	22956	654	218	1	13516	0	1	1	0	654	218
data\effect\effectmodel\w1351_model_ryjs08_w002.mesh	OK	10060	282	94	1	5828	0	1	1	0	282	94
data\effect\effectmodel\w1351_model_ryjs08_w003.mesh	OK	5372	114	180	1	2640	0	1	1	0	114	180
data\effect\effectmodel\w1351_model_ryjs_hit02_w002.mesh	OK	8124	224	84	1	4648	0	1	1	0	224	84
data\effect\effectmodel\w1351_model_ryjs_shou_w001.mesh	OK	5196	113	162	1	2584	0	1	1	0	113	162
data\effect\effectmodel\w1351_model_ryjs_w001.mesh	OK	11724	330	110	1	6820	0	1	1	0	330	110
data\effect\effectmodel\w1351_model_ryjs_w002.mesh	OK	6316	174	58	1	3596	0	1	1	0	174	58
data\effect\effectmodel\w1351_model_ryjs_w003.mesh	OK	1324	30	10	1	620	0	1	1	0	30	10
data\effect\effectmodel\w1351_model_ryjs_w004.mesh	OK	1948	48	16	1	992	0	1	1	0	48	16
data\effect\effectmodel\w1351_model_ryjs_w005.mesh	OK	1948	48	16	1	992	0	1	1	0	48	16
data\effect\effectmodel\w1351_model_ryjsb5_hit01_w001.mesh	OK	78908	2268	756	1	46872	0	1	1	0	2268	756
data\effect\effectmodel\w1351_model_scene_gmd_z001.mesh	OK	184636	4225	8192	1	84500	0	1	0	0	4225	8192
data\effect\effectmodel\w1351_model_scene_gmd_z001_pbr.mesh	OK	184636	4225	8192	1	84500	0	1	0	0	4225	8192
data\effect\effectmodel\w1351_model_scene_gmd_z002.mesh	OK	424	4	2	1	80	0	1	0	0	4	2
data\effect\effectmodel\w1351_model_scene_gmd_z002_pbr.mesh	OK	207260	4743	9200	1	94860	0	1	0	0	4743	9200
data\effect\effectmodel\w1351_model_scene_gmd_z003.mesh	OK	74592	1898	2262	1	37960	0	1	0	0	1898	2262
data\effect\effectmodel\w1351_model_scene_gmd_z003_pbr.mesh	OK	74592	1898	2262	1	37960	0	1	0	0	1898	2262
data\effect\effectmodel\w1351_model_scene_gmd_z004.mesh	OK	63400	1456	2754	1	29120	0	1	0	0	1456	2754
data\effect\effectmodel\w1351_model_scene_gmd_z004_pbr.mesh	OK	63400	1456	2754	1	29120	0	1	0	0	1456	2754
data\effect\effectmodel\w1351_model_sd_ldhq_emitter_c001.mesh	OK	5784	140	170	1	2800	0	1	0	0	140	170
data\effect\effectmodel\w1351_model_sd_mhlhg_emitter_c001.mesh	OK	7588	184	236	1	3680	0	1	0	0	184	236
data\effect\effectmodel\w1351_model_sdd_plane_c001.mesh	OK	3748	80	112	1	1824	8	1	1	0	80	112
data\effect\effectmodel\w1351_model_sdd_plane_c002.mesh	OK	3748	80	112	1	1824	8	1	1	0	80	112
data\effect\effectmodel\w1351_model_sdd_plane_c003.mesh	OK	7108	155	232	1	3564	8	1	1	0	155	232
data\effect\effectmodel\w1351_model_shalou_z001.mesh	OK	5660	138	160	1	2760	0	1	0	0	138	160
data\effect\effectmodel\w1351_model_shan_tgpl_w001.mesh	OK	67212	1930	646	1	39892	0	1	1	0	1930	646
data\effect\effectmodel\w1351_model_shan_tlzhs_emitter_c001.mesh	OK	33236	837	1028	1	16740	0	1	0	0	837	1028
data\effect\effectmodel\w1351_model_shaolin01_lf001.mesh	OK	18044	424	524	1	9528	0	1	1	0	424	524
data\effect\effectmodel\w1351_model_shaolin01_lf002.mesh	OK	21788	540	528	1	11856	0	1	1	0	540	528
data\effect\effectmodel\w1351_model_shaolin01_lf003.mesh	OK	6268	133	216	1	3092	0	1	1	0	133	216
data\effect\effectmodel\w1351_model_shaolin01_lf003a.mesh	OK	3292	70	96	1	1592	0	1	1	0	70	96
data\effect\effectmodel\w1351_model_shaolin01_lf004.mesh	OK	29164	640	1050	1	14900	0	1	1	0	640	1050
data\effect\effectmodel\w1351_model_shaolin01_lf005.mesh	OK	104924	2593	2708	1	57276	0	1	1	0	2593	2708
data\effect\effectmodel\w1351_model_shaozejian_c01.mesh	OK	35206	1027	343	1	20540	0	0	0	20540	0	343
data\effect\effectmodel\w1351_model_shaozejian_c02.mesh	OK	6012	140	208	1	2800	0	1	0	0	140	208
data\effect\effectmodel\w1351_model_shaozejian_h01.mesh	OK	1652	36	36	1	720	0	1	0	0	36	36
data\effect\effectmodel\w1351_model_shenghuogong_yanjiang_s001.mesh	OK	1196	24	24	1	480	0	1	0	0	24	24
data\effect\effectmodel\w1351_model_shengji_h001.mesh	OK	4681	120	60	1	2400	197	1	0	0	120	60
data\effect\effectmodel\w1351_model_shici_w002.mesh	OK	163772	4716	1572	1	97464	0	1	1	0	4716	1572
data\effect\effectmodel\w1351_model_shimen_pubu_s001.mesh	OK	3516	80	112	1	1600	0	1	0	0	80	112
data\effect\effectmodel\w1351_model_shimen_pubu_s002.mesh	OK	18428	504	336	1	10080	0	1	0	0	504	336
data\effect\effectmodel\w1351_model_shimen_pubu_s003.mesh	OK	6332	168	112	1	3360	0	1	0	0	168	112
data\effect\effectmodel\w1351_model_shimen_pubu_s004.mesh	OK	6332	168	112	1	3360	0	1	0	0	168	112
data\effect\effectmodel\w1351_model_shimen_pubu_s005.mesh	OK	6332	168	112	1	3360	0	1	0	0	168	112
data\effect\effectmodel\w1351_model_shimen_pubu_s006.mesh	OK	6012	158	112	1	3160	0	1	0	0	158	112
data\effect\effectmodel\w1351_model_shitou_s001.mesh	OK	2324	60	20	1	1200	0	1	0	0	60	20
data\effect\effectmodel\w1351_model_shou_l001.mesh	OK	3938	84	161	1	1680	0	1	0	0	84	161
data\effect\effectmodel\w1351_model_shubennan_c02.mesh	OK	10316	240	376	1	4800	96	1	0	0	240	376
data\effect\effectmodel\w1351_model_shubennan_c03.mesh	OK	7340	168	264	1	3360	96	1	0	0	168	264
data\effect\effectmodel\w1351_model_shubennv_c02.mesh	OK	8636	198	320	1	3960	96	1	0	0	198	320
data\effect\effectmodel\w1351_model_shuibw_w001.mesh	OK	6044	132	192	1	3024	0	1	1	0	132	192
data\effect\effectmodel\w1351_model_shuibw_w003.mesh	OK	6044	132	192	1	3024	0	1	1	0	132	192
data\effect\effectmodel\w1351_model_shuilang_w003.mesh	OK	4108	88	126	1	2012	0	1	1	0	88	126
data\effect\effectmodel\w1351_model_shuilang_w004.mesh	OK	3580	76	108	1	1736	0	1	1	0	76	108
data\effect\effectmodel\w1351_model_shuiuliu_w002.mesh	OK	4932	105	160	1	2420	8	1	1	0	105	160
data\effect\effectmodel\w1351_model_shuizhu_w001.mesh	OK	29076	616	1134	1	14588	8	1	1	0	616	1134
data\effect\effectmodel\w1351_model_shuzi_3_c001.mesh	OK	11556	284	272	1	6224	8	1	1	0	284	272
data\effect\effectmodel\w1351_model_shuzi_4_c001.mesh	OK	6660	162	148	1	3536	8	1	1	0	162	148
data\effect\effectmodel\w1351_model_sj_bq_w003.mesh	OK	14268	296	480	1	6880	672	1	1	0	296	480
data\effect\effectmodel\w1351_model_sj_bq_w004.mesh	OK	18972	395	672	1	9244	672	1	1	0	395	672
data\effect\effectmodel\w1351_model_sj_light_w001.mesh	OK	125100	3208	2686	1	69532	672	1	1	0	3208	2686
data\effect\effectmodel\w1351_model_sj_light_w002.mesh	OK	139388	3582	2976	1	77592	672	1	1	0	3582	2976
data\effect\effectmodel\w1351_model_sj_qiu_w005.mesh	OK	13244	274	440	1	6360	672	1	1	0	274	440
data\effect\effectmodel\w1351_model_sj_s001.mesh	OK	10268	264	256	1	5280	0	1	0	0	264	256
data\effect\effectmodel\w1351_model_sj_s002.mesh	OK	23932	559	960	1	11180	0	1	0	0	559	960
data\effect\effectmodel\w1351_model_sj_s003.mesh	OK	4508	102	160	1	2040	0	1	0	0	102	160
data\effect\effectmodel\w1351_model_sj_s004.mesh	OK	10652	276	256	1	5520	0	1	0	0	276	256
data\effect\effectmodel\w1351_model_sj_s005.mesh	OK	2268	50	64	1	1000	0	1	0	0	50	64
data\effect\effectmodel\w1351_model_sj_s006.mesh	OK	2268	50	64	1	1000	0	1	0	0	50	64
data\effect\effectmodel\w1351_model_sj_s007.mesh	OK	4252	100	128	1	2000	0	1	0	0	100	128
data\effect\effectmodel\w1351_model_sl_buddha_h01.mesh	OK	1000452	22311	35777	1	517774	0	0	0	250042	22311	35777
data\effect\effectmodel\w1351_model_sl_cy_h01.mesh	OK	20828	442	800	1	10440	0	1	1	0	442	800
data\effect\effectmodel\w1351_model_sl_gz_w003.mesh	OK	22204	632	212	1	13064	0	1	1	0	632	212
data\effect\effectmodel\w1351_model_sl_handgird_h01.mesh	OK	12732	277	448	1	6436	0	1	1	0	277	448
data\effect\effectmodel\w1351_model_sl_handgird_h02.mesh	OK	625244	17872	6632	1	370704	0	1	1	0	17872	6632
data\effect\effectmodel\w1351_model_sl_huwan_w001.mesh	OK	16924	480	160	1	9920	0	1	1	0	480	160
data\effect\effectmodel\w1351_model_sl_jd_w001.mesh	OK	4476	95	144	1	2188	0	1	1	0	95	144
data\effect\effectmodel\w1351_model_sl_jian_w001.mesh	OK	8668	190	288	1	4376	0	1	1	0	190	288
data\effect\effectmodel\w1351_model_sl_jian_w002.mesh	OK	8668	190	288	1	4376	0	1	1	0	190	288
data\effect\effectmodel\w1351_model_sl_nan_jt_x04.mesh	OK	13116	287	480	1	5740	768	1	0	0	287	480
data\effect\effectmodel\w1351_model_sl_nan_jt_x06.mesh	OK	44828	1098	1440	1	21960	768	1	0	0	1098	1440
data\effect\effectmodel\w1351_model_sl_nan_jt_x08.mesh	OK	55004	1281	2160	1	25620	768	1	0	0	1281	2160
data\effect\effectmodel\w1351_model_sl_nan_jt_x09.mesh	OK	23996	555	864	1	11100	768	1	0	0	555	864
data\effect\effectmodel\w1351_model_sl_nan_jt_x10.mesh	OK	9980	231	384	1	4620	0	1	0	0	231	384
data\effect\effectmodel\w1351_model_sl_nan_jt_x12.mesh	OK	23996	555	864	1	11100	768	1	0	0	555	864
data\effect\effectmodel\w1351_model_sl_nan_jt_x13.mesh	OK	78940	1885	2928	1	37700	768	1	0	0	1885	2928
data\effect\effectmodel\w1351_model_sl_nan_jt_x14.mesh	OK	28204	655	1160	1	13100	0	1	0	0	655	1160
data\effect\effectmodel\w1351_model_sl_nan_jt_x15.mesh	OK	28204	655	1160	1	13100	0	1	0	0	655	1160
data\effect\effectmodel\w1351_model_sl_nan_jt_x17.mesh	OK	428060	9618	15000	1	222360	0	1	1	0	9618	15000
data\effect\effectmodel\w1351_model_sl_nan_jt_x18.mesh	OK	11164	259	432	1	5180	0	1	0	0	259	432
data\effect\effectmodel\w1351_model_sl_nan_jt_x19.mesh	OK	11164	259	432	1	5180	0	1	0	0	259	432
data\effect\effectmodel\w1351_model_sl_nan_jt_x20.mesh	OK	57276	1331	2400	1	26620	0	1	0	0	1331	2400
data\effect\effectmodel\w1351_model_sl_nan_jt_x21.mesh	OK	8540	198	320	1	3960	0	1	0	0	198	320
data\effect\effectmodel\w1351_model_sl_nan_jt_x22.mesh	OK	15580	370	576	1	7400	0	1	0	0	370	576
data\effect\effectmodel\w1351_model_sl_nan_jt_x23.mesh	OK	23228	555	864	1	11100	0	1	0	0	555	864
data\effect\effectmodel\w1351_model_sl_nan_jt_x24.mesh	OK	23868	533	960	1	10660	768	1	0	0	533	960
data\effect\effectmodel\w1351_model_sl_nan_jt_x25.mesh	OK	599900	14188	18200	1	320160	0	1	1	0	14188	18200
data\effect\effectmodel\w1351_model_sl_nan_jt_x26.mesh	OK	156244	3789	5784	3	75780	0	1	0	0	3789	1344+1900+2540
data\effect\effectmodel\w1351_model_sl_nan_jt_x27.mesh	OK	44572	1276	432	1	26384	0	1	1	0	1276	432
data\effect\effectmodel\w1351_model_sl_nan_jt_x28.mesh	OK	166428	3851	7152	1	77020	0	1	0	0	3851	7152
data\effect\effectmodel\w1351_model_sl_sp_c001.mesh	OK	52588	1506	502	1	31124	96	1	1	0	1506	502
data\effect\effectmodel\w1351_model_sl_sp_h01.mesh	OK	5788	122	200	1	2840	0	1	1	0	122	200
data\effect\effectmodel\w1351_model_sl_sp_h02.mesh	OK	13308	287	480	1	6700	0	1	1	0	287	480
data\effect\effectmodel\w1351_model_sl_yh_w004.mesh	OK	4476	95	144	1	2188	0	1	1	0	95	144
data\effect\effectmodel\w1351_model_slash_z001.mesh	OK	4404	104	100	1	2080	192	1	0	0	104	100
data\effect\effectmodel\w1351_model_slash_z002.mesh	OK	4404	104	100	1	2080	192	1	0	0	104	100
data\effect\effectmodel\w1351_model_sm_w001.mesh	OK	1348	25	32	1	564	8	1	1	0	25	32
data\effect\effectmodel\w1351_model_sm_w002.mesh	OK	2244	45	64	1	1028	8	1	1	0	45	64
data\effect\effectmodel\w1351_model_smo_t1.mesh	OK	3369	79	60	1	1580	197	1	0	0	79	60
data\effect\effectmodel\w1351_model_smo_t2.mesh	OK	3889	84	120	1	1680	197	1	0	0	84	120
data\effect\effectmodel\w1351_model_smo_t3.mesh	OK	34789	855	1158	1	17100	197	1	0	0	855	1158
data\effect\effectmodel\w1351_model_sms_v1.mesh	OK	266249	6119	11660	1	122380	197	1	0	0	6119	11660
data\effect\effectmodel\w1351_model_sp_h001.mesh	OK	57084	1223	2208	1	28876	0	1	1	0	1223	2208
data\effect\effectmodel\w1351_model_sp_h002.mesh	OK	8644	181	320	1	4260	8	1	1	0	181	320
data\effect\effectmodel\w1351_model_sp_h003.mesh	OK	3876	84	112	1	1904	8	1	1	0	84	112
data\effect\effectmodel\w1351_model_sphere_c001.mesh	OK	23932	559	960	1	11180	0	1	0	0	559	960
data\effect\effectmodel\w1351_model_sphere_c002.mesh	OK	5764	126	180	1	2880	8	1	1	0	126	180
data\effect\effectmodel\w1351_model_sphere_lf001.mesh	OK	13596	296	480	1	6880	0	1	1	0	296	480
data\effect\effectmodel\w1351_model_sphere_lf002.mesh	OK	139996	4030	1344	1	83288	0	1	1	0	4030	1344
data\effect\effectmodel\w1351_model_sphere_lf003a.mesh	OK	17724	482	252	1	10144	0	1	1	0	482	252
data\effect\effectmodel\w1351_model_sphere_lf004.mesh	OK	7740	161	288	1	3796	0	1	1	0	161	288
data\effect\effectmodel\w1351_model_sphere_lf005.mesh	OK	25284	556	900	1	12920	8	1	1	0	556	900
data\effect\effectmodel\w1351_model_sphere_w001.mesh	OK	25860	559	960	1	13100	8	1	1	0	559	960
data\effect\effectmodel\w1351_model_sq_emei001_2wq01.mesh	OK	49624	1282	1386	1	25640	0	1	0	0	1282	1386
data\effect\effectmodel\w1351_model_sq_emei001_2wq02.mesh	OK	19260	491	544	1	9820	0	1	0	0	491	544
data\effect\effectmodel\w1351_model_sq_emei001_2wq03.mesh	OK	7012	175	188	1	3500	0	1	0	0	175	188
data\effect\effectmodel\w1351_model_sq_emei001_cone01.mesh	OK	6524	150	240	1	3000	0	1	0	0	150	240
data\effect\effectmodel\w1351_model_sq_emei001_lxx01.mesh	OK	22604	540	840	1	10800	0	1	0	0	540	840
data\effect\effectmodel\w1351_model_sq_emei001_plane01.mesh	OK	10076	231	400	1	4620	0	1	0	0	231	400
data\effect\effectmodel\w1351_model_sq_emei001_wq01.mesh	OK	36980	942	1092	1	18840	0	1	0	0	942	1092
data\effect\effectmodel\w1351_model_sq_emei001_wq02.mesh	OK	12524	309	392	1	6180	0	1	0	0	309	392
data\effect\effectmodel\w1351_model_sq_gb_plane_w001.mesh	OK	4188	90	128	1	2056	0	1	1	0	90	128
data\effect\effectmodel\w1351_model_sq_gb_w001.mesh	OK	86588	2104	2372	1	46824	0	1	1	0	2104	2372
data\effect\effectmodel\w1351_model_sq_gb_w002.mesh	OK	27292	664	720	1	14720	0	1	1	0	664	720
data\effect\effectmodel\w1351_model_sq_gb_w003.mesh	OK	48988	1164	1432	1	26144	0	1	1	0	1164	1432
data\effect\effectmodel\w1351_model_sq_gb_w004.mesh	OK	51868	1152	1840	1	26720	0	1	1	0	1152	1840
data\effect\effectmodel\w1351_model_sq_gb_w005.mesh	OK	26780	620	832	1	14064	0	1	1	0	620	832
data\effect\effectmodel\w1351_model_sq_h001.mesh	OK	428	4	2	1	84	0	1	1	0	4	2
data\effect\effectmodel\w1351_model_sq_lhdmh_z001.mesh	OK	74200	1867	2362	1	37340	0	1	0	0	1867	2362
data\effect\effectmodel\w1351_model_sq_mj_glow_w001.mesh	OK	2348	48	66	1	1092	0	1	1	0	48	66
data\effect\effectmodel\w1351_model_sq_mj_w001.mesh	OK	4860	132	44	1	2728	0	1	1	0	132	44
data\effect\effectmodel\w1351_model_sq_mj_w002.mesh	OK	16412	464	160	1	9600	0	1	1	0	464	160
data\effect\effectmodel\w1351_model_sq_mj_w003.mesh	OK	92972	2672	898	1	55236	0	1	1	0	2672	898
data\effect\effectmodel\w1351_model_sq_mj_w004.mesh	OK	9748	273	91	1	5642	0	0	0	2366	273	91
data\effect\effectmodel\w1351_model_sq_sl_h001.mesh	OK	25756	546	1000	1	12920	0	1	1	0	546	1000
data\effect\effectmodel\w1351_model_sq_sl_h002.mesh	OK	18044	424	524	1	9528	0	1	1	0	424	524
data\effect\effectmodel\w1351_model_sq_tl001_wq01.mesh	OK	37980	916	1048	1	20416	0	1	1	0	916	1048
data\effect\effectmodel\w1351_model_sq_tl001_wq02.mesh	OK	34044	812	972	1	18184	0	1	1	0	812	972
data\effect\effectmodel\w1351_model_sq_tl001_wq03.mesh	OK	12764	300	480	1	6000	0	1	0	0	300	480
data\effect\effectmodel\w1351_model_sq_tl001_wq04.mesh	OK	10100	243	340	1	4860	0	1	0	0	243	340
data\effect\effectmodel\w1351_model_sq_tl001_wq05.mesh	OK	84100	1966	3484	1	39320	0	1	0	0	1966	3484
data\effect\effectmodel\w1351_model_sq_tl001_wq06.mesh	OK	8636	181	320	1	4260	0	1	1	0	181	320
data\effect\effectmodel\w1351_model_sq_tl001_wq07.mesh	OK	45212	1296	432	1	26784	0	1	1	0	1296	432
data\effect\effectmodel\w1351_model_sq_xcylr_z001.mesh	OK	9604	232	316	1	4640	0	1	0	0	232	316
data\effect\effectmodel\w1351_model_sss_jmz_dao01.mesh	OK	7188	176	158	1	3836	8	1	1	0	176	158
data\effect\effectmodel\w1351_model_sss_xys_shou01.mesh	OK	4236	84	157	1	1994	8	0	0	986	84	157
data\effect\effectmodel\w1351_model_stands_h001.mesh	OK	17980	373	720	1	8900	0	1	1	0	373	720
data\effect\effectmodel\w1351_model_stands_h002.mesh	OK	320257	8148	7380	1	177720	197	1	1	0	8148	7380
data\effect\effectmodel\w1351_model_stands_h002_1.mesh	OK	748580	21579	7221	1	446022	0	0	0	187074	21579	7221
data\effect\effectmodel\w1351_model_stands_h003.mesh	OK	44593	1044	1338	1	23556	197	1	1	0	1044	1338
data\effect\effectmodel\w1351_model_stands_h003_1.mesh	OK	453540	10610	14217	1	240634	0	0	0	113314	10610	14217
data\effect\effectmodel\w1351_model_stands_h004.mesh	OK	44817	1030	1422	1	23444	197	1	1	0	1030	1422
data\effect\effectmodel\w1351_model_stands_h004_1.mesh	OK	451492	10546	14217	1	239354	0	0	0	112802	10546	14217
data\effect\effectmodel\w1351_model_sword_lf001.mesh	OK	4284	97	112	1	2164	0	1	1	0	97	112
data\effect\effectmodel\w1351_model_sword_lf003.mesh	OK	9708	232	250	1	5140	0	1	1	0	232	250
data\effect\effectmodel\w1351_model_sword_lf003a.mesh	OK	9708	232	250	1	5140	0	1	1	0	232	250
data\effect\effectmodel\w1351_model_sword_lf004.mesh	OK	62212	1461	1896	1	33012	8	1	1	0	1461	1896
data\effect\effectmodel\w1351_model_sword_lf004_01.mesh	OK	60292	1401	1896	1	31812	8	1	1	0	1401	1896
data\effect\effectmodel\w1351_model_sx_lzs_zzzf_z01.mesh	OK	39268	1144	396	1	22880	0	1	0	0	1144	396
data\effect\effectmodel\w1351_model_sx_lzs_zzzf_z02.mesh	OK	51660	1508	520	1	30160	0	1	0	0	1508	520
data\effect\effectmodel\w1351_model_sx_qm_dqzz_z01.mesh	OK	15740	387	512	1	7740	0	1	0	0	387	512
data\effect\effectmodel\w1351_model_sx_qm_dqzz_z02.mesh	OK	53692	1285	2048	1	25700	0	1	0	0	1285	2048
data\effect\effectmodel\w1351_model_sz_em_gz_w001.mesh	OK	65180	1872	624	1	38688	0	1	1	0	1872	624
data\effect\effectmodel\w1351_model_sz_em_h001.mesh	OK	3556	94	32	1	1944	8	1	1	0	94	32
data\effect\effectmodel\w1351_model_sz_em_jd_w001.mesh	OK	8668	190	288	1	4376	0	1	1	0	190	288
data\effect\effectmodel\w1351_model_sz_em_jj_w001.mesh	OK	38556	1104	368	1	22816	0	1	1	0	1104	368
data\effect\effectmodel\w1351_model_sz_gz_w001.mesh	OK	11900	253	440	1	5940	0	1	1	0	253	440
data\effect\effectmodel\w1351_model_sz_jiao_w001.mesh	OK	3508	93	31	1	1922	0	0	0	806	93	31
data\effect\effectmodel\w1351_model_sz_lxx_w001.mesh	OK	10044	224	324	1	5128	0	1	1	0	224	324
data\effect\effectmodel\w1351_model_sz_mjnv_z01.mesh	OK	27996	650	1152	1	13000	0	1	0	0	650	1152
data\effect\effectmodel\w1351_model_sz_mjnv_z02.mesh	OK	49948	1156	2112	1	23120	0	1	0	0	1156	2112
data\effect\effectmodel\w1351_model_sz_mjnv_z03.mesh	OK	14140	325	576	1	6500	0	1	0	0	325	576
data\effect\effectmodel\w1351_model_sz_mjnv_z04.mesh	OK	6236	150	192	1	3000	0	1	0	0	150	192
data\effect\effectmodel\w1351_model_sz_nan_hhxk_c001.mesh	OK	4964	104	168	1	2416	8	1	1	0	104	168
data\effect\effectmodel\w1351_model_sz_new_ts_c001.mesh	OK	4740	99	160	1	2300	8	1	1	0	99	160
data\effect\effectmodel\w1351_model_sz_nv_hhxk_h001.mesh	OK	6508	137	229	1	3198	8	0	0	3198	0	229
data\effect\effectmodel\w1351_model_sz_piaodai_w001.mesh	OK	17900	508	170	1	10500	0	1	1	0	508	170
data\effect\effectmodel\w1351_model_sz_piaodai_w002.mesh	OK	17900	508	170	1	10500	0	1	1	0	508	170
data\effect\effectmodel\w1351_model_sz_qz_w001.mesh	OK	12764	360	120	1	7440	0	1	1	0	360	120
data\effect\effectmodel\w1351_model_sz_slnv_z01.mesh	OK	10072	229	346	1	4580	384	1	0	0	229	346
data\effect\effectmodel\w1351_model_sz_slnv_z02.mesh	OK	4874	108	125	1	2160	384	1	0	0	108	125
data\effect\effectmodel\w1351_model_sz_slnv_z03.mesh	OK	16868	432	396	1	8640	384	1	0	0	432	396
data\effect\effectmodel\w1351_model_sz_slnv_z04.mesh	OK	53692	1225	2304	1	24500	384	1	0	0	1225	2304
data\effect\effectmodel\w1351_model_sz_slnv_z05.mesh	OK	16412	462	160	1	9240	384	1	0	0	462	160
data\effect\effectmodel\w1351_model_sz_slnv_z06.mesh	OK	42780	1028	1536	1	20560	384	1	0	0	1028	1536
data\effect\effectmodel\w1351_model_sz_tlnan_z01.mesh	OK	42780	1028	1536	1	20560	384	1	0	0	1028	1536
data\effect\effectmodel\w1351_model_sz_xf_qunbai_w001.mesh	OK	17500	384	616	1	8912	0	1	1	0	384	616
data\effect\effectmodel\w1351_model_sz_xf_qunbai_w002.mesh	OK	8892	192	308	1	4456	0	1	1	0	192	308
data\effect\effectmodel\w1351_model_sz_xf_w002.mesh	OK	6940	192	64	1	3968	0	1	1	0	192	64
data\effect\effectmodel\w1351_model_sz_xian_w001.mesh	OK	99356	2856	960	1	59040	0	1	1	0	2856	960
data\effect\effectmodel\w1351_model_sz_ylxs_h001.mesh	OK	4596	104	122	1	2324	8	1	1	0	104	122
data\effect\effectmodel\w1351_model_sz_ylxs_h002.mesh	OK	4980	116	122	1	2564	8	1	1	0	116	122
data\effect\effectmodel\w1351_model_szmp_z001.mesh	OK	15900	380	576	1	7600	0	1	0	0	380	576
data\effect\effectmodel\w1351_model_t_bihaiyintao.mesh	OK	21860	594	428	1	11880	0	1	0	0	594	428
data\effect\effectmodel\w1351_model_t_canying_h001.mesh	OK	84804	1921	2881	1	44182	0	0	0	21130	1921	2881
data\effect\effectmodel\w1351_model_t_canying_h002.mesh	OK	17492	416	487	1	9294	0	0	0	4302	416	487
data\effect\effectmodel\w1351_model_t_canying_h003.mesh	OK	2436	15	5	1	310	1632	0	0	130	15	5
data\effect\effectmodel\w1351_model_t_canying_h004.mesh	OK	388	3	1	1	62	0	0	0	26	3	1
data\effect\effectmodel\w1351_model_t_dahanhonggang.mesh	OK	14108	327	560	1	6540	0	1	0	0	327	560
data\effect\effectmodel\w1351_model_t_dajinxinghen.mesh	OK	8736	215	262	1	4300	0	1	0	0	215	262
data\effect\effectmodel\w1351_model_t_danduan_0106.mesh	OK	2736	65	62	1	1300	0	1	0	0	65	62
data\effect\effectmodel\w1351_model_t_danduan_0201.mesh	OK	2096	48	46	1	960	0	1	0	0	48	46
data\effect\effectmodel\w1351_model_t_daofu_0104.mesh	OK	3052	73	72	1	1460	0	1	0	0	73	72
data\effect\effectmodel\w1351_model_t_daofu_0105.mesh	OK	9832	220	418	1	4400	0	1	0	0	220	418
data\effect\effectmodel\w1351_model_t_daofu_0106.mesh	OK	10148	261	252	1	5220	0	1	0	0	261	252
data\effect\effectmodel\w1351_model_t_dasongjuncen.mesh	OK	20400	473	830	1	9460	0	1	0	0	473	830
data\effect\effectmodel\w1351_model_t_huan_0101.mesh	OK	3196	76	80	1	1520	0	1	0	0	76	80
data\effect\effectmodel\w1351_model_t_huan_0103.mesh	OK	3656	87	98	1	1740	0	1	0	0	87	98
data\effect\effectmodel\w1351_model_t_huan_0104.mesh	OK	2912	69	70	1	1380	0	1	0	0	69	70
data\effect\effectmodel\w1351_model_t_huan_0105.mesh	OK	4992	113	182	1	2260	0	1	0	0	113	182
data\effect\effectmodel\w1351_model_t_huan_0107.mesh	OK	3056	72	78	1	1440	0	1	0	0	72	78
data\effect\effectmodel\w1351_model_t_huan_0201.mesh	OK	1584	35	30	1	700	0	1	0	0	35	30
data\effect\effectmodel\w1351_model_t_huan_0202.mesh	OK	2864	69	62	1	1380	0	1	0	0	69	62
data\effect\effectmodel\w1351_model_t_huan_0205.mesh	OK	3252	80	68	1	1600	0	1	0	0	80	68
data\effect\effectmodel\w1351_model_t_huan_0207.mesh	OK	3388	82	80	1	1640	0	1	0	0	82	80
data\effect\effectmodel\w1351_model_t_leiminglihuo.mesh	OK	33228	773	1368	1	15460	0	1	0	0	773	1368
data\effect\effectmodel\w1351_model_t_shan_0101.mesh	OK	922	16	21	1	320	0	1	0	0	16	21
data\effect\effectmodel\w1351_model_t_shan_0102.mesh	OK	1276	25	32	1	500	0	1	0	0	25	32
data\effect\effectmodel\w1351_model_t_shan_0108.mesh	OK	7060	166	244	1	3320	0	1	0	0	166	244
data\effect\effectmodel\w1351_model_t_shan_0202.mesh	OK	2120	51	34	1	1020	0	1	0	0	51	34
data\effect\effectmodel\w1351_model_t_shan_0209.mesh	OK	8944	241	158	1	4820	0	1	0	0	241	158
data\effect\effectmodel\w1351_model_t_shuangduan_0105.mesh	OK	1856	42	38	1	840	0	1	0	0	42	38
data\effect\effectmodel\w1351_model_t_suiqingwuying.mesh	OK	17596	406	720	1	8120	0	1	0	0	406	720
data\effect\effectmodel\w1351_model_t_tianxingyaoyang.mesh	OK	9420	236	264	1	4720	0	1	0	0	236	264
data\effect\effectmodel\w1351_model_t_wanhesongfeng.mesh	OK	34436	786	1500	1	15720	0	1	0	0	786	1500
data\effect\effectmodel\w1351_model_tang_w001.mesh	OK	3236	62	120	1	1480	8	1	1	0	62	120
data\effect\effectmodel\w1351_model_taohuayuan_pubu_s001.mesh	OK	15532	448	152	1	8960	0	1	0	0	448	152
data\effect\effectmodel\w1351_model_taohuayuan_pubu_s002.mesh	OK	11708	336	112	1	6720	0	1	0	0	336	112
data\effect\effectmodel\w1351_model_taohuayuan_pubu_s003.mesh	OK	6812	192	64	1	3840	0	1	0	0	192	64
data\effect\effectmodel\w1351_model_taohuayuan_pubu_s004.mesh	OK	5996	168	56	1	3360	0	1	0	0	168	56
data\effect\effectmodel\w1351_model_taohuayuan_pubu_s005.mesh	OK	6812	192	64	1	3840	0	1	0	0	192	64
data\effect\effectmodel\w1351_model_taohuayuan_pubu_s006.mesh	OK	11708	336	112	1	6720	0	1	0	0	336	112
data\effect\effectmodel\w1351_model_taohuayuan_pubu_s007.mesh	OK	6812	192	64	1	3840	0	1	0	0	192	64
data\effect\effectmodel\w1351_model_taohuayuan_pubu_s008.mesh	OK	11708	336	112	1	6720	0	1	0	0	336	112
data\effect\effectmodel\w1351_model_taohuayuan_pubu_s009.mesh	OK	6332	168	112	1	3360	0	1	0	0	168	112
data\effect\effectmodel\w1351_model_taohuazhen_l001.mesh	OK	2916	71	60	1	1420	0	1	0	0	71	60
data\effect\effectmodel\w1351_model_taohuazhen_l003.mesh	OK	10076	288	96	1	5760	0	1	0	0	288	96
data\effect\effectmodel\w1351_model_taril_m.mesh	OK	9337	222	292	1	4440	197	1	0	0	222	292
data\effect\effectmodel\w1351_model_taril_m1.mesh	OK	8289	190	288	1	3800	197	1	0	0	190	288
data\effect\effectmodel\w1351_model_taril_m2.mesh	OK	4385	95	144	1	1900	197	1	0	0	95	144
data\effect\effectmodel\w1351_model_tgbq_z001.mesh	OK	4700	111	144	1	2220	0	1	0	0	111	144
data\effect\effectmodel\w1351_model_tgtx_hua_w001.mesh	OK	13492	308	418	1	6996	8	1	1	0	308	418
data\effect\effectmodel\w1351_model_tgtx_lxx_w001.mesh	OK	4036	85	128	1	1956	8	1	1	0	85	128
data\effect\effectmodel\w1351_model_tgtx_lxx_w003.mesh	OK	9924	220	324	1	5048	8	1	1	0	220	324
data\effect\effectmodel\w1351_model_tgtx_tm_w001.mesh	OK	7924	192	186	1	4212	8	1	1	0	192	186
data\effect\effectmodel\w1351_model_tiandimingmie_h001.mesh	OK	1908	41	52	1	820	0	1	0	0	41	52
data\effect\effectmodel\w1351_model_tieshui_l001.mesh	OK	1196	24	24	1	480	0	1	0	0	24	24
data\effect\effectmodel\w1351_model_tj_v1.mesh	OK	47233	1077	2048	1	21540	197	1	0	0	1077	2048
data\effect\effectmodel\w1351_model_tj_v2.mesh	OK	65665	1497	2880	1	29940	197	1	0	0	1497	2880
data\effect\effectmodel\w1351_model_tj_v3.mesh	OK	24129	559	960	1	11180	197	1	0	0	559	960
data\effect\effectmodel\w1351_model_tj_v4.mesh	OK	65665	1497	2880	1	29940	197	1	0	0	1497	2880
data\effect\effectmodel\w1351_model_tl_by_w001.mesh	OK	36476	1044	348	1	21576	0	1	1	0	1044	348
data\effect\effectmodel\w1351_model_tl_by_w006.mesh	OK	12572	280	416	1	6432	0	1	1	0	280	416
data\effect\effectmodel\w1351_model_tl_cj_pl_h001.mesh	OK	428	4	2	1	84	0	1	1	0	4	2
data\effect\effectmodel\w1351_model_tl_cy_h001.mesh	OK	27772	589	1080	1	13940	0	1	1	0	589	1080
data\effect\effectmodel\w1351_model_tl_cy_h002.mesh	OK	28540	589	1080	1	13940	768	1	1	0	589	1080
data\effect\effectmodel\w1351_model_tl_hz_w007.mesh	OK	9884	220	320	1	5040	0	1	1	0	220	320
data\effect\effectmodel\w1351_model_tl_jiao_w003.mesh	OK	17692	400	576	1	9152	0	1	1	0	400	576
data\effect\effectmodel\w1351_model_tl_light_h001.mesh	OK	265612	6878	5654	1	148868	0	1	1	0	6878	5654
data\effect\effectmodel\w1351_model_tl_nan_jt_glow_x01.mesh	OK	98381	2432	3346	1	48640	197	1	0	0	2432	3346
data\effect\effectmodel\w1351_model_tl_nan_jt_glow_x02.mesh	OK	98381	2432	3346	1	48640	197	1	0	0	2432	3346
data\effect\effectmodel\w1351_model_tl_nan_jt_x03.mesh	OK	16012	370	648	1	7400	0	1	0	0	370	648
data\effect\effectmodel\w1351_model_tl_nan_jt_x05.mesh	OK	28076	786	440	1	15720	0	1	0	0	786	440
data\effect\effectmodel\w1351_model_tl_nan_jt_x07.mesh	OK	41270	982	1593	2	19640	0	1	0	0	982	1353+240
data\effect\effectmodel\w1351_model_tl_nan_jt_x08.mesh	OK	41270	982	1593	2	19640	0	1	0	0	982	1353+240
data\effect\effectmodel\w1351_model_tl_nan_jt_x09.mesh	OK	41266	982	1593	1	19640	0	1	0	0	982	1593
data\effect\effectmodel\w1351_model_tl_nan_jt_x10.mesh	OK	41270	982	1593	2	19640	0	1	0	0	982	1353+240
data\effect\effectmodel\w1351_model_tl_nan_jt_x11.mesh	OK	41266	982	1593	1	19640	0	1	0	0	982	1593
data\effect\effectmodel\w1351_model_tl_nan_jt_x12.mesh	OK	12636	296	480	1	5920	0	1	0	0	296	480
data\effect\effectmodel\w1351_model_tl_nan_jt_x13.mesh	OK	14972	369	480	1	7380	0	1	0	0	369	480
data\effect\effectmodel\w1351_model_tl_nan_jt_x14.mesh	OK	29596	700	1152	1	14000	0	1	0	0	700	1152
data\effect\effectmodel\w1351_model_tl_nan_jt_x19.mesh	OK	3980	93	120	1	1860	0	1	0	0	93	120
data\effect\effectmodel\w1351_model_tl_nan_jt_x22.mesh	OK	8036	186	300	1	3720	0	1	0	0	186	300
data\effect\effectmodel\w1351_model_tl_pl_h001.mesh	OK	1340	25	32	1	564	0	1	1	0	25	32
data\effect\effectmodel\w1351_model_tl_s001.mesh	OK	4876	112	168	1	2240	0	1	0	0	112	168
data\effect\effectmodel\w1351_model_tl_sp_h001.mesh	OK	8636	181	320	1	4260	0	1	1	0	181	320
data\effect\effectmodel\w1351_model_tl_sp_h002.mesh	OK	63900	1364	2496	1	32272	0	1	1	0	1364	2496
data\effect\effectmodel\w1351_model_tl_sp_h003.mesh	OK	67676	1944	648	1	40176	0	1	1	0	1944	648
data\effect\effectmodel\w1351_model_tl_wq_h001.mesh	OK	27836	733	512	1	15684	0	1	1	0	733	512
data\effect\effectmodel\w1351_model_tl_yan_w002.mesh	OK	9884	220	320	1	5040	0	1	1	0	220	320
data\effect\effectmodel\w1351_model_tq_junxing_w001.mesh	OK	5732	128	168	1	2896	8	1	1	0	128	168
data\effect\effectmodel\w1351_model_tq_sl_w001.mesh	OK	2436	49	72	1	1124	8	1	1	0	49	72
data\effect\effectmodel\w1351_model_tq_sq_w003.mesh	OK	16708	363	600	1	8460	8	1	1	0	363	600
data\effect\effectmodel\w1351_model_tq_sq_w004.mesh	OK	3460	75	96	1	1692	8	1	1	0	75	96
data\effect\effectmodel\w1351_model_tq_sx_w001.mesh	OK	10756	228	396	1	5352	8	1	1	0	228	396
data\effect\effectmodel\w1351_model_tq_sx_w003.mesh	OK	3140	65	96	1	1492	8	1	1	0	65	96
data\effect\effectmodel\w1351_model_trail_lf001a.mesh	OK	14588	358	356	1	7872	0	1	1	0	358	356
data\effect\effectmodel\w1351_model_trail_line_v1.mesh	OK	7724	180	280	1	3600	0	1	0	0	180	280
data\effect\effectmodel\w1351_model_trail_line_v2.mesh	OK	7724	180	280	1	3600	0	1	0	0	180	280
data\effect\effectmodel\w1351_model_trail_line_v3.mesh	OK	7724	180	280	1	3600	0	1	0	0	180	280
data\effect\effectmodel\w1351_model_trail_line_v4.mesh	OK	2268	50	64	1	1000	0	1	0	0	50	64
data\effect\effectmodel\w1351_model_trail_line_v5.mesh	OK	2268	50	64	1	1000	0	1	0	0	50	64
data\effect\effectmodel\w1351_model_trail_line_v7.mesh	OK	20124	500	640	1	10000	0	1	0	0	500	640
data\effect\effectmodel\w1351_model_trail_v01.mesh	OK	3620	84	108	1	1680	0	1	0	0	84	108
data\effect\effectmodel\w1351_model_trail_v02.mesh	OK	11676	275	432	1	5500	0	1	0	0	275	432
data\effect\effectmodel\w1351_model_trail_v03.mesh	OK	3620	84	108	1	1680	0	1	0	0	84	108
data\effect\effectmodel\w1351_model_trail_v04.mesh	OK	11676	275	432	1	5500	0	1	0	0	275	432
data\effect\effectmodel\w1351_model_trail_v2.mesh	OK	10748	264	336	1	5280	0	1	0	0	264	336
data\effect\effectmodel\w1351_model_trail_v3.mesh	OK	8252	210	208	1	4200	0	1	0	0	210	208
data\effect\effectmodel\w1351_model_trail_v4.mesh	OK	5516	132	168	1	2640	0	1	0	0	132	168
data\effect\effectmodel\w1351_model_trail_v5.mesh	OK	2900	66	84	1	1320	0	1	0	0	66	84
data\effect\effectmodel\w1351_model_trail_v6.mesh	OK	1820	39	48	1	780	0	1	0	0	39	48
data\effect\effectmodel\w1351_model_tree_h001.mesh	OK	21553	516	570	1	11460	197	1	1	0	516	570
data\effect\effectmodel\w1351_model_ts_baoqi_h001.mesh	OK	14396	315	504	1	7308	0	1	1	0	315	504
data\effect\effectmodel\w1351_model_ts_baoqi_h002.mesh	OK	36284	795	1320	1	18540	0	1	1	0	795	1320
data\effect\effectmodel\w1351_model_ts_bxsq_h001.mesh	OK	9564	210	320	1	4840	0	1	1	0	210	320
data\effect\effectmodel\w1351_model_ts_bxsq_h002.mesh	OK	10268	288	96	1	5952	0	1	1	0	288	96
data\effect\effectmodel\w1351_model_ts_hand_h001.mesh	OK	27828	625	943	1	14386	0	0	0	6886	625	943
data\effect\effectmodel\w1351_model_ts_hand_lg_h001.mesh	OK	23188	480	943	1	11486	0	0	0	5726	480	943
data\effect\effectmodel\w1351_model_ts_hulu_h001.mesh	OK	5676	124	178	1	2836	0	1	1	0	124	178
data\effect\effectmodel\w1351_model_ts_ice_h001.mesh	OK	14524	301	576	1	7172	0	1	1	0	301	576
data\effect\effectmodel\w1351_model_ts_ice_h002.mesh	OK	237132	6832	2278	1	141196	0	1	1	0	6832	2278
data\effect\effectmodel\w1351_model_ts_ice_h003.mesh	OK	102460	2162	4124	1	51488	0	1	1	0	2162	4124
data\effect\effectmodel\w1351_model_ts_ice_h004.mesh	OK	119396	2746	3905	1	62730	0	0	0	29778	2746	3905
data\effect\effectmodel\w1351_model_ts_nv_h001.mesh	OK	15076	349	452	1	7884	8	1	1	0	349	452
data\effect\effectmodel\w1351_model_ts_nv_h002.mesh	OK	6788	149	216	1	3412	8	1	1	0	149	216
data\effect\effectmodel\w1351_model_ts_nv_jt_x01.mesh	OK	17244	410	640	1	8200	0	1	0	0	410	640
data\effect\effectmodel\w1351_model_ts_nv_jt_x04.mesh	OK	21404	510	800	1	10200	0	1	0	0	510	800
data\effect\effectmodel\w1351_model_ts_nv_jt_x05.mesh	OK	4680	116	114	1	2320	0	1	0	0	116	114
data\effect\effectmodel\w1351_model_ts_nv_jt_x07.mesh	OK	4972	124	120	1	2480	0	1	0	0	124	120
data\effect\effectmodel\w1351_model_ts_nv_jt_x09.mesh	OK	19244	450	760	1	9000	0	1	0	0	450	760
data\effect\effectmodel\w1351_model_ts_nv_jt_x12.mesh	OK	20860	481	864	1	9620	0	1	0	0	481	864
data\effect\effectmodel\w1351_model_ts_nv_jt_x13.mesh	OK	3388	82	80	1	1640	0	1	0	0	82	80
data\effect\effectmodel\w1351_model_ts_nv_jt_x17.mesh	OK	30668	762	1000	1	15240	0	1	0	0	762	1000
data\effect\effectmodel\w1351_model_ts_nv_jt_x19.mesh	OK	3644	81	128	1	1620	0	1	0	0	81	128
data\effect\effectmodel\w1351_model_ts_nv_jt_x22.mesh	OK	346408	10180	3394	1	203600	0	1	0	0	10180	3394
data\effect\effectmodel\w1351_model_ts_nv_jt_x23.mesh	OK	16059	367	639	1	7340	197	1	0	0	367	639
data\effect\effectmodel\w1351_model_ts_nv_pl_h01.mesh	OK	38772	756	1400	1	17920	3096	1	1	0	756	1400
data\effect\effectmodel\w1351_model_ts_nv_pl_h02.mesh	OK	38580	756	1400	1	17920	2904	1	1	0	756	1400
data\effect\effectmodel\w1351_model_ts_nv_pl_h03.mesh	OK	38580	756	1400	1	17920	2904	1	1	0	756	1400
data\effect\effectmodel\w1351_model_ts_sp_h001.mesh	OK	179996	5184	1728	1	107136	0	1	1	0	5184	1728
data\effect\effectmodel\w1351_model_ts_wave_h001.mesh	OK	19708	427	720	1	9980	0	1	1	0	427	720
data\effect\effectmodel\w1351_model_ts_wave_h002.mesh	OK	31100	663	1200	1	15660	0	1	1	0	663	1200
data\effect\effectmodel\w1351_model_ts_wave_h003.mesh	OK	33540	714	1300	1	16880	8	1	1	0	714	1300
data\effect\effectmodel\w1351_model_ts_wave_h004.mesh	OK	20708	476	648	1	10816	8	1	1	0	476	648
data\effect\effectmodel\w1351_model_tsg_w001.mesh	OK	87916	2526	850	1	52220	0	1	1	0	2526	850
data\effect\effectmodel\w1351_model_tsg_w002.mesh	OK	19420	552	184	1	11408	0	1	1	0	552	184
data\effect\effectmodel\w1351_model_tsg_w004.mesh	OK	121340	3492	1164	1	72168	0	1	1	0	3492	1164
data\effect\effectmodel\w1351_model_tsg_w006.mesh	OK	7324	160	240	1	3680	0	1	1	0	160	240
data\effect\effectmodel\w1351_model_tsg_w007.mesh	OK	21084	600	200	1	12400	0	1	1	0	600	200
data\effect\effectmodel\w1351_model_tsg_w008.mesh	OK	6428	140	208	1	3216	0	1	1	0	140	208
data\effect\effectmodel\w1351_model_tslh_w002.mesh	OK	8196	175	288	1	4076	8	1	1	0	175	288
data\effect\effectmodel\w1351_model_tszms_w001.mesh	OK	7652	162	272	1	3784	8	1	1	0	162	272
data\effect\effectmodel\w1351_model_tuxiaoyao_b2_w001.mesh	OK	11364	246	400	1	5720	8	1	1	0	246	400
data\effect\effectmodel\w1351_model_tuxiaoyao_b5_w001.mesh	OK	4036	85	128	1	1956	8	1	1	0	85	128
data\effect\effectmodel\w1351_model_tuxiaoyao_b7_w001.mesh	OK	4932	105	160	1	2420	8	1	1	0	105	160
data\effect\effectmodel\w1351_model_tuxiaoyao_hlb_w003.mesh	OK	8900	188	324	1	4408	8	1	1	0	188	324
data\effect\effectmodel\w1351_model_tuxiaoyao_ljf_w001.mesh	OK	53172	1204	1794	1	27668	8	1	1	0	1204	1794
data\effect\effectmodel\w1351_model_ty_hd_z001.mesh	OK	7100	165	256	1	3300	0	1	0	0	165	256
data\effect\effectmodel\w1351_model_ty_hd_z002.mesh	OK	7100	165	256	1	3300	0	1	0	0	165	256
data\effect\effectmodel\w1351_model_ty_zlq_z001.mesh	OK	14300	330	576	1	6600	0	1	0	0	330	576
data\effect\effectmodel\w1351_model_ty_zlq_z002.mesh	OK	14300	330	576	1	6600	0	1	0	0	330	576
data\effect\effectmodel\w1351_model_ui_kuijia_z02.mesh	OK	33276	836	1008	1	16720	192	1	0	0	836	1008
data\effect\effectmodel\w1351_model_ui_smwd_w001.mesh	OK	7196	192	96	1	4032	0	1	1	0	192	96
data\effect\effectmodel\w1351_model_ui_smwd_w002.mesh	OK	10124	278	118	1	5796	0	1	1	0	278	118
data\effect\effectmodel\w1351_model_ui_smwd_w003.mesh	OK	96988	2112	3640	1	49520	0	1	1	0	2112	3640
data\effect\effectmodel\w1351_model_ui_smwd_w004.mesh	OK	6188	132	210	1	3060	0	1	1	0	132	210
data\effect\effectmodel\w1351_model_ui_smwd_w005.mesh	OK	20572	448	744	1	10448	0	1	1	0	448	744
data\effect\effectmodel\w1351_model_ui_smwd_w006.mesh	OK	4572	98	144	1	2248	0	1	1	0	98	144
data\effect\effectmodel\w1351_model_ui_smwd_zs_w001.mesh	OK	11100	248	360	1	5680	0	1	1	0	248	360
data\effect\effectmodel\w1351_model_ui_smwd_zs_w002.mesh	OK	35804	816	1176	1	18672	0	1	1	0	816	1176
data\effect\effectmodel\w1351_model_ui_smwd_zs_w003.mesh	OK	65180	1488	2160	1	34080	0	1	1	0	1488	2160
data\effect\effectmodel\w1351_model_ui_smwd_zs_w005.mesh	OK	16988	384	552	1	8784	0	1	1	0	384	552
data\effect\effectmodel\w1351_model_ui_z001.mesh	OK	908	12	8	1	240	192	1	0	0	12	8
data\effect\effectmodel\w1351_model_ui_z002.mesh	OK	17612	492	232	1	9840	192	1	0	0	492	232
data\effect\effectmodel\w1351_model_ui_z003.mesh	OK	13644	380	168	1	7600	192	1	0	0	380	168
data\effect\effectmodel\w1351_model_ui_z004.mesh	OK	9692	216	384	1	4320	192	1	0	0	216	384
data\effect\effectmodel\w1351_model_ui_z005.mesh	OK	82908	2216	1888	1	44320	384	1	0	0	2216	1888
data\effect\effectmodel\w1351_model_ui_z006.mesh	OK	5280	128	86	1	2560	384	1	0	0	128	86
data\effect\effectmodel\w1351_model_ui_z007.mesh	OK	8540	198	256	1	3960	384	1	0	0	198	256
data\effect\effectmodel\w1351_model_ui_z008.mesh	OK	8540	198	256	1	3960	384	1	0	0	198	256
data\effect\effectmodel\w1351_model_ui_z009.mesh	OK	34740	875	1044	1	17500	192	1	0	0	875	1044
data\effect\effectmodel\w1351_model_ui_z010.mesh	OK	812	9	8	1	180	192	1	0	0	9	8
data\effect\effectmodel\w1351_model_ui_z011.mesh	OK	28124	696	896	1	13920	192	1	0	0	696	896
data\effect\effectmodel\w1351_model_ui_z012.mesh	OK	57516	1532	1368	1	30640	0	1	0	0	1532	1368
data\effect\effectmodel\w1351_model_wan_l001.mesh	OK	4580	120	76	1	2400	0	1	0	0	120	76
data\effect\effectmodel\w1351_model_wave_lf001.mesh	OK	4836	102	160	1	2360	8	1	1	0	102	160
data\effect\effectmodel\w1351_model_wave_lf002.mesh	OK	5108	108	170	1	2500	8	1	1	0	108	170
data\effect\effectmodel\w1351_model_wave_lf003.mesh	OK	3940	84	120	1	1920	8	1	1	0	84	120
data\effect\effectmodel\w1351_model_wave_lf004.mesh	OK	14532	310	540	1	7280	8	1	1	0	310	540
data\effect\effectmodel\w1351_model_wave_wind_v1.mesh	OK	23105	545	864	1	10900	197	1	0	0	545	864
data\effect\effectmodel\w1351_model_wd_bxsq_h001.mesh	OK	13468	316	384	1	7088	0	1	1	0	316	384
data\effect\effectmodel\w1351_model_wd_bxsq_h002.mesh	OK	22876	644	248	1	13376	0	1	1	0	644	248
data\effect\effectmodel\w1351_model_wd_bxsq_h003.mesh	OK	11804	260	400	1	6000	0	1	1	0	260	400
data\effect\effectmodel\w1351_model_wd_nv_cy_h001.mesh	OK	20828	442	800	1	10440	0	1	1	0	442	800
data\effect\effectmodel\w1351_model_wind_lf001.mesh	OK	12572	280	416	1	6432	0	1	1	0	280	416
data\effect\effectmodel\w1351_model_wind_lf002.mesh	OK	46492	984	1840	1	23360	0	1	1	0	984	1840
data\effect\effectmodel\w1351_model_wind_lf003.mesh	OK	20188	450	688	1	10376	0	1	1	0	450	688
data\effect\effectmodel\w1351_model_wind_lf004.mesh	OK	6140	138	180	1	3120	0	1	1	0	138	180
data\effect\effectmodel\w1351_model_wind_lf005.mesh	OK	7548	171	224	1	3868	0	1	1	0	171	224
data\effect\effectmodel\w1351_model_wind_lf006.mesh	OK	45724	1020	1600	1	23600	0	1	1	0	1020	1600
data\effect\effectmodel\w1351_model_wind_lf007.mesh	OK	35644	795	1240	1	18380	0	1	1	0	795	1240
data\effect\effectmodel\w1351_model_wind_lf008.mesh	OK	27116	612	906	1	14052	0	1	1	0	612	906
data\effect\effectmodel\w1351_model_wind_lf009.mesh	OK	27084	638	798	1	14356	0	1	1	0	638	798
data\effect\effectmodel\w1351_model_wind_lf010.mesh	OK	23900	540	792	1	12384	0	1	1	0	540	792
data\effect\effectmodel\w1351_model_wind_lf011.mesh	OK	19868	440	688	1	10176	0	1	1	0	440	688
data\effect\effectmodel\w1351_model_wind_lf012.mesh	OK	10300	225	352	1	5204	0	1	1	0	225	352
data\effect\effectmodel\w1351_model_wind_lf013.mesh	OK	10300	225	352	1	5204	0	1	1	0	225	352
data\effect\effectmodel\w1351_model_wind_lf014.mesh	OK	27484	610	960	1	14120	0	1	1	0	610	960
data\effect\effectmodel\w1351_model_wind_lf015.mesh	OK	10300	225	352	1	5204	0	1	1	0	225	352
data\effect\effectmodel\w1351_model_wind_lf016.mesh	OK	57084	1275	2000	1	29500	0	1	1	0	1275	2000
data\effect\effectmodel\w1351_model_wind_lf018.mesh	OK	11772	288	284	1	6328	0	1	1	0	288	284
data\effect\effectmodel\w1351_model_wind_lf019.mesh	OK	13340	288	480	1	6720	0	1	1	0	288	480
data\effect\effectmodel\w1351_model_wind_lf020.mesh	OK	27612	602	1008	1	14056	0	1	1	0	602	1008
data\effect\effectmodel\w1351_model_wind_lf021.mesh	OK	16572	365	576	1	8452	0	1	1	0	365	576
data\effect\effectmodel\w1351_model_wind_lf022.mesh	OK	25348	558	900	1	12960	8	1	1	0	558	900
data\effect\effectmodel\w1351_model_wind_lf023.mesh	OK	5988	130	192	1	2984	8	1	1	0	130	192
data\effect\effectmodel\w1351_model_wind_lf024.mesh	OK	15396	369	412	1	8204	8	1	1	0	369	412
data\effect\effectmodel\w1351_model_wind_lf024_1.mesh	OK	15396	369	412	1	8204	8	1	1	0	369	412
data\effect\effectmodel\w1351_model_wind_lf025.mesh	OK	16996	372	600	1	8640	8	1	1	0	372	600
data\effect\effectmodel\w1351_model_wind_lf026.mesh	OK	6116	132	200	1	3040	8	1	1	0	132	200
data\effect\effectmodel\w1351_model_wind_v1.mesh	OK	4812	110	168	1	2200	0	1	0	0	110	168
data\effect\effectmodel\w1351_model_wind_v2.mesh	OK	13532	330	448	1	6600	0	1	0	0	330	448
data\effect\effectmodel\w1351_model_wind_v3.mesh	OK	5012	114	180	1	2280	0	1	0	0	114	180
data\effect\effectmodel\w1351_model_wind_v4.mesh	OK	12636	296	480	1	5920	0	1	0	0	296	480
data\effect\effectmodel\w1351_model_wjg02_light_h001.mesh	OK	205644	5306	4446	1	115012	0	1	1	0	5306	4446
data\effect\effectmodel\w1351_model_wjg02_light_h002.mesh	OK	205644	5306	4446	1	115012	0	1	1	0	5306	4446
data\effect\effectmodel\w1351_model_wjg02_qj_h001.mesh	OK	11548	252	400	1	5840	0	1	1	0	252	400
data\effect\effectmodel\w1351_model_wjg02_sp_h001.mesh	OK	3841	75	120	1	1740	197	1	1	0	75	120
data\effect\effectmodel\w1351_model_wjg02_zjl_h001.mesh	OK	1050780	22543	41140	1	533140	0	1	1	0	22543	41140
data\effect\effectmodel\w1351_model_wjg_dyq_z001.mesh	OK	18892	544	200	1	10880	0	1	0	0	544	200
data\effect\effectmodel\w1351_model_wjg_yls_zd_z005.mesh	OK	36156	833	1536	1	16660	0	1	0	0	833	1536
data\effect\effectmodel\w1351_model_wjg_yls_zd_z006.mesh	OK	8284	196	288	1	3920	0	1	0	0	196	288
data\effect\effectmodel\w1351_model_wjg_yls_zd_z007.mesh	OK	6140	147	192	1	2940	0	1	0	0	147	192
data\effect\effectmodel\w1351_model_wjg_yls_zd_z01.mesh	OK	15740	387	512	1	7740	0	1	0	0	387	512
data\effect\effectmodel\w1351_model_wjg_yls_zd_z02.mesh	OK	15740	387	512	1	7740	0	1	0	0	387	512
data\effect\effectmodel\w1351_model_wjg_yls_zd_z03.mesh	OK	32156	756	1280	1	15120	0	1	0	0	756	1280
data\effect\effectmodel\w1351_model_wjg_yls_zd_z04.mesh	OK	36156	833	1536	1	16660	0	1	0	0	833	1536
data\effect\effectmodel\w1351_model_wjg_yzh_z001.mesh	OK	4076	96	120	1	1920	0	1	0	0	96	120
data\effect\effectmodel\w1351_model_wlzz_lf001.mesh	OK	10564	231	360	1	5340	8	1	1	0	231	360
data\effect\effectmodel\w1351_model_wudang_wd_001.mesh	OK	9340	232	204	1	5048	0	1	1	0	232	204
data\effect\effectmodel\w1351_model_wudang_wd_002.mesh	OK	71228	1985	928	1	41556	0	1	1	0	1985	928
data\effect\effectmodel\w1351_model_wudang_wd_003.mesh	OK	36828	792	1400	1	18640	0	1	1	0	792	1400
data\effect\effectmodel\w1351_model_wudang_wd_004.mesh	OK	1052	20	16	1	432	0	1	1	0	20	16
data\effect\effectmodel\w1351_model_wudang_wd_005.mesh	OK	40636	861	1600	1	20420	0	1	1	0	861	1600
data\effect\effectmodel\w1351_model_wudang_wd_006.mesh	OK	572	8	4	1	168	0	1	1	0	8	4
data\effect\effectmodel\w1351_model_wudang_wd_007.mesh	OK	1308	26	24	1	568	0	1	1	0	26	24
data\effect\effectmodel\w1351_model_wujiaoxing_lf001.mesh	OK	1004	20	10	1	420	0	1	1	0	20	10
data\effect\effectmodel\w1351_model_wujiaoxing_lf002.mesh	OK	2588	64	32	1	1344	0	1	1	0	64	32
data\effect\effectmodel\w1351_model_wuqi_daofu_0201.mesh	OK	2308	55	44	1	1100	0	1	0	0	55	44
data\effect\effectmodel\w1351_model_wuqi_daofu_0207.mesh	OK	3068	75	64	1	1500	0	1	0	0	75	64
data\effect\effectmodel\w1351_model_wuyi_pubu_s001.mesh	OK	6332	168	112	1	3360	0	1	0	0	168	112
data\effect\effectmodel\w1351_model_wuzhongshengyou_s001.mesh	OK	1428	32	20	1	640	0	1	0	0	32	20
data\effect\effectmodel\w1351_model_wxjz_lf001.mesh	OK	45244	1176	916	1	25352	0	1	1	0	1176	916
data\effect\effectmodel\w1351_model_wxjz_lf002.mesh	OK	28348	682	780	1	15200	0	1	1	0	682	780
data\effect\effectmodel\w1351_model_wxjz_lf003.mesh	OK	27612	594	1040	1	13960	0	1	1	0	594	1040
data\effect\effectmodel\w1351_model_wxjz_lf003a.mesh	OK	27612	594	1040	1	13960	0	1	1	0	594	1040
data\effect\effectmodel\w1351_model_wxjz_lf004.mesh	OK	3196	84	28	1	1736	0	1	1	0	84	28
data\effect\effectmodel\w1351_model_wxjz_lf005.mesh	OK	13084	288	448	1	6656	0	1	1	0	288	448
data\effect\effectmodel\w1351_model_wy_lf_w003.mesh	OK	520092	14994	5000	1	309880	0	1	1	0	14994	5000
data\effect\effectmodel\w1351_model_wy_sbqz_w001.mesh	OK	1820	36	48	1	816	0	1	1	0	36	48
data\effect\effectmodel\w1351_model_wy_ypian_w001.mesh	OK	7612	165	256	1	3812	0	1	1	0	165	256
data\effect\effectmodel\w1351_model_wyan_f_w004.mesh	OK	520028	14992	5000	1	309840	0	1	1	0	14992	5000
data\effect\effectmodel\w1351_model_wyan_f_w005.mesh	OK	48444	1025	1920	1	24340	0	1	1	0	1025	1920
data\effect\effectmodel\w1351_model_xianglong_b5_lf001.mesh	OK	13156	290	448	1	6696	8	1	1	0	290	448
data\effect\effectmodel\w1351_model_xianglong_b5_lf002.mesh	OK	436	4	2	1	84	8	1	1	0	4	2
data\effect\effectmodel\w1351_model_xianglong_b7_lf001.mesh	OK	18532	410	640	1	9480	8	1	1	0	410	640
data\effect\effectmodel\w1351_model_xianglong_b7_lf001_E.mesh	OK	18532	410	640	1	9480	8	1	1	0	410	640
data\effect\effectmodel\w1351_model_xianglong_b7_lf002.mesh	OK	4324	90	144	1	2088	8	1	1	0	90	144
data\effect\effectmodel\w1351_model_xiaoyao01_lf001.mesh	OK	27804	582	1112	1	13864	0	1	1	0	582	1112
data\effect\effectmodel\w1351_model_xiaoyao01_lf002.mesh	OK	3548	78	96	1	1752	0	1	1	0	78	96
data\effect\effectmodel\w1351_model_xiaoyao01_lf003.mesh	OK	4188	90	128	1	2056	0	1	1	0	90	128
data\effect\effectmodel\w1351_model_xiaoyao01_lf004.mesh	OK	21980	494	736	1	11352	0	1	1	0	494	736
data\effect\effectmodel\w1351_model_xiaoyao01_lf005.mesh	OK	572	8	4	1	168	0	1	1	0	8	4
data\effect\effectmodel\w1351_model_xin_lf001.mesh	OK	3804	88	88	1	1936	0	1	1	0	88	88
data\effect\effectmodel\w1351_model_xiujian_w001.mesh	OK	3196	84	28	1	1736	0	1	1	0	84	28
data\effect\effectmodel\w1351_model_xlsbz_w001.mesh	OK	1156	24	12	1	504	8	1	1	0	24	12
data\effect\effectmodel\w1351_model_xlxt_plane_c001.mesh	OK	3460	75	96	1	1692	8	1	1	0	75	96
data\effect\effectmodel\w1351_model_xlxt_plane_c002.mesh	OK	3460	75	96	1	1692	8	1	1	0	75	96
data\effect\effectmodel\w1351_model_xlxt_plane_c003.mesh	OK	3460	75	96	1	1692	8	1	1	0	75	96
data\effect\effectmodel\w1351_model_xlxt_plane_c004.mesh	OK	4228	93	120	1	2100	8	1	1	0	93	120
data\effect\effectmodel\w1351_model_xlxt_plane_c005.mesh	OK	3460	75	96	1	1692	8	1	1	0	75	96
data\effect\effectmodel\w1351_model_xlxt_plane_c006.mesh	OK	3460	75	96	1	1692	8	1	1	0	75	96
data\effect\effectmodel\w1351_model_xlxt_plane_c007.mesh	OK	4364	105	120	1	2100	0	1	0	0	105	120
data\effect\effectmodel\w1351_model_xs_hjyw_z001.mesh	OK	23932	559	960	1	11180	0	1	0	0	559	960
data\effect\effectmodel\w1351_model_xs_ring_s001.mesh	OK	16796	396	640	1	7920	0	1	0	0	396	640
data\effect\effectmodel\w1351_model_xs_s001.mesh	OK	75740	1782	3072	1	35640	0	1	0	0	1782	3072
data\effect\effectmodel\w1351_model_xs_taiji_z001.mesh	OK	1868	42	40	1	840	0	1	0	0	42	40
data\effect\effectmodel\w1351_model_xs_taiji_z002.mesh	OK	1602	35	33	1	700	0	1	0	0	35	33
data\effect\effectmodel\w1351_model_xs_taiji_z003.mesh	OK	8468	240	84	1	4800	0	1	0	0	240	84
data\effect\effectmodel\w1351_model_xs_taiji_z004.mesh	OK	7296	206	70	1	4120	0	1	0	0	206	70
data\effect\effectmodel\w1351_model_xs_tiaodai_s001.mesh	OK	9456	242	238	1	4840	0	1	0	0	242	238
data\effect\effectmodel\w1351_model_xs_tiaodai_s002.mesh	OK	9456	242	238	1	4840	0	1	0	0	242	238
data\effect\effectmodel\w1351_model_xs_yuan_s001.mesh	OK	26972	642	1024	1	12840	0	1	0	0	642	1024
data\effect\effectmodel\w1351_model_xsh_h001.mesh	OK	45540	967	1788	1	22916	8	1	1	0	967	1788
data\effect\effectmodel\w1351_model_xsh_h002.mesh	OK	43300	925	1676	1	21852	8	1	1	0	925	1676
data\effect\effectmodel\w1351_model_xuanhaima_c001.mesh	OK	18852	400	720	1	9440	8	1	1	0	400	720
data\effect\effectmodel\w1351_model_xuanhaima_c002.mesh	OK	4068	88	120	1	2000	8	1	1	0	88	120
data\effect\effectmodel\w1351_model_xuanhaima_h001.mesh	OK	11812	260	400	1	6000	8	1	1	0	260	400
data\effect\effectmodel\w1351_model_xuanhaima_h002.mesh	OK	35684	756	1400	1	17920	8	1	1	0	756	1400
data\effect\effectmodel\w1351_model_xuanjidouquejian_lf001.mesh	OK	35860	908	814	1	19788	8	1	1	0	908	814
data\effect\effectmodel\w1351_model_xuanjidouquejian_lf002.mesh	OK	16836	380	548	1	8696	8	1	1	0	380	548
data\effect\effectmodel\w1351_model_xuanjidouquejian_lf003.mesh	OK	13476	300	448	1	6896	8	1	1	0	300	448
data\effect\effectmodel\w1351_model_xuanjidouquejian_lf004.mesh	OK	6724	162	156	1	3552	8	1	1	0	162	156
data\effect\effectmodel\w1351_model_xuanjidouquejian_lf005.mesh	OK	17956	390	648	1	9096	8	1	1	0	390	648
data\effect\effectmodel\w1351_model_xuehanlin_pubu_s001.mesh	OK	97052	2688	1792	1	53760	0	1	0	0	2688	1792
data\effect\effectmodel\w1351_model_xuehanlin_pubu_s002.mesh	OK	7084	184	152	1	3680	0	1	0	0	184	152
data\effect\effectmodel\w1351_model_xx_nan_jt_x06.mesh	OK	20544	462	768	1	9240	868	1	0	0	462	768
data\effect\effectmodel\w1351_model_xx_nan_jt_x07.mesh	OK	18112	410	640	1	8200	868	1	0	0	410	640
data\effect\effectmodel\w1351_model_xx_nan_jt_x11.mesh	OK	18112	410	640	1	8200	868	1	0	0	410	640
data\effect\effectmodel\w1351_model_xx_nan_jt_x12.mesh	OK	19104	435	672	1	8700	868	1	0	0	435	672
data\effect\effectmodel\w1351_model_xx_nan_jt_x13.mesh	OK	36576	837	1440	1	16740	868	1	0	0	837	1440
data\effect\effectmodel\w1351_model_xx_nan_jt_x14.mesh	OK	6048	123	160	1	2460	868	1	0	0	123	160
data\effect\effectmodel\w1351_model_xx_nan_jt_x15.mesh	OK	2688	39	48	1	780	868	1	0	0	39	48
data\effect\effectmodel\w1351_model_xx_nan_jt_x18.mesh	OK	1100	24	8	1	480	0	1	0	0	24	8
data\effect\effectmodel\w1351_model_xx_nan_jt_x19.mesh	OK	83380	2167	2292	1	43340	0	1	0	0	2167	2292
data\effect\effectmodel\w1351_model_xx_nan_jt_x20.mesh	OK	162076	4096	5120	1	81920	0	1	0	0	4096	5120
data\effect\effectmodel\w1351_model_xx_nan_jt_x21.mesh	OK	34752	810	1280	1	16200	868	1	0	0	810	1280
data\effect\effectmodel\w1351_model_xx_nan_jt_x22.mesh	OK	34752	810	1280	1	16200	868	1	0	0	810	1280
data\effect\effectmodel\w1351_model_xx_nan_jt_x23.mesh	OK	34752	810	1280	1	16200	868	1	0	0	810	1280
data\effect\effectmodel\w1351_model_xx_nan_jt_x24.mesh	OK	34752	810	1280	1	16200	868	1	0	0	810	1280
data\effect\effectmodel\w1351_model_xx_nan_jt_x25.mesh	OK	159404	4680	1560	1	93600	0	1	0	0	4680	1560
data\effect\effectmodel\w1351_model_xx_nan_jt_x26.mesh	OK	18112	410	640	1	8200	868	1	0	0	410	640
data\effect\effectmodel\w1351_model_xx_nan_jt_x27.mesh	OK	25564	610	960	1	12200	0	1	0	0	610	960
data\effect\effectmodel\w1351_model_xx_nan_jt_x28.mesh	OK	6020	138	220	1	2760	0	1	0	0	138	220
data\effect\effectmodel\w1351_model_xx_nan_jt_x29.mesh	OK	31292	744	1200	1	14880	0	1	0	0	744	1200
data\effect\effectmodel\w1351_model_xx_nan_jt_x30.mesh	OK	31292	744	1200	1	14880	0	1	0	0	744	1200
data\effect\effectmodel\w1351_model_xxd01_w001.mesh	OK	15884	450	150	1	9300	0	1	1	0	450	150
data\effect\effectmodel\w1351_model_xxd01_w002.mesh	OK	13052	368	124	1	7608	0	1	1	0	368	124
data\effect\effectmodel\w1351_model_xxd01_w003.mesh	OK	2268	52	40	1	1120	0	1	1	0	52	40
data\effect\effectmodel\w1351_model_xxd01_w004.mesh	OK	2684	64	44	1	1368	0	1	1	0	64	44
data\effect\effectmodel\w1351_model_xxd01_w005.mesh	OK	29612	846	282	1	17484	0	1	1	0	846	282
data\effect\effectmodel\w1351_model_xxd02_w001.mesh	OK	17340	492	164	1	10168	0	1	1	0	492	164
data\effect\effectmodel\w1351_model_xxd02_w002.mesh	OK	8364	230	90	1	4780	0	1	1	0	230	90
data\effect\effectmodel\w1351_model_xxd02_w003.mesh	OK	5692	156	52	1	3224	0	1	1	0	156	52
data\effect\effectmodel\w1351_model_xxd02_w004.mesh	OK	7292	202	68	1	4176	0	1	1	0	202	68
data\effect\effectmodel\w1351_model_xxglow02_w001.mesh	OK	1388	28	26	1	612	0	1	1	0	28	26
data\effect\effectmodel\w1351_model_xxglow02_w002.mesh	OK	6748	148	216	1	3392	0	1	1	0	148	216
data\effect\effectmodel\w1351_model_xxglow02_w003.mesh	OK	8508	185	288	1	4276	0	1	1	0	185	288
data\effect\effectmodel\w1351_model_xxglow02_w005.mesh	OK	20800	443	792	2	10444	0	1	1	0	443	790+2
data\effect\effectmodel\w1351_model_xxglow_w001.mesh	OK	1388	28	26	1	612	0	1	1	0	28	26
data\effect\effectmodel\w1351_model_xxglow_w002.mesh	OK	2876	60	84	1	1368	0	1	1	0	60	84
data\effect\effectmodel\w1351_model_xxglow_w003.mesh	OK	5164	112	162	1	2564	0	1	1	0	112	162
data\effect\effectmodel\w1351_model_xxglow_w004.mesh	OK	4924	105	160	1	2420	0	1	1	0	105	160
data\effect\effectmodel\w1351_model_xxglow_w005.mesh	OK	20604	437	792	1	10324	0	1	1	0	437	792
data\effect\effectmodel\w1351_model_xxs_huan_w001.mesh	OK	3580	76	108	1	1736	0	1	1	0	76	108
data\effect\effectmodel\w1351_model_xxs_huan_w002.mesh	OK	5340	116	168	1	2656	0	1	1	0	116	168
data\effect\effectmodel\w1351_model_xxs_huan_w003.mesh	OK	5340	116	168	1	2656	0	1	1	0	116	168
data\effect\effectmodel\w1351_model_xy_bxsq_h002.mesh	OK	19148	446	574	1	10068	0	1	1	0	446	574
data\effect\effectmodel\w1351_model_xy_bxsq_h003.mesh	OK	9564	210	320	1	4840	0	1	1	0	210	320
data\effect\effectmodel\w1351_model_xy_bxsq_h004.mesh	OK	53756	1246	1700	1	28320	0	1	1	0	1246	1700
data\effect\effectmodel\w1351_model_xy_nv_jt_cy01.mesh	OK	53460	1071	2000	1	25420	2904	1	1	0	1071	2000
data\effect\effectmodel\w1351_model_xy_nv_jt_pl01.mesh	OK	13160	252	420	1	5880	1452	1	1	0	252	420
data\effect\effectmodel\w1351_model_xy_nv_jt_pl02.mesh	OK	13160	252	420	1	5880	1452	1	1	0	252	420
data\effect\effectmodel\w1351_model_xy_nv_jt_x01.mesh	OK	10484	240	420	1	4800	0	1	0	0	240	420
data\effect\effectmodel\w1351_model_xy_nv_jt_x02.mesh	OK	3980	93	120	1	1860	0	1	0	0	93	120
data\effect\effectmodel\w1351_model_xy_nv_jt_x03.mesh	OK	5904	110	108	1	2200	1452	1	0	0	110	108
data\effect\effectmodel\w1351_model_xy_nv_jt_x05.mesh	OK	6684	155	240	1	3100	0	1	0	0	155	240
data\effect\effectmodel\w1351_model_xy_nv_jt_x07.mesh	OK	6684	155	240	1	3100	0	1	0	0	155	240
data\effect\effectmodel\w1351_model_xy_nv_jt_x08.mesh	OK	30668	762	1000	1	15240	0	1	0	0	762	1000
data\effect\effectmodel\w1351_model_xy_nv_jt_x09.mesh	OK	3356	78	96	1	1560	0	1	0	0	78	96
data\effect\effectmodel\w1351_model_xy_nv_jt_x10.mesh	OK	3356	78	96	1	1560	0	1	0	0	78	96
data\effect\effectmodel\w1351_model_xy_nv_jt_x13.mesh	OK	96028	2812	960	1	56240	0	1	0	0	2812	960
data\effect\effectmodel\w1351_model_xy_pose_h01.mesh	OK	304932	6334	12528	1	151736	1736	1	1	0	6334	12528
data\effect\effectmodel\w1351_model_xy_pose_h01_glow01.mesh	OK	7636	156	78	1	3276	1736	1	1	0	156	78
data\effect\effectmodel\w1351_model_xy_pose_h01_jm.mesh	OK	121108	3408	1254	1	70668	1736	1	1	0	3408	1254
data\effect\effectmodel\w1351_model_xy_pose_h01_jm_1.mesh	OK	371716	7803	15000	1	186060	1736	1	1	0	7803	15000
data\effect\effectmodel\w1351_model_xy_pose_h01_line01.mesh	OK	15044	354	212	1	7504	1736	1	1	0	354	212
data\effect\effectmodel\w1351_model_xy_pose_h02.mesh	OK	305028	6336	12532	1	151784	1736	1	1	0	6336	12532
data\effect\effectmodel\w1351_model_xy_pose_h02_glow01.mesh	OK	7492	152	76	1	3192	1736	1	1	0	152	76
data\effect\effectmodel\w1351_model_xy_pose_h02_jm.mesh	OK	146276	3953	2220	1	83500	1736	1	1	0	3953	2220
data\effect\effectmodel\w1351_model_xy_pose_h02_line01.mesh	OK	31204	690	888	1	15576	1736	1	1	0	690	888
data\effect\effectmodel\w1351_model_xy_pose_h03.mesh	OK	304516	6324	12516	1	151512	1736	1	1	0	6324	12516
data\effect\effectmodel\w1351_model_xy_pose_h03_glow01.mesh	OK	6340	120	60	1	2520	1736	1	1	0	120	60
data\effect\effectmodel\w1351_model_xy_pose_h03_jm.mesh	OK	109924	2958	1656	1	62472	1736	1	1	0	2958	1656
data\effect\effectmodel\w1351_model_xy_pose_h03_line01.mesh	OK	25060	544	704	1	12288	1736	1	1	0	544	704
data\effect\effectmodel\w1351_model_xy_qx_h01.mesh	OK	27476	730	262	1	15124	1736	1	1	0	730	262
data\effect\effectmodel\w1351_model_xy_qx_h02.mesh	OK	42292	1156	410	1	23940	1736	1	1	0	1156	410
data\effect\effectmodel\w1351_model_yanhua_h001.mesh	OK	13468	304	432	1	6944	0	1	1	0	304	432
data\effect\effectmodel\w1351_model_yanjiang_l001.mesh	OK	5356	121	200	1	2420	0	1	0	0	121	200
data\effect\effectmodel\w1351_model_yanjiang_s001.mesh	OK	1196	24	24	1	480	0	1	0	0	24	24
data\effect\effectmodel\w1351_model_yanjiang_s002.mesh	OK	3116	72	88	1	1440	0	1	0	0	72	88
data\effect\effectmodel\w1351_model_yanjiang_s003.mesh	OK	1196	24	24	1	480	0	1	0	0	24	24
data\effect\effectmodel\w1351_model_yanjiang_s004.mesh	OK	3116	72	88	1	1440	0	1	0	0	72	88
data\effect\effectmodel\w1351_model_yanjiang_s005.mesh	OK	3516	80	112	1	1600	0	1	0	0	80	112
data\effect\effectmodel\w1351_model_yanjiang_s006.mesh	OK	3516	80	112	1	1600	0	1	0	0	80	112
data\effect\effectmodel\w1351_model_yanjiang_s007.mesh	OK	3116	72	88	1	1440	0	1	0	0	72	88
data\effect\effectmodel\w1351_model_yanjiang_s008.mesh	OK	1196	24	24	1	480	0	1	0	0	24	24
data\effect\effectmodel\w1351_model_yanmo_shitou_s01.mesh	OK	16732	448	352	1	8960	0	1	0	0	448	352
data\effect\effectmodel\w1351_model_yanwanggumu_01.mesh	OK	1500	32	32	1	640	0	1	0	0	32	32
data\effect\effectmodel\w1351_model_yanzi_lf001a.mesh	OK	98428	1500	2980	1	35960	26304	1	1	0	1500	2980
data\effect\effectmodel\w1351_model_ybhc_z001.mesh	OK	1068	20	24	1	400	0	1	0	0	20	24
data\effect\effectmodel\w1351_model_yd_djq_cone_c001.mesh	OK	8540	198	320	1	3960	0	1	0	0	198	320
data\effect\effectmodel\w1351_model_yd_djq_cone_c002.mesh	OK	6524	150	240	1	3000	0	1	0	0	150	240
data\effect\effectmodel\w1351_model_yd_djq_wuqi_c001.mesh	OK	7308	161	312	1	3220	0	1	0	0	161	312
data\effect\effectmodel\w1351_model_yd_hsqj_dg_c001.mesh	OK	8412	200	288	1	4000	0	1	0	0	200	288
data\effect\effectmodel\w1351_model_yd_hsqj_dg_c002.mesh	OK	8412	200	288	1	4000	0	1	0	0	200	288
data\effect\effectmodel\w1351_model_yd_hsqj_dg_c003.mesh	OK	2872	64	90	1	1280	0	1	0	0	64	90
data\effect\effectmodel\w1351_model_yd_hsqj_dg_c004.mesh	OK	5836	133	216	1	2660	0	1	0	0	133	216
data\effect\effectmodel\w1351_model_yd_hsqj_dg_c005.mesh	OK	2872	64	90	1	1280	0	1	0	0	64	90
data\effect\effectmodel\w1351_model_yd_hsqj_dg_c006.mesh	OK	2872	64	90	1	1280	0	1	0	0	64	90
data\effect\effectmodel\w1351_model_yd_hsqj_dg_c007.mesh	OK	9388	217	360	1	4340	0	1	0	0	217	360
data\effect\effectmodel\w1351_model_yd_hsqj_plane_c001.mesh	OK	10588	250	384	1	5000	0	1	0	0	250	384
data\effect\effectmodel\w1351_model_yd_jian_w001.mesh	OK	24828	706	244	1	14608	0	1	1	0	706	244
data\effect\effectmodel\w1351_model_yd_shanxing_w001.mesh	OK	3852	80	126	1	1852	0	1	1	0	80	126
data\effect\effectmodel\w1351_model_yd_shanxing_w002.mesh	OK	2908	66	64	1	1448	0	1	1	0	66	64
data\effect\effectmodel\w1351_model_yd_shizi_w002.mesh	OK	1068	20	18	1	436	0	1	1	0	20	18
data\effect\effectmodel\w1351_model_ygsb_lg_z001.mesh	OK	6428	150	192	1	3000	192	1	0	0	150	192
data\effect\effectmodel\w1351_model_yh_w002.mesh	OK	4860	108	140	1	2440	0	1	1	0	108	140
data\effect\effectmodel\w1351_model_yh_w003.mesh	OK	5372	114	180	1	2640	0	1	1	0	114	180
data\effect\effectmodel\w1351_model_yijinduangu_s01.mesh	OK	5412	136	128	3	2720	0	1	0	0	136	32+64+32
data\effect\effectmodel\w1351_model_yijinjing_fashe_w001.mesh	OK	3396	77	80	1	1700	8	1	1	0	77	80
data\effect\effectmodel\w1351_model_yinaixueyuan_s001.mesh	OK	3620	96	44	1	1920	0	1	0	0	96	44
data\effect\effectmodel\w1351_model_yinaixueyuan_s002.mesh	OK	22092	560	648	1	11200	0	1	0	0	560	648
data\effect\effectmodel\w1351_model_ylz_yh_w001.mesh	OK	6044	132	192	1	3024	0	1	1	0	132	192
data\effect\effectmodel\w1351_model_ylz_yh_w002.mesh	OK	6044	132	192	1	3024	0	1	1	0	132	192
data\effect\effectmodel\w1351_model_ymg01_xys_h001.mesh	OK	25756	546	1000	1	12920	0	1	1	0	546	1000
data\effect\effectmodel\w1351_model_ymg01_xys_h002.mesh	OK	25756	546	1000	1	12920	0	1	1	0	546	1000
data\effect\effectmodel\w1351_model_ymg01_xys_h003.mesh	OK	25756	546	1000	1	12920	0	1	1	0	546	1000
data\effect\effectmodel\w1351_model_ymg01_xys_h004.mesh	OK	25756	546	1000	1	12920	0	1	1	0	546	1000
data\effect\effectmodel\w1351_model_ymg01_xys_h005.mesh	OK	25756	546	1000	1	12920	0	1	1	0	546	1000
data\effect\effectmodel\w1351_model_ymg01_xys_h006.mesh	OK	25756	546	1000	1	12920	0	1	1	0	546	1000
data\effect\effectmodel\w1351_model_ymg02_jn_long_h003.mesh	OK	25612	589	1080	1	11780	0	1	0	0	589	1080
data\effect\effectmodel\w1351_model_ymg02_jn_long_h004.mesh	OK	25612	589	1080	1	11780	0	1	0	0	589	1080
data\effect\effectmodel\w1351_model_ymg_dg_h001.mesh	OK	11388	245	384	1	5668	192	1	1	0	245	384
data\effect\effectmodel\w1351_model_ymg_dg_h002.mesh	OK	14812	322	528	1	7496	0	1	1	0	322	528
data\effect\effectmodel\w1351_model_ymg_hyrdg_dg_c002.mesh	OK	9020	207	352	1	4140	0	1	0	0	207	352
data\effect\effectmodel\w1351_model_ymg_hyrdg_dg_c00201.mesh	OK	9020	207	352	1	4140	0	1	0	0	207	352
data\effect\effectmodel\w1351_model_ymg_hyrdg_dg_c003.mesh	OK	7868	192	240	1	3840	0	1	0	0	192	240
data\effect\effectmodel\w1351_model_ymg_hyrdg_dg_c00401.mesh	OK	10268	246	320	1	4920	192	1	0	0	246	320
data\effect\effectmodel\w1351_model_ymg_hyrdg_dg_c00402.mesh	OK	10268	246	320	1	4920	192	1	0	0	246	320
data\effect\effectmodel\w1351_model_ymg_hyrdg_dg_c00403.mesh	OK	10268	246	320	1	4920	192	1	0	0	246	320
data\effect\effectmodel\w1351_model_ymg_hyrdg_dg_c00404.mesh	OK	10268	246	320	1	4920	192	1	0	0	246	320
data\effect\effectmodel\w1351_model_ymg_hyrdg_dg_c00405.mesh	OK	10268	246	320	1	4920	192	1	0	0	246	320
data\effect\effectmodel\w1351_model_ymg_hyrdg_dg_c005.mesh	OK	9756	224	384	1	4480	0	1	0	0	224	384
data\effect\effectmodel\w1351_model_ymg_hyrdg_dg_c006.mesh	OK	1100	21	24	1	420	0	1	0	0	21	24
data\effect\effectmodel\w1351_model_ymg_hyrdg_dg_c007.mesh	OK	13084	310	480	1	6200	0	1	0	0	310	480
data\effect\effectmodel\w1351_model_ymg_hyrdg_dg_c008.mesh	OK	4540	100	144	1	2000	192	1	0	0	100	144
data\effect\effectmodel\w1351_model_ymg_hyrdg_dg_c009.mesh	OK	11612	264	448	1	5280	192	1	0	0	264	448
data\effect\effectmodel\w1351_model_ymg_hyrdg_dg_c010.mesh	OK	11612	264	448	1	5280	192	1	0	0	264	448
data\effect\effectmodel\w1351_model_ymg_hyrdg_dg_c011.mesh	OK	18268	430	672	1	8600	192	1	0	0	430	672
data\effect\effectmodel\w1351_model_ymg_hyrfs_dg_c001.mesh	OK	27996	650	1152	1	13000	0	1	0	0	650	1152
data\effect\effectmodel\w1351_model_ymg_hyrfs_dg_c002.mesh	OK	10588	250	384	1	5000	0	1	0	0	250	384
data\effect\effectmodel\w1351_model_ymg_hyrll_dg_c001.mesh	OK	20828	450	768	1	10536	0	1	1	0	450	768
data\effect\effectmodel\w1351_model_ymg_hyrll_dg_c002.mesh	OK	7260	170	256	1	3400	0	1	0	0	170	256
data\effect\effectmodel\w1351_model_ymg_xys_z001.mesh	OK	14332	325	576	1	6500	192	1	0	0	325	576
data\effect\effectmodel\w1351_model_ymg_xys_z002.mesh	OK	28188	650	1152	1	13000	192	1	0	0	650	1152
data\effect\effectmodel\w1351_model_ymg_xys_z003.mesh	OK	2928	68	46	1	1360	192	1	0	0	68	46
data\effect\effectmodel\w1351_model_youmingshenzhang_s01.mesh	OK	3516	74	144	1	1480	0	1	0	0	74	144
data\effect\effectmodel\w1351_model_yskl_weiji_w001.mesh	OK	4260	90	136	1	2072	8	1	1	0	90	136
data\effect\effectmodel\w1351_model_ysym_emitter_lf001.mesh	OK	2868	66	58	1	1436	8	1	1	0	66	58
data\effect\effectmodel\w1351_model_ysym_moon_h001.mesh	OK	21092	600	200	1	12400	8	1	1	0	600	200
data\effect\effectmodel\w1351_model_ysym_trail_h001.mesh	OK	7540	160	266	1	3732	8	1	1	0	160	266
data\effect\effectmodel\w1351_model_ysym_trail_h003.mesh	OK	11588	248	420	1	5800	8	1	1	0	248	420
data\effect\effectmodel\w1351_model_ytcs_lf001.mesh	OK	9212	220	236	1	4872	0	1	1	0	220	236
data\effect\effectmodel\w1351_model_ytcs_lf002.mesh	OK	16332	368	534	1	8428	0	1	1	0	368	534
data\effect\effectmodel\w1351_model_ytcs_lf002a.mesh	OK	16332	368	534	1	8428	0	1	1	0	368	534
data\effect\effectmodel\w1351_model_ytcs_lf003.mesh	OK	18652	406	672	1	9464	0	1	1	0	406	672
data\effect\effectmodel\w1351_model_ytcs_lf004.mesh	OK	2012	37	68	1	876	0	1	1	0	37	68
data\effect\effectmodel\w1351_model_ytcs_lf005.mesh	OK	21180	484	676	1	11032	0	1	1	0	484	676
data\effect\effectmodel\w1351_model_ytcs_lf006.mesh	OK	72476	1572	2736	1	36912	0	1	1	0	1572	2736
data\effect\effectmodel\w1351_model_yuan_z01.mesh	OK	92668	2143	3968	1	42860	0	1	0	0	2143	3968
data\effect\effectmodel\w1351_model_yuanpian_new.mesh	OK	6748	148	216	1	3392	0	1	1	0	148	216
data\effect\effectmodel\w1351_model_yuanzhu_s001.mesh	OK	3036	68	96	1	1360	0	1	0	0	68	96
data\effect\effectmodel\w1351_model_yuanzhu_w001.mesh	OK	3204	74	68	1	1616	8	1	1	0	74	68
data\effect\effectmodel\w1351_model_yuanzhu_z001.mesh	OK	2492	51	64	1	1020	192	1	0	0	51	64
data\effect\effectmodel\w1351_model_yudu_cone_c001.mesh	OK	15740	363	640	1	7260	0	1	0	0	363	640
data\effect\effectmodel\w1351_model_yudu_hsqj_wq_c001.mesh	OK	2776	58	106	1	1160	0	1	0	0	58	106
data\effect\effectmodel\w1351_model_yudu_wuqi_c002.mesh	OK	18716	441	720	1	8820	0	1	0	0	441	720
data\effect\effectmodel\w1351_model_yueliang_w001.mesh	OK	4484	95	144	1	2188	8	1	1	0	95	144
data\effect\effectmodel\w1351_model_yuexiaxun_lf001.mesh	OK	24884	680	354	1	14308	8	1	1	0	680	354
data\effect\effectmodel\w1351_model_yuexiaxun_lf002.mesh	OK	4516	106	104	1	2328	8	1	1	0	106	104
data\effect\effectmodel\w1351_model_yuexiaxun_lf003.mesh	OK	8740	212	208	1	4656	8	1	1	0	212	208
data\effect\effectmodel\w1351_model_yujing_60_c001.mesh	OK	3428	71	108	1	1636	8	1	1	0	71	108
data\effect\effectmodel\w1351_model_yujing_60_c002.mesh	OK	2516	56	54	1	1228	8	1	1	0	56	54
data\effect\effectmodel\w1351_model_yujing_s001.mesh	OK	6716	153	256	1	3060	0	1	0	0	153	256
data\effect\effectmodel\w1351_model_yujing_s002.mesh	OK	1914	44	37	1	880	0	1	0	0	44	37
data\effect\effectmodel\w1351_model_yujing_s003.mesh	OK	1180	25	16	1	500	0	1	0	0	25	16
data\effect\effectmodel\w1351_model_yujing_s004.mesh	OK	1652	36	36	1	720	0	1	0	0	36	36
data\effect\effectmodel\w1351_model_yujing_shanxing_s01.mesh	OK	2700	68	40	1	1360	0	1	0	0	68	40
data\effect\effectmodel\w1351_model_yujing_shanxing_s02.mesh	OK	40252	925	1728	1	18500	0	1	0	0	925	1728
data\effect\effectmodel\w1351_model_yzlg_z001.mesh	OK	6428	150	192	1	3000	192	1	0	0	150	192
data\effect\effectmodel\w1351_model_yzlg_z002.mesh	OK	6428	150	192	1	3000	192	1	0	0	150	192
data\effect\effectmodel\w1351_model_zbf_jian_w001.mesh	OK	10204	286	96	1	5912	0	1	1	0	286	96
data\effect\effectmodel\w1351_model_zbf_jian_w002.mesh	OK	14508	410	138	1	8476	0	1	1	0	410	138
data\effect\effectmodel\w1351_model_zbf_jianqi_w003.mesh	OK	5372	114	180	1	2640	0	1	1	0	114	180
data\effect\effectmodel\w1351_model_zbf_jianqi_w004.mesh	OK	9564	262	112	1	5464	0	1	1	0	262	112
data\effect\effectmodel\w1351_model_zhang_v1.mesh	OK	56524	1654	552	1	33080	0	1	0	0	1654	552
data\effect\effectmodel\w1351_model_zhenfa_plane_c001.mesh	OK	1964	45	40	1	900	0	1	0	0	45	40
data\effect\effectmodel\w1351_model_zhenshoufuti_huandie02_w001.mesh	OK	5108	118	130	1	2620	8	1	1	0	118	130
data\effect\effectmodel\w1351_model_zhongchongjian_h01.mesh	OK	1452	32	24	1	640	0	1	0	0	32	24
data\effect\effectmodel\w1351_model_zhongling_huan_w001.mesh	OK	29084	830	280	1	17160	0	1	1	0	830	280
data\effect\effectmodel\w1351_model_zhongling_huan_w002.mesh	OK	28572	814	280	1	16840	0	1	1	0	814	280
data\effect\effectmodel\w1351_model_zhongling_huan_w003.mesh	OK	13212	290	456	1	6712	0	1	1	0	290	456
data\effect\effectmodel\w1351_model_zhongling_huan_w004.mesh	OK	42652	1222	408	1	25256	0	1	1	0	1222	408
data\effect\effectmodel\w1351_model_zhongling_huan_w005.mesh	OK	28252	804	280	1	16640	0	1	1	0	804	280
data\effect\effectmodel\w1351_model_zhuahen_c001.mesh	OK	18244	399	648	1	9276	8	1	1	0	399	648
data\effect\effectmodel\w1351_model_zhuahen_c002.mesh	OK	18244	399	648	1	9276	8	1	1	0	399	648
data\effect\effectmodel\w1351_model_zhuahen_h001.mesh	OK	2468	50	72	1	1144	8	1	1	0	50	72
data\effect\effectmodel\w1351_model_zhuahen_lf001.mesh	OK	18236	423	552	1	9564	0	1	1	0	423	552
data\effect\effectmodel\w1351_model_zhuahen_lf002.mesh	OK	41412	333	432	1	7524	27016	1	1	0	333	432
data\effect\effectmodel\w1351_model_zhuazi_l001.mesh	OK	1952	42	54	1	840	0	1	0	0	42	54
data\effect\effectmodel\w1351_model_zjx_fo_w001.mesh	OK	23300	549	680	1	12340	8	1	1	0	549	680
data\effect\effectmodel\w1351_model_zjx_lxx_w001.mesh	OK	17252	380	600	1	8800	8	1	1	0	380	600
data\effect\effectmodel\w1351_model_zjx_lxx_w003.mesh	OK	4836	108	136	1	2432	8	1	1	0	108	136
data\effect\effectmodel\w1351_model_zlq_yh_w002.mesh	OK	9180	198	320	1	4600	0	1	1	0	198	320
data\effect\effectmodel\w1351_model_zlq_yp_w001.mesh	OK	6396	140	204	1	3208	0	1	1	0	140	204
data\effect\effectmodel\w1351_model_zq_gcfs_c01.mesh	OK	5860	126	192	1	2904	8	1	1	0	126	192
data\effect\effectmodel\w1351_model_zq_gcfs_c02.mesh	OK	18468	400	672	1	9344	8	1	1	0	400	672
data\effect\effectmodel\w1351_model_zq_gcfs_c03.mesh	OK	9188	198	320	1	4600	8	1	1	0	198	320
data\effect\effectmodel\w1351_model_zq_gcfs_c04.mesh	OK	2404	50	64	1	1128	8	1	1	0	50	64
data\effect\effectmodel\w1351_model_zq_hudie_h01.mesh	OK	47428	1023	1800	1	24060	8	1	1	0	1023	1800
data\effect\effectmodel\w1351_model_zq_jayx_c01.mesh	OK	29468	648	1120	1	12960	1728	1	0	0	648	1120
data\effect\effectmodel\w1351_model_zq_jayx_c02.mesh	OK	13692	275	480	1	5500	1728	1	0	0	275	480
data\effect\effectmodel\w1351_model_zq_jayx_c03.mesh	OK	54236	1536	512	1	30720	1728	1	0	0	1536	512
data\effect\effectmodel\w1351_model_zq_jayx_c04.mesh	OK	6012	98	144	1	1960	1728	1	0	0	98	144
data\effect\effectmodel\w1351_model_zq_jx_jiao_w001.mesh	OK	1804	40	30	1	860	0	1	1	0	40	30
data\effect\effectmodel\w1351_model_zq_jx_jiao_w002.mesh	OK	1804	40	30	1	860	0	1	1	0	40	30
data\effect\effectmodel\w1351_model_zq_jx_jiao_w003.mesh	OK	940	15	22	1	344	0	1	1	0	15	22
data\effect\effectmodel\w1351_model_zq_jx_jiao_w004.mesh	OK	940	15	22	1	344	0	1	1	0	15	22
data\effect\effectmodel\w1351_model_zq_jx_jiao_w005.mesh	OK	1164	20	30	1	460	0	1	1	0	20	30
data\effect\effectmodel\w1351_model_zq_jx_jiao_w006.mesh	OK	1264	23	30	2	520	0	1	1	0	23	29+1
data\effect\effectmodel\w1351_model_zq_jx_w001.mesh	OK	3004	67	72	1	1484	0	1	1	0	67	72
data\effect\effectmodel\w1351_model_zq_jx_w002.mesh	OK	3004	67	72	1	1484	0	1	1	0	67	72
data\effect\effectmodel\w1351_model_zq_jx_w003.mesh	OK	8380	188	260	1	4280	0	1	1	0	188	260
data\effect\effectmodel\w1351_model_zq_jx_w004.mesh	OK	8380	188	260	1	4280	0	1	1	0	188	260
data\effect\effectmodel\w1351_model_zq_jx_w005.mesh	OK	10844	252	312	1	5664	0	1	1	0	252	312
data\effect\effectmodel\w1351_model_zq_jx_w007.mesh	OK	2284	49	54	1	1088	0	1	1	0	49	54
data\effect\effectmodel\w1351_model_zq_jx_w008.mesh	OK	2284	49	54	1	1088	0	1	1	0	49	54
data\effect\effectmodel\w1351_model_zq_jx_w009.mesh	OK	7068	165	188	1	3676	0	1	1	0	165	188
data\effect\effectmodel\w1351_model_zq_jx_w010.mesh	OK	7068	165	188	1	3676	0	1	1	0	165	188
data\effect\effectmodel\w1351_model_zq_jx_w011.mesh	OK	5532	120	176	1	2752	0	1	1	0	120	176
data\effect\effectmodel\w1351_model_zq_jxry_gu_w001.mesh	OK	4208	90	130	2	2060	0	1	1	0	90	120+10
data\effect\effectmodel\w1351_model_zq_jxry_gu_w002.mesh	OK	7196	168	192	1	3744	0	1	1	0	168	192
data\effect\effectmodel\w1351_model_zq_jxry_gu_w003.mesh	OK	8128	180	260	2	4120	0	1	1	0	180	240+20
data\effect\effectmodel\w1351_model_zq_jxry_niu_w004.mesh	OK	25916	661	560	1	14340	0	1	1	0	661	560
data\effect\effectmodel\w1351_model_zq_jxry_pd_w002.mesh	OK	22620	512	744	1	11728	0	1	1	0	512	744
data\effect\effectmodel\w1351_model_zq_jxry_pd_w003.mesh	OK	6172	136	192	1	3104	0	1	1	0	136	192
data\effect\effectmodel\w1351_model_zq_jxry_pf_w001.mesh	OK	64324	1635	1465	1	35630	0	0	0	16010	1635	1465
data\effect\effectmodel\w1351_model_zq_jxry_pf_w002.mesh	OK	11004	248	348	1	5656	0	1	1	0	248	348
data\effect\effectmodel\w1351_model_zq_jxry_pf_w004.mesh	OK	8148	199	187	1	4354	0	0	0	1966	199	187
data\effect\effectmodel\w1351_model_zq_mountion_h001.mesh	OK	1376	28	24	2	608	0	1	1	0	28	12+12
data\effect\effectmodel\w1351_model_zq_qszd_h001.mesh	OK	17220	369	640	1	8660	8	1	1	0	369	640
data\effect\effectmodel\w1351_model_zq_tm_s001.mesh	OK	2744	60	58	1	1200	192	1	0	0	60	58
data\effect\effectmodel\w1351_model_zuoji_fenglong_s02.mesh	OK	35772	863	1312	1	17260	0	1	0	0	863	1312
data\effect\effectmodel\w1351_model_zuoji_fenglong_s08.mesh	OK	1820	39	48	1	780	0	1	0	0	39	48
data\effect\effectmodel\w1351_model_zuoqi_qszd_h001.mesh	OK	7148	166	194	1	3708	0	1	1	0	166	194
data\effect\effectmodel\w1351_model_zuoqi_qszd_h002.mesh	OK	2124	43	58	1	976	0	1	1	0	43	58
data\effect\effectmodel\w1351_model_zuoqi_qszd_h003.mesh	OK	1764	34	49	1	778	0	0	0	370	34	49
data\effect\effectmodel\w1351_model_zuoqi_qszd_h004.mesh	OK	40156	1150	384	1	23768	0	1	1	0	1150	384
data\effect\effectmodel\w1351_model_zuoqi_qszd_h005.mesh	OK	24052	597	583	1	13106	0	0	0	5942	597	583
data\effect\effectmodel\w1351_model_zuoqi_qszd_h006.mesh	OK	25260	720	242	1	14884	0	1	1	0	720	242
data\effect\effectmodel\w1351_model_zuoqi_qszd_h007.mesh	OK	50204	1440	480	1	29760	0	1	1	0	1440	480
data\effect\effectmodel\w1351_model_zuoqi_qszd_h007_1.mesh	OK	33564	960	320	1	19840	0	1	1	0	960	320
data\effect\effectmodel\w1351_model_zuoqi_qszd_h008.mesh	OK	21020	596	208	1	12336	0	1	1	0	596	208
data\effect\effectmodel\w1351_model_zuoqi_qszd_h009.mesh	OK	6252	172	58	1	3556	0	1	1	0	172	58
data\effect\effectmodel\w1351_model_zuoqi_qszd_h010.mesh	OK	2444	60	30	1	1260	0	1	1	0	60	30
data\effect\effectmodel\w1351_model_zuoqi_qszd_h011.mesh	OK	1580	36	18	1	756	0	1	1	0	36	18
data\effect\effectmodel\w1351_model_zuoqi_qszd_h012.mesh	OK	1868	44	22	1	924	0	1	1	0	44	22
data\effect\effectmodel\w1351_model_zuoqi_qszd_h013.mesh	OK	3804	100	40	1	2080	0	1	1	0	100	40
data\effect\effectmodel\w1351_model_zuoqi_qszd_h014.mesh	OK	1580	36	18	1	756	0	1	1	0	36	18
data\effect\effectmodel\w1351_model_zuoqi_qszd_h015.mesh	OK	2508	64	22	1	1324	0	1	1	0	64	22
data\effect\effectmodel\w1351_model_zz_w003.mesh	OK	1156	24	12	1	504	8	1	1	0	24	12
data\effect\effectmodel\w1351_moder_t_shan_0106.mesh	OK	6900	182	132	1	3640	0	1	0	0	182	132
data\effect\effectmodel\w1351_modle_dc_qbbz_c01.mesh	OK	15492	335	560	1	7820	8	1	1	0	335	560
data\effect\effectmodel\w1351_modle_dc_ygyx_c01.mesh	OK	112932	2720	3139	1	60678	496	0	0	28038	2720	3139
data\effect\effectmodel\w1351_modle_qianghualingbao_s01.mesh	OK	10076	246	320	1	4920	0	1	0	0	246	320
data\effect\effectmodel\w1351_modle_qianghualingbao_s02.mesh	OK	10076	246	320	1	4920	0	1	0	0	246	320
data\effect\effectmodel\w1351_modle_qianghualingbao_s03.mesh	OK	10076	246	320	1	4920	0	1	0	0	246	320
data\effect\effectmodel\w1351_modle_qianghualingbao_s04.mesh	OK	1916	42	48	1	840	0	1	0	0	42	48
data\effect\effectmodel\w1351_modle_sz_nv_gb_c001.mesh	OK	3644	81	128	1	1620	0	1	0	0	81	128
data\effect\effectmodel\w1351_modle_sz_nv_gb_c003.mesh	OK	5708	132	200	1	2640	0	1	0	0	132	200
data\effect\effectmodel\w1351_modle_t_dasuiningshui.mesh	OK	20372	504	660	1	10080	0	1	0	0	504	660
data\effect\effectmodel\w1351_modle_wd_h001.mesh	OK	5084	110	160	1	2520	0	1	1	0	110	160
data\effect\effectmodel\w1351_modle_wd_h002.mesh	OK	18748	500	308	1	10616	0	1	1	0	500	308
data\effect\effectmodel\w1351_modle_wd_h004.mesh	OK	4028	94	92	1	2064	0	1	1	0	94	92
data\effect\effectmodel\w1351_modle_xuanjidouquejian_jt.mesh	OK	85140	2204	1790	1	47660	8	1	1	0	2204	1790
data\effect\effectmodel\w1351_modle_yujingquan_300_01.mesh	OK	50312	1461	546	1	29220	0	1	0	0	1461	546
data\effect\effectmodel\w1351_modle_yujingquan_300_02.mesh	OK	3628	88	88	1	1760	0	1	0	0	88	88
data\effect\effectmodel\w1351_modle_yxh_queqiao001.mesh	OK	51748	1329	1116	1	28812	8	1	1	0	1329	1116
data\effect\effectmodel\w1351_modle_yxh_queqiao002.mesh	OK	210148	5616	3768	1	119856	8	1	1	0	5616	3768
data\effect\effectmodel\w1351_modle_yxh_queqiao003.mesh	OK	6276	135	208	1	3116	8	1	1	0	135	208
data\effect\effectmodel\w1351_modle_yxh_queqiao004.mesh	OK	29476	741	684	1	16188	8	1	1	0	741	684
data\effect\effectmodel\w1351_modle_yxh_queqiao_line01.mesh	OK	13188	303	400	1	6860	8	1	1	0	303	400
data\effect\effectmodel\w1351_modle_yxh_queqiao_piaodai01.mesh	OK	19748	488	480	1	10720	8	1	1	0	488	480
data\effect\effectmodel\w1351_ui_14rdl_diaowenqizhen_c01.mesh	OK	2284	49	72	1	980	0	1	0	0	49	72
data\effect\effectmodel\w1351_ui_14rdl_diaowenqizhen_c02.mesh	OK	6524	150	240	1	3000	0	1	0	0	150	240
data\effect\effectmodel\w1351_wabes_001_pbr.mesh	OK	3908	81	128	1	1876	8	1	1	0	81	128
data\effect\effectmodel\w1351_wodel_t_shuangduan_0104.mesh	OK	3300	80	76	1	1600	0	1	0	0	80	76
data\effect\effectmodel\wyh_model_orientationrange_001.mesh	OK	32564	789	1172	1	15780	0	1	0	0	789	1172
data\effect\effectmodel\wyh_model_zuobiaoxi_001.mesh	OK	107684	2736	3308	1	54720	0	1	0	0	2736	3308
data\source\npc\changjingdaoju\w1351_caiji_bosijihao_01\w1351_caiji_bosijihao_01.mesh	OK	2236	32	22	1	684	752	0	0	684	0	22
data\source\npc\changjingdaoju\w1351_caiji_chuchongji_001\w1351_caiji_chuchongji_001.mesh	OK	12132	300	280	1	6560	8	1	1	0	300	280
data\source\npc\changjingdaoju\w1351_caiji_duchanchu_01\w1351_caiji_duchanchu_01.mesh	OK	21196	218	252	1	4864	11920	0	0	4864	0	252
data\source\npc\changjingdaoju\w1351_caiji_duwugong_01\w1351_caiji_duwugong_01.mesh	OK	22660	291	398	1	6616	9880	0	0	6616	0	398
data\source\npc\changjingdaoju\w1351_caiji_duzhizhu_01\w1351_caiji_duzhizhu_01.mesh	OK	41620	406	606	1	9332	23496	0	0	9332	0	606
data\source\npc\changjingdaoju\w1351_caiji_feiliao_001\w1351_caiji_feiliao_001.mesh	OK	56428	1302	1809	1	29658	8	0	0	14034	1302	1809
data\source\npc\changjingdaoju\w1351_caiji_hamigua_01\w1351_caiji_hamigua_01.mesh	OK	4252	66	104	1	1528	1024	1	1	0	66	104
data\source\npc\changjingdaoju\w1351_caiji_heihou_01\w1351_caiji_heihou_01.mesh	OK	24320	315	468	1	6300	11148	1	0	0	315	468
data\source\npc\changjingdaoju\w1351_caiji_honghou_01\w1351_caiji_honghou_01.mesh	OK	24320	315	468	1	6300	11148	1	0	0	315	468
data\source\npc\changjingdaoju\w1351_caiji_hongzhuangsuguo_01\w1351_caiji_hongzhuangsuguo_01.mesh	OK	12020	247	170	1	5280	2472	1	1	0	247	170
data\source\npc\changjingdaoju\w1351_caiji_huihou_01\w1351_caiji_huihou_01.mesh	OK	24320	315	468	1	6300	11148	1	0	0	315	468
data\source\npc\changjingdaoju\w1351_caiji_jinbi_01\w1351_caiji_jinbi_01.mesh	OK	148940	3036	2576	1	60720	36048	1	0	0	3036	2576
data\source\npc\changjingdaoju\w1351_caiji_liaoguojihao_01\w1351_caiji_liaoguojihao_01.mesh	OK	3708	66	36	1	1392	1024	1	1	0	66	36
data\source\npc\changjingdaoju\w1351_caiji_meiguihua_001\w1351_caiji_meiguihua_001.mesh	OK	62712	1103	862	1	23784	20236	1	1	0	1103	862
data\source\npc\changjingdaoju\w1351_caiji_meirenzhuahonglian_01\w1351_caiji_meirenzhuahonglian_01.mesh	OK	13948	290	196	1	6192	2816	1	1	0	290	196
data\source\npc\changjingdaoju\w1351_caiji_muzhilingjian_01\w1351_caiji_muzhilingjian_01.mesh	OK	8508	164	146	1	3572	1808	0	0	3572	0	146
data\source\npc\changjingdaoju\w1351_caiji_putaogan_01\w1351_caiji_putaogan_01.mesh	OK	5124	97	58	1	2056	1272	1	1	0	97	58
data\source\npc\changjingdaoju\w1351_caiji_sanluobingqi\w1351_caiji_sanluobingqi.mesh	OK	4620	80	80	1	1760	1136	1	1	0	80	80
data\source\npc\changjingdaoju\w1351_caiji_sanluodemogu_01\w1351_caiji_sanluodemogu_01.mesh	OK	9060	163	220	1	3700	1800	1	1	0	163	220
data\source\npc\changjingdaoju\w1351_caiji_sanluodemuchai_01\w1351_caiji_sanluodemuchai_01.mesh	OK	18220	388	240	1	8240	3600	1	1	0	388	240
data\source\npc\changjingdaoju\w1351_caiji_sanluodesongguo_01\w1351_caiji_sanluodesongguo_01.mesh	OK	5356	92	112	1	2064	1232	1	1	0	92	112
data\source\npc\changjingdaoju\w1351_caiji_sanluodunpai\w1351_caiji_sanluodunpai.mesh	OK	2264	34	48	1	776	508	1	1	0	34	48
data\source\npc\changjingdaoju\w1351_caiji_sanluokuijia\w1351_caiji_sanluokuijia.mesh	OK	17292	326	434	1	7388	3104	1	1	0	326	434
data\source\npc\changjingdaoju\w1351_caiji_shipingzhuo_001\w1351_caiji_shipingzhuo_001.mesh	OK	121364	2848	3742	1	64444	8	1	1	0	2848	3742
data\source\npc\changjingdaoju\w1351_caiji_shizhilingjian_01\w1351_caiji_shizhilingjian_01.mesh	OK	5844	107	98	1	2336	1352	0	0	2336	0	98
data\source\npc\changjingdaoju\w1351_caiji_shuijin_001\w1351_caiji_shuijin_001.mesh	OK	28756	743	586	1	16032	8	1	1	0	743	586
data\source\npc\changjingdaoju\w1351_caiji_shuiqiu\w1351_caiji_shuiqiu.mesh	OK	1428	3	1	1	62	1040	1	1	0	3	1
data\source\npc\changjingdaoju\w1351_caiji_shuishangxue_001\w1351_caiji_shuishangxue_001.mesh	OK	1392	12	6	1	240	688	1	0	0	12	6
data\source\npc\changjingdaoju\w1351_caiji_songjunjihao_01\w1351_caiji_songjunjihao_01.mesh	OK	3308	56	36	1	1192	944	1	1	0	56	36
data\source\npc\changjingdaoju\w1351_caiji_tongzhilingjian_01\w1351_caiji_tongzhilingjian_01.mesh	OK	7300	137	130	1	3000	1592	0	0	3000	0	130
data\source\npc\changjingdaoju\w1351_caiji_wudanglingzhi_01\w1351_caiji_wudanglingzhi_01.mesh	OK	1204	9	8	1	196	568	1	1	0	9	8
data\source\npc\changjingdaoju\w1351_caiji_wudangrenshen_01\w1351_caiji_wudangrenshen_01.mesh	OK	6892	124	144	1	2768	1488	1	1	0	124	144
data\source\npc\changjingdaoju\w1351_caiji_wudangshouwu_01\w1351_caiji_wudangshouwu_01.mesh	OK	3940	67	60	1	1460	1032	1	1	0	67	60
data\source\npc\changjingdaoju\w1351_caiji_xiaobaishe_01\w1351_caiji_xiaobaishe_01.mesh	OK	15808	153	286	1	3632	8340	0	0	3632	0	286
data\source\npc\changjingdaoju\w1351_caiji_xiaohongshe_01\w1351_caiji_xiaohongshe_01.mesh	OK	15808	153	286	1	3632	8340	0	0	3632	0	286
data\source\npc\changjingdaoju\w1351_caiji_xiaoqingshe_01\w1351_caiji_xiaoqingshe_01.mesh	OK	15808	153	286	1	3632	8340	0	0	3632	0	286
data\source\npc\changjingdaoju\w1351_caiji_xiguateng_001\w1351_caiji_xiguateng_001.mesh	OK	257320	3816	5290	2	147956	31544	1	0	71636	3816	2890+2400
data\source\npc\changjingdaoju\w1351_caiji_xiguateng_002\w1351_caiji_xiguateng_002.mesh	OK	247216	3661	5112	2	142020	30304	1	0	68800	3661	2712+2400
data\source\npc\changjingdaoju\w1351_caiji_xiguateng_003\w1351_caiji_xiguateng_003.mesh	OK	202120	3008	4046	2	116380	25080	1	0	56220	3008	2846+1200
data\source\npc\changjingdaoju\w1351_caiji_xiguateng_004\w1351_caiji_xiguateng_004.mesh	OK	475024	7163	9074	2	276016	58320	1	0	132756	7163	4274+4800
data\source\npc\changjingdaoju\w1351_caiji_xuelianhua_01\w1351_caiji_xuelianhua_01.mesh	OK	22316	460	392	1	9984	4176	1	1	0	460	392
data\source\npc\changjingdaoju\w1351_caiji_yanermei_01\w1351_caiji_yanermei_01.mesh	OK	9628	194	136	1	4152	2048	1	1	0	194	136
data\source\npc\changjingdaoju\w1351_caiji_yuebing_001\w1351_caiji_yuebing_001.mesh	OK	28060	564	590	1	12460	5008	1	1	0	564	590
data\source\npc\changjingdaoju\w1351_caiji_yuebing_002\w1351_caiji_yuebing_002.mesh	OK	28060	564	590	1	12460	5008	1	1	0	564	590
data\source\npc\changjingdaoju\w1351_caiji_yuebing_003\w1351_caiji_yuebing_003.mesh	OK	44292	913	874	1	20008	7800	1	1	0	913	874
data\source\npc\changjingdaoju\w1351_caiji_yuebing_004\w1351_caiji_yuebing_004.mesh	OK	44132	909	874	1	19928	7768	1	1	0	909	874
data\source\npc\changjingdaoju\w1351_caiji_zhenlongzhiguang_01\w1351_caiji_zhenlongzhiguang_01.mesh	OK	5972	101	144	1	2308	1304	0	0	2308	0	144
data\source\npc\changjingdaoju\w1351_diancang_banruozhang\w1351_diancang_banruozhang.mesh	OK	1836	24	12	1	504	688	1	1	0	24	12
data\source\npc\changjingdaoju\w1351_diancang_beimingshengong\w1351_diancang_beimingshengong.mesh	OK	35160	626	738	2	13996	8936	1	1	0	626	704+34
data\source\npc\changjingdaoju\w1351_diancang_bilinzhen\w1351_diancang_bilinzhen.mesh	OK	17684	345	388	1	7676	3256	1	1	0	345	388
data\source\npc\changjingdaoju\w1351_diancang_chansiqinnashou\w1351_diancang_chansiqinnashou.mesh	OK	1836	24	12	1	504	688	1	1	0	24	12
data\source\npc\changjingdaoju\w1351_diancang_dagoubang\w1351_diancang_dagoubang.mesh	OK	17100	298	550	1	7060	2880	1	1	0	298	550
data\source\npc\changjingdaoju\w1351_diancang_dagoubangfa\w1351_diancang_dagoubangfa.mesh	OK	1836	24	12	1	504	688	1	1	0	24	12
data\source\npc\changjingdaoju\w1351_diancang_douzhuanxingyi\w1351_diancang_douzhuanxingyi.mesh	OK	36560	653	762	2	14584	9280	1	1	0	653	704+58
data\source\npc\changjingdaoju\w1351_diancang_ezuijian\w1351_diancang_ezuijian.mesh	OK	32636	630	832	1	14264	5536	1	1	0	630	832
data\source\npc\changjingdaoju\w1351_diancang_gangzhua\w1351_diancang_gangzhuam.mesh	OK	14036	267	322	1	5984	2632	1	1	0	267	322
data\source\npc\changjingdaoju\w1351_diancang_guitoudao\w1351_diancang_guitoudao.mesh	OK	11420	216	250	1	4820	2224	1	1	0	216	250
data\source\npc\changjingdaoju\w1351_diancang_hama\w1351_diancang_hama_lian_001.mesh	OK	28852	58	112	1	1384	25816	1	1	0	58	112
data\source\npc\changjingdaoju\w1351_diancang_hama\w1351_diancang_hama_toufa_001.mesh	OK	53116	575	502	1	12504	30416	1	1	0	575	502
data\source\npc\changjingdaoju\w1351_diancang_hama\w1351_diancang_hama_yifu_001.mesh	OK	58060	583	904	1	13468	31888	1	1	0	583	904
data\source\npc\changjingdaoju\w1351_diancang_huagongdafa\w1351_diancang_huagongdafa.mesh	OK	35256	626	738	2	13996	9032	1	1	0	626	704+34
data\source\npc\changjingdaoju\w1351_diancang_jiashafumogong\w1351_diancang_jiashafumogong.mesh	OK	1836	24	12	1	504	688	1	1	0	24	12
data\source\npc\changjingdaoju\w1351_diancang_lingboweibu\w1351_diancang_lingboweibu.mesh	OK	34824	618	730	2	13820	8920	1	1	0	618	704+26
data\source\npc\changjingdaoju\w1351_diancang_liumaishenjian\w1351_diancang_liumaishenjian.mesh	OK	1836	24	12	1	504	688	1	1	0	24	12
data\source\npc\changjingdaoju\w1351_diancang_longzhuashou\w1351_diancang_longzhuashou.mesh	OK	38204	596	580	3	13080	14200	1	1	0	596	388+96+96
data\source\npc\changjingdaoju\w1351_diancang_luohanquan\w1351_diancang_luohanquan.mesh	OK	1836	24	12	1	504	688	1	1	0	24	12
data\source\npc\changjingdaoju\w1351_diancang_lvboxiangludao\w1351_diancang_lvboxiangludao.mesh	OK	18648	331	374	1	7368	4780	1	1	0	331	374
data\source\npc\changjingdaoju\w1351_diancang_panguanbi\w1351_diancang_panguanbi.mesh	OK	25016	386	568	2	8856	7832	1	1	0	386	312+256
data\source\npc\changjingdaoju\w1351_diancang_qiannianbingcan\w1351_diancang_qiannianbingcan.mesh	OK	17256	228	300	1	5160	7276	1	1	0	228	300
data\source\npc\changjingdaoju\w1351_diancang_qiannianlingzhi\w1351_diancang_qiannianlingzhi.mesh	OK	110216	2058	2856	2	46872	21224	1	1	0	2058	1428+1428
data\source\npc\changjingdaoju\w1351_diancang_qiannianrenshen\w1351_diancang_qiannianrenshen.mesh	OK	76664	1257	1668	2	28476	22808	1	1	0	1257	834+834
data\source\npc\changjingdaoju\w1351_diancang_qibaobanzhi\w1351_diancang_qibaobanzhi.mesh	OK	18660	335	560	1	7820	3176	1	1	0	335	560
data\source\npc\changjingdaoju\w1351_diancang_qimeigun\w1351_diancang_qimeigun.mesh	OK	84204	1616	2348	1	37016	13424	1	1	0	1616	2348
data\source\npc\changjingdaoju\w1351_diancang_qingfengding\w1351_diancang_qingfengding.mesh	OK	4716	76	112	1	1744	1104	1	1	0	76	112
data\source\npc\changjingdaoju\w1351_diancang_qinggangjian\w1351_diancang_qinggangjian.mesh	OK	4436	73	92	1	1644	1080	1	1	0	73	92
data\source\npc\changjingdaoju\w1351_diancang_qinlonggong\w1351_diancang_qinlonggong.mesh	OK	1836	24	12	1	504	688	1	1	0	24	12
data\source\npc\changjingdaoju\w1351_diancang_ranmudaofa\w1351_diancang_ranmudaofa.mesh	OK	1836	24	12	1	504	688	1	1	0	24	12
data\source\npc\changjingdaoju\w1351_diancang_rousisuo\w1351_diancang_rousisuo.mesh	OK	22580	300	384	2	6768	9620	1	1	0	300	192+192
data\source\npc\changjingdaoju\w1351_diancang_ruanbian\w1351_diancang_ruanbian.mesh	OK	77536	1244	1784	2	28448	23168	1	1	0	1244	892+892
data\source\npc\changjingdaoju\w1351_diancang_shandiandiao\w1351_diancang_shandiandiao.mesh	OK	128452	2079	3094	2	47768	36884	1	1	0	2079	2818+276
data\source\npc\changjingdaoju\w1351_diancang_shengsifu\w1351_diancang_shengsifu.mesh	OK	34872	618	730	2	13820	8968	1	1	0	618	704+26
data\source\npc\changjingdaoju\w1351_diancang_shengsifulu\w1351_diancang_shengsifulu.mesh	OK	15700	311	310	1	6840	2984	1	1	0	311	310
data\source\npc\changjingdaoju\w1351_diancang_shibazhang\w1351_diancang_shibazhang.mesh	OK	1836	24	12	1	504	688	1	1	0	24	12
data\source\npc\changjingdaoju\w1351_diancang_tianlongbabutu\w1351_diancang_tianlongbabutu.mesh	OK	75040	1260	1408	2	28016	23168	1	1	0	1260	704+704
data\source\npc\changjingdaoju\w1351_diancang_tianshanliuyangzhang\w1351_diancang_tianshanliuyangzhang.mesh	OK	37068	662	772	3	14784	9416	1	1	0	662	704+34+34
data\source\npc\changjingdaoju\w1351_diancang_tianshanxuelian\w1351_diancang_tianshanxuelian.mesh	OK	25636	419	335	1	9050	9264	0	0	4022	419	335
data\source\npc\changjingdaoju\w1351_diancang_tiashanzhemeishou\w1351_diancang_tiashanzhemeishou.mesh	OK	37132	662	772	3	14784	9480	1	1	0	662	704+34+34
data\source\npc\changjingdaoju\w1351_diancang_xiangmodaofa\w1351_diancang_xiangmodaofa.mesh	OK	1836	24	12	1	504	688	1	1	0	24	12
data\source\npc\changjingdaoju\w1351_diancang_xiaowuxianggong\w1351_diancang_xiaowuxianggong.mesh	OK	35256	626	738	2	13996	9032	1	1	0	626	704+34
data\source\npc\changjingdaoju\w1351_diancang_xiuluodao\w1351_diancang_xiuluodao.mesh	OK	6444	115	133	1	2566	1416	0	0	1186	115	133
data\source\npc\changjingdaoju\w1351_diancang_yanguoyuxi\w1351_diancang_yanguoyuxi.mesh	OK	132972	2677	3139	1	59818	21912	0	0	27694	2677	3139
data\source\npc\changjingdaoju\w1351_diancang_yemingzhu\w1351_diancang_yemingzhu.mesh	OK	27040	518	660	1	11680	4900	1	1	0	518	660
data\source\npc\changjingdaoju\w1351_diancang_yijinjing\w1351_diancang_yijinjing.mesh	OK	37628	596	580	3	13080	13624	1	1	0	596	388+96+96
data\source\npc\changjingdaoju\w1351_diancang_yiyangzhifa\w1351_diancang_yiyangzhifa.mesh	OK	1836	24	12	1	504	688	1	1	0	24	12
data\source\npc\changjingdaoju\w1351_diancang_youlongjian\w1351_diancang_youlongjian.mesh	OK	122692	2370	3389	1	54178	19456	0	0	25738	2370	3389
data\source\npc\changjingdaoju\w1351_diancang_yugan\w1351_diancang_yugan.mesh	OK	3916	60	92	1	1384	976	1	1	0	60	92
data\source\npc\changjingdaoju\w1351_drop_bihebaoguo1\w1351_drop_bihebaoguo1.mesh	OK	25624	520	674	1	10400	4656	1	0	0	520	674
data\source\npc\changjingdaoju\w1351_drop_bihebaoguo3\w1351_drop_bihebaoguo3.mesh	OK	24828	420	648	1	8400	7216	1	0	0	420	648
data\source\npc\changjingdaoju\w1351_drop_dakaibaoguo1\w1351_drop_dakaibaoguo1.mesh	OK	33016	617	798	1	12340	8200	1	0	0	617	798
data\source\npc\changjingdaoju\w1351_drop_jian\w1351_drop_jian.mesh	OK	9776	196	190	1	3920	2080	1	0	0	196	190
data\source\npc\changjingdaoju\w1351_npc_gouhuo\w1351_npc_gouhuo.mesh	OK	90300	1972	1720	1	39440	16592	1	0	0	1972	1720
data\source\npc\changjingdaoju\w1351_pvpcaiji_mie\w1351_pvpcaiji_mie.mesh	OK	6100	101	144	1	2020	1720	1	0	0	101	144
data\source\npc\changjingdaoju\w1351_pvpcaiji_sheng\w1351_pvpcaiji_sheng.mesh	OK	6100	101	144	1	2020	1720	1	0	0	101	144
data\source\npc\changjingdaoju\w1351_shenghuo_candou1\w1351_shenghuo_candou1.mesh	OK	32746	729	495	1	14580	6164	1	0	0	729	495
data\source\npc\changjingdaoju\w1351_shenghuo_candou2\w1351_shenghuo_candou2.mesh	OK	73138	1647	1107	1	32940	13508	1	0	0	1647	1107
data\source\npc\changjingdaoju\w1351_shenghuo_candou3\w1351_shenghuo_candou3.mesh	OK	101650	2295	1539	1	45900	18692	1	0	0	2295	1539
data\source\npc\changjingdaoju\w1351_shenghuo_dami1\w1351_shenghuo_dami1.mesh	OK	29640	648	512	1	12960	5548	1	0	0	648	512
data\source\npc\changjingdaoju\w1351_shenghuo_dami2\w1351_shenghuo_dami2.mesh	OK	38732	842	734	1	16840	7100	1	0	0	842	734
data\source\npc\changjingdaoju\w1351_shenghuo_dami3\w1351_shenghuo_dami3.mesh	OK	38732	842	734	1	16840	7100	1	0	0	842	734
data\source\npc\changjingdaoju\w1351_shenghuo_gaoliang1\w1351_shenghuo_gaoliang1.mesh	OK	122296	2760	1880	1	55200	22412	1	0	0	2760	1880
data\source\npc\changjingdaoju\w1351_shenghuo_gaoliang2\w1351_shenghuo_gaoliang2.mesh	OK	92072	2080	1376	1	41600	16972	1	0	0	2080	1376
data\source\npc\changjingdaoju\w1351_shenghuo_gaoliang3\w1351_shenghuo_gaoliang3.mesh	OK	92072	2080	1376	1	41600	16972	1	0	0	2080	1376
data\source\npc\changjingdaoju\w1351_shenghuo_hongshu1\w1351_shenghuo_hongshu1.mesh	OK	9620	199	174	1	3980	1924	1	0	0	199	174
data\source\npc\changjingdaoju\w1351_shenghuo_hongshu2\w1351_shenghuo_hongshu2.mesh	OK	18904	411	308	1	8220	3620	1	0	0	411	308
data\source\npc\changjingdaoju\w1351_shenghuo_hongshu3\w1351_shenghuo_hongshu3.mesh	OK	15540	329	294	1	6580	2964	1	0	0	329	294
data\source\npc\changjingdaoju\w1351_shenghuo_huangdou1\w1351_shenghuo_huangdou1.mesh	OK	243184	5508	3708	1	110160	44396	1	0	0	5508	3708
data\source\npc\changjingdaoju\w1351_shenghuo_huangdou2\w1351_shenghuo_huangdou2.mesh	OK	259524	5888	3898	1	117760	47436	1	0	0	5888	3898
data\source\npc\changjingdaoju\w1351_shenghuo_huangdou3\w1351_shenghuo_huangdou3.mesh	OK	236446	5355	3605	1	107100	43172	1	0	0	5355	3605
data\source\npc\changjingdaoju\w1351_shenghuo_huasheng1\w1351_shenghuo_huasheng1.mesh	OK	159030	3591	2457	1	71820	29092	1	0	0	3591	2457
data\source\npc\changjingdaoju\w1351_shenghuo_huasheng2\w1351_shenghuo_huasheng2.mesh	OK	232452	5274	3474	1	105480	42556	1	0	0	5274	3474
data\source\npc\changjingdaoju\w1351_shenghuo_huasheng3\w1351_shenghuo_huasheng3.mesh	OK	207684	4698	3186	1	93960	37948	1	0	0	4698	3186
data\source\npc\changjingdaoju\w1351_shenghuo_kuangshi1\w1351_shenghuo_kuangshi1.mesh	OK	4424	78	66	1	1560	1248	1	0	0	78	66
data\source\npc\changjingdaoju\w1351_shenghuo_kuangshi10\w1351_shenghuo_kuangshi10.mesh	OK	4272	75	66	1	1500	1192	1	0	0	75	66
data\source\npc\changjingdaoju\w1351_shenghuo_kuangshi2\w1351_shenghuo_kuangshi2.mesh	OK	4392	78	66	1	1560	1216	1	0	0	78	66
data\source\npc\changjingdaoju\w1351_shenghuo_kuangshi3\w1351_shenghuo_kuangshi3.mesh	OK	3976	70	50	1	1400	1152	1	0	0	70	50
data\source\npc\changjingdaoju\w1351_shenghuo_kuangshi4\w1351_shenghuo_kuangshi4.mesh	OK	4272	75	66	1	1500	1192	1	0	0	75	66
data\source\npc\changjingdaoju\w1351_shenghuo_kuangshi5\w1351_shenghuo_kuangshi5.mesh	OK	4272	75	66	1	1500	1192	1	0	0	75	66
data\source\npc\changjingdaoju\w1351_shenghuo_kuangshi6\w1351_shenghuo_kuangshi6.mesh	OK	4272	75	66	1	1500	1192	1	0	0	75	66
data\source\npc\changjingdaoju\w1351_shenghuo_kuangshi7\w1351_shenghuo_kuangshi7.mesh	OK	4272	75	66	1	1500	1192	1	0	0	75	66
data\source\npc\changjingdaoju\w1351_shenghuo_kuangshi8\w1351_shenghuo_kuangshi8.mesh	OK	4272	75	66	1	1500	1192	1	0	0	75	66
data\source\npc\changjingdaoju\w1351_shenghuo_kuangshi9\w1351_shenghuo_kuangshi9.mesh	OK	4272	75	66	1	1500	1192	1	0	0	75	66
data\source\npc\changjingdaoju\w1351_shenghuo_lvdou1\w1351_shenghuo_lvdou1.mesh	OK	9620	199	174	1	3980	1924	1	0	0	199	174
data\source\npc\changjingdaoju\w1351_shenghuo_lvdou2\w1351_shenghuo_lvdou2.mesh	OK	18904	411	308	1	8220	3620	1	0	0	411	308
data\source\npc\changjingdaoju\w1351_shenghuo_lvdou3\w1351_shenghuo_lvdou3.mesh	OK	66968	1525	892	1	30500	12532	1	0	0	1525	892
data\source\npc\changjingdaoju\w1351_shenghuo_xiaomai1\w1351_shenghuo_xiaomai1.mesh	OK	65408	1472	980	1	29440	12140	1	0	0	1472	980
data\source\npc\changjingdaoju\w1351_shenghuo_xiaomai2\w1351_shenghuo_xiaomai2.mesh	OK	61804	1384	966	1	27680	11436	1	0	0	1384	966
data\source\npc\changjingdaoju\w1351_shenghuo_xiaomai3\w1351_shenghuo_xiaomai3.mesh	OK	78688	1858	620	1	37160	15228	1	0	0	1858	620
data\source\npc\changjingdaoju\w1351_shenghuo_yumi1\w1351_shenghuo_yumi1.mesh	OK	92104	2080	1376	1	41600	17004	1	0	0	2080	1376
data\source\npc\changjingdaoju\w1351_shenghuo_yumi2\w1351_shenghuo_yumi2.mesh	OK	118216	2656	1888	1	53120	21612	1	0	0	2656	1888
data\source\npc\changjingdaoju\w1351_shenghuo_yumi3\w1351_shenghuo_yumi3.mesh	OK	118216	2656	1888	1	53120	21612	1	0	0	2656	1888
data\source\npc\changjingdaoju\w1351_shenghuo_zhima1\w1351_shenghuo_zhima1.mesh	OK	243184	5508	3708	1	110160	44396	1	0	0	5508	3708
data\source\npc\changjingdaoju\w1351_shenghuo_zhima2\w1351_shenghuo_zhima2.mesh	OK	243184	5508	3708	1	110160	44396	1	0	0	5508	3708
data\source\npc\changjingdaoju\w1351_shenghuo_zhima3\w1351_shenghuo_zhima3.mesh	OK	308686	7035	4445	1	140700	56612	1	0	0	7035	4445
data\source\npc\changjingdaoju\w1351_shuihu01\w1351_shuihu01.mesh	OK	3632	57	42	1	1140	1272	1	0	0	57	42
data\source\npc\changjingdaoju\w1351_ui_baoxiang_01\w1351_ui_baoxiang_01.mesh	OK	205172	4056	4031	3	89182	42840	0	0	40510	4056	4000+10+21
data\source\npc\changjingdaoju\w1351_ui_baoxiang_02\w1351_ui_baoxiang_02.mesh	OK	194996	3626	3400	1	72520	58280	1	0	0	3626	3400
data\source\npc\changjingdaoju\w1351_ui_baoxiang_03\w1351_ui_baoxiang_03.mesh	OK	130628	2555	2590	1	56280	27864	1	1	0	2555	2590
data\source\npc\changjingdaoju\w1351_ui_baoxiang_04\w1351_ui_baoxiang_04.mesh	OK	226768	4428	4429	2	97418	49352	0	0	44282	4428	4026+403
data\source\npc\changjingdaoju\w1351_ui_baoxiang_05\w1351_ui_baoxiang_05.mesh	OK	223112	4312	4458	2	95156	49176	1	1	0	4312	4050+408
data\source\npc\changjingdaoju\w1351_ui_baoxiang_06\w1351_ui_baoxiang_06.mesh	OK	288964	5240	5470	1	104800	88180	1	0	0	5240	5470
data\source\npc\changjingdaoju\w1351_ui_baoxiang_07\w1351_ui_baoxiang_07.mesh	OK	388540	7329	8436	2	163452	86236	1	1	0	7329	6068+2368
data\source\npc\changjingdaoju\w1351_ui_baoxiang_08\w1351_ui_baoxiang_08.mesh	OK	386132	7331	9340	1	146620	95216	1	0	0	7331	9340
data\source\npc\changjingdaoju\w1351_ui_baoxiang_09\w1351_ui_baoxiang_09.mesh	OK	425014	7972	6787	2	159440	128900	1	0	0	7972	6267+520
data\source\npc\changjingdaoju\w1351_ui_baoxiang_10\w1351_ui_baoxiang_10.mesh	OK	451752	8367	9148	1	167340	128836	1	0	0	8367	9148
data\source\npc\changjingdaoju\w1351_yqlygyw_lihe001\w1351_yqlygyw_lihe001.mesh	OK	2716	35	36	1	700	1096	1	0	0	35	36
data\source\npc\changjingdaoju\w1351_yqlygyw_xuyuanshu001\w1351_yqlygyw_xuyuanshu001_lian_001.mesh	OK	28832	452	260	1	9040	12524	1	0	0	452	260
data\source\npc\changjingdaoju\w1351_yqlygyw_xuyuanshu001\w1351_yqlygyw_xuyuanshu001_shoutao_001.mesh	OK	249660	5302	3602	1	106040	58100	1	0	0	5302	3602
data\source\npc\changjingdaoju\w1351_yqlygyw_xuyuanshu001\w1351_yqlygyw_xuyuanshu001_yifu_001.mesh	OK	14282	101	175	1	2020	9716	1	0	0	101	175
data\source\npc\changjingdaoju\w1352_pvpcaiji_xun\w1352_pvpcaiji_xun.mesh	OK	6100	101	144	1	2020	1720	1	0	0	101	144
data\source\npc\changjingdaoju\w1353_pvpcaiji_zhen\w1353_pvpcaiji_zhen.mesh	OK	6100	101	144	1	2020	1720	1	0	0	101	144
data\source\npc\changjingdaoju\w1354_pvpcaiji_hua\w1354_pvpcaiji_hua.mesh	OK	6004	101	144	1	2020	1624	1	0	0	101	144
data\source\npc\changjingdaoju\w1355_pvpcaiji_yu\w1355_pvpcaiji_yu.mesh	OK	6100	101	144	1	2020	1720	1	0	0	101	144
data\source\npc\changjingdaoju\w1356_pvpcaiji_jing\w1356_pvpcaiji_jing.mesh	OK	6100	101	144	1	2020	1720	1	0	0	101	144
data\source\npc\dynamic\w1351_mrsz_buliandeng_001\w1351_mrsz_bulian_001.mesh	OK	19100	328	292	2	7144	5980	1	1	0	328	110+182
data\source\npc\dynamic\w1351_mrsz_buliandongtai_002\w1351_mrsz_bulian_002.mesh	OK	25288	441	403	2	9626	7664	0	0	4334	441	130+273
data\source\npc\dynamic\w1351_mrsz_denglong_001\w1351_mrsz_ludeng_001.mesh	OK	18680	349	329	3	7638	4588	0	0	3450	349	265+48+16
data\source\npc\dynamic\w1351_mrsz_tielian_001\w1351_mrsz_tielian_001.mesh	OK	77000	1475	928	1	31356	22092	1	1	0	1475	928
data\source\npc\dynamic\w1351_mrsz_tongyongwujiandongtai_001\w1351_mrsz_tongyongwujian_001.mesh	OK	63676	1126	1119	3	24758	18400	0	0	11246	1126	430+149+540
data\source\npc\guajian\w1351_guajian_ysym_01\w1351_guajian_ysym_moren.mesh	OK	75968	852	1189	2	19418	38904	0	0	9194	852	1080+109
data\source\npc\model\w1351_an_model_wave_h001\w1351_an_model_wave_h001.mesh	OK	146808	2601	5000	1	62020	23292	1	1	0	2601	5000
data\source\npc\model\w1351_ani_model_9999_h005\w1351_ani_model_9999_h005.mesh	OK	641896	13107	14442	1	291024	106652	1	1	0	13107	14442
data\source\npc\model\w1351_ani_model_lianhua_h001\w1351_ani_model_lianhua_h001.mesh	OK	125244	1887	1390	1	40520	53456	1	1	0	1887	1390
data\source\npc\model\w1351_ani_model_lianhua_h002\w1351_ani_model_lianhua_h002.mesh	OK	183412	2850	2010	1	61020	75848	1	1	0	2850	2010
data\source\npc\model\w1351_ani_model_maobi_w001\w1351_ani_model_maobi_w001.mesh	OK	7604	137	168	1	3076	1592	1	1	0	137	168
data\source\npc\model\w1351_ani_model_pets_xuanhaima_idle02_h001\w1351_ani_model_pets_xuanhaima_idle02_h001.mesh	OK	30820	559	960	1	13100	4968	1	1	0	559	960
data\source\npc\model\w1351_ani_model_qixiayingri_jian_c01\w1351_ani_model_qixiayingri_jian_c01.mesh	OK	69120	1344	1456	1	29792	14180	1	1	0	1344	1456
data\source\npc\model\w1351_ani_ysym_bird_h001\w1351_ani_ysym_bird_h001.mesh	OK	230764	3563	5796	1	82852	70096	1	1	0	3563	5796
data\source\npc\model\w1351_ani_ysym_bird_h002\w1351_ani_ysym_bird_h002.mesh	OK	264580	3563	5796	1	82852	103912	1	1	0	3563	5796
data\source\npc\model\w1351_ani_ysym_moon_h001\w1351_ani_ysym_moon_h001.mesh	OK	26380	600	200	1	12400	5296	1	1	0	600	200
data\source\npc\model\w1351_ani_ysym_moon_h001\w1351_ani_ysym_moon_h001_2.mesh	OK	26380	600	200	1	12400	5296	1	1	0	600	200
data\source\npc\model\w1351_ani_ysym_moon_h002\w1351_ani_ysym_moon_h002.mesh	OK	26380	600	200	1	12400	5296	1	1	0	600	200
data\source\npc\model\w1351_ani_ysym_moon_h002\w1351_ani_ysym_moon_h002_2.mesh	OK	26380	600	200	1	12400	5296	1	1	0	600	200
data\source\npc\model\w1351_boss_hxw_c001\w1351_boss_hxw_c001.mesh	OK	39756	500	632	1	10000	19680	1	0	0	500	632
data\source\npc\model\w1351_model_ani_flower_h001\w1351_model_ani_flower_h001.mesh	OK	69148	1262	1630	1	28500	15440	1	1	0	1262	1630
data\source\npc\model\w1351_model_ani_liqinglu_skill03_h001\w1351_model_ani_liqinglu_skill03_h001.mesh	OK	15400	280	330	1	6260	3516	1	1	0	280	330
data\source\npc\model\w1351_model_ani_liqinglu_skill04_h001\w1351_model_ani_liqinglu_skill04_h001.mesh	OK	5208	67	82	1	1504	2124	1	1	0	67	82
data\source\npc\model\w1351_model_ani_new_jiumozhi_skill04_h001\w1351_model_ani_new_jiumozhi_skill04_h001.mesh	OK	17648	352	316	1	7672	3572	1	1	0	352	316
data\source\npc\model\w1351_model_ani_npc_liqinglu_hit_h001\w1351_model_ani_npc_liqinglu_hit_h001.mesh	OK	36332	628	1174	1	14908	6560	1	1	0	628	1174
data\source\npc\model\w1351_model_ani_npc_liqinglu_skill02_h001\w1351_model_ani_npc_liqinglu_skill02_h001.mesh	OK	36332	628	1174	1	14908	6560	1	1	0	628	1174
data\source\npc\model\w1351_model_ani_npc_liqinglu_skill02_h002\w1351_model_ani_npc_liqinglu_skill02_h002.mesh	OK	36332	628	1174	1	14908	6560	1	1	0	628	1174
data\source\npc\model\w1351_model_ani_zhenshoufuti_huandie01_w001\w1351_model_ani_zhenshoufuti_huandie01_w001.mesh	OK	18436	249	278	1	5536	7960	1	1	0	249	278
data\source\npc\model\w1351_model_ani_zhenshoufuti_huandie02_w001\w1351_model_ani_zhenshoufuti_huandie02_w001.mesh	OK	21996	274	324	1	6128	10352	1	1	0	274	324
data\source\npc\model\w1351_model_ani_zhenshoufuti_huandie02_w002\w1351_model_ani_zhenshoufuti_huandie02_w002.mesh	OK	22260	283	324	1	6308	10328	1	1	0	283	324
data\source\npc\model\w1351_model_ani_zhenshoufuti_huandie03_w001\w1351_model_ani_zhenshoufuti_huandie03_w001.mesh	OK	17580	216	248	1	4816	8400	1	1	0	216	248
data\source\npc\model\w1351_model_ani_zhenshoufuti_huandie04_w001\w1351_model_ani_zhenshoufuti_huandie04_w001.mesh	OK	21900	270	324	1	6048	10384	1	1	0	270	324
data\source\npc\model\w1351_model_ani_zhenshoufuti_huandie04_w003\w1351_model_ani_zhenshoufuti_huandie04_w003.mesh	OK	1652	8	4	1	168	1080	1	1	0	8	4
data\source\npc\model\w1351_model_ani_zhenshoufuti_huandie05_w001\w1351_model_ani_zhenshoufuti_huandie05_w001.mesh	OK	26372	364	404	1	8088	11208	1	1	0	364	404
data\source\npc\model\w1351_model_ani_zhenshoufuti_youlong01_c01\w1351_model_ani_zhenshoufuti_youlong01_c01.mesh	OK	36316	620	794	1	13988	9840	1	1	0	620	794
data\source\npc\model\w1351_model_ani_zhenshoufuti_youlong02_c01\w1351_model_ani_zhenshoufuti_youlong02_c01.mesh	OK	97372	1653	1880	1	36820	29152	1	1	0	1653	1880
data\source\npc\model\w1351_model_ani_zhenshoufuti_youlong03_c01\w1351_model_ani_zhenshoufuti_youlong03_c01.mesh	OK	97372	1653	1880	1	36820	29152	1	1	0	1653	1880
data\source\npc\model\w1351_model_ani_zhenshoufuti_youlong04_c01\w1351_model_ani_zhenshoufuti_youlong04_c01.mesh	OK	97372	1653	1880	1	36820	29152	1	1	0	1653	1880
data\source\npc\model\w1351_model_ani_zhenshoufuti_youlong05_c01\w1351_model_ani_zhenshoufuti_youlong05_c01.mesh	OK	148036	2320	3180	1	52760	48072	1	1	0	2320	3180
data\source\npc\model\w1351_model_ani_zhenshoufuti_youlong05plane_c01\w1351_model_ani_zhenshoufuti_youlong05plane_c01.mesh	OK	12068	126	124	1	2768	6760	1	1	0	126	124
data\source\npc\model\w1351_model_baiheliangchi_h001\w1351_model_baiheliangchi_h001.mesh	OK	6816	50	70	1	1000	4512	1	0	0	50	70
data\source\npc\model\w1351_model_bamenjinsuo_h001\w1351_model_bamenjinsuo_h001.mesh	OK	38168	519	633	1	11646	16212	0	0	5418	519	633
data\source\npc\model\w1351_model_bell_h002\w1351_model_bell_h002.mesh	OK	994928	21627	14228	1	460996	188756	0	0	460996	0	14228
data\source\npc\model\w1351_model_bell_lf001\w1351_model_bell_lf001.mesh	OK	273212	5442	6844	1	122528	44032	1	1	0	5442	6844
data\source\npc\model\w1351_model_bird_lf001\w1351_model_bird_lf001.mesh	OK	268236	3563	5790	1	82840	107616	1	1	0	3563	5790
data\source\npc\model\w1351_model_bird_lf002\w1351_model_bird_lf002.mesh	OK	251348	3244	5796	1	76472	100888	0	0	76472	0	5796
data\source\npc\model\w1351_model_boss_gss_fw_001\w1351_model_boss_gss_fw_001.mesh	OK	3420	35	48	1	796	1632	1	1	0	35	48
data\source\npc\model\w1351_model_butterfly_lf001\w1351_model_butterfly_lf001.mesh	OK	6856	48	32	1	1024	4780	1	1	0	48	32
data\source\npc\model\w1351_model_butterfly_lf002\w1351_model_butterfly_lf002.mesh	OK	8440	60	40	1	1280	5916	1	1	0	60	40
data\source\npc\model\w1351_model_chuangjue_h001\w1351_model_chuangjue_h001.mesh	OK	67679	986	1039	1	19720	29609	1	0	0	986	1039
data\source\npc\model\w1351_model_cloud_h002\w1351_model_cloud_h002.mesh	OK	532776	6561	12800	1	156820	220140	1	1	0	6561	12800
data\source\npc\model\w1351_model_cygg_flow_c01\w1351_model_cygg_flow_c01.mesh	OK	861832	18862	6294	1	377240	220200	1	0	0	18862	6294
data\source\npc\model\w1351_model_dao_lf001\w1351_model_dao_lf001.mesh	OK	5844	99	138	1	2256	1288	1	1	0	99	138
data\source\npc\model\w1351_model_daoju_bixin_h001\w1351_model_daoju_bixin_h001.mesh	OK	400576	8632	2880	1	178400	101028	1	1	0	8632	2880
data\source\npc\model\w1351_model_daoju_bixin_h002\w1351_model_daoju_bixin_h002.mesh	OK	20464	286	500	1	6720	7028	1	1	0	286	500
data\source\npc\model\w1351_model_diaowenqizhen_s09\w1351_model_diaowenqizhen_s09.mesh	OK	886316	20846	6968	2	416920	177148	1	0	0	20846	6942+26
data\source\npc\model\w1351_model_diaowenqizhen_s11\w1351_model_diaowenqizhen_s11.mesh	OK	886316	20846	6968	2	416920	177148	1	0	0	20846	6942+26
data\source\npc\model\w1351_model_dingchunqiu_hand01\w1351_model_dingchunqiu_hand01.mesh	OK	311884	5166	5625	1	114570	101288	0	0	52578	5166	5625
data\source\npc\model\w1351_model_dqz_dici_z001\w1351_model_dqz_dici_z001.mesh	OK	13120	288	180	1	5760	2540	1	0	0	288	180
data\source\npc\model\w1351_model_dunpai_z001\w1351_model_dunpai_z001.mesh	OK	11848	228	228	1	5016	2444	1	1	0	228	228
data\source\npc\model\w1351_model_em_nan_jt_posui_ani_x01\w1351_model_em_nan_jt_posui_ani_x01.mesh	OK	81740	1684	894	1	35468	20416	1	1	0	1684	894
data\source\npc\model\w1351_model_em_nan_sword01\w1351_model_em_nan_sword01.mesh	OK	37264	648	1288	1	15536	5940	1	1	0	648	1288
data\source\npc\model\w1351_model_em_nv_lz_h001\w1351_model_em_nv_lz_h001.mesh	OK	41548	495	768	1	11436	19280	1	1	0	495	768
data\source\npc\model\w1351_model_em_nv_lz_h002\w1351_model_em_nv_lz_h002.mesh	OK	16448	165	256	1	3812	8836	1	1	0	165	256
data\source\npc\model\w1351_model_em_pl_h02\w1351_model_em_pl_h02.mesh	OK	24776	300	464	1	6928	11180	1	1	0	300	464
data\source\npc\model\w1351_model_em_pl_h03\w1351_model_em_pl_h03.mesh	OK	24776	300	464	1	6928	11180	1	1	0	300	464
data\source\npc\model\w1351_model_em_pl_h04\w1351_model_em_pl_h04.mesh	OK	24776	300	464	1	6928	11180	1	1	0	300	464
data\source\npc\model\w1351_model_emei_h003\w1351_model_emei_h003.mesh	OK	5728	78	66	1	1692	2420	1	1	0	78	66
data\source\npc\model\w1351_model_emei_h004\w1351_model_emei_h004.mesh	OK	5728	78	66	1	1692	2420	1	1	0	78	66
data\source\npc\model\w1351_model_fasheqi_h001\w1351_model_fasheqi_h001.mesh	OK	4668	82	80	1	1640	1280	1	0	0	82	80
data\source\npc\model\w1351_model_fazhen_ani_lf001\w1351_model_fazhen_ani_lf001.mesh	OK	22956	256	128	1	5376	13456	1	1	0	256	128
data\source\npc\model\w1351_model_feilongzaitian_h001\w1351_model_feilongzaitian_h001.mesh	OK	66972	1031	1186	1	20620	26580	1	0	0	1031	1186
data\source\npc\model\w1351_model_fenghuang_h001\w1351_model_fenghuang_h001.mesh	OK	35464	375	360	1	7500	21020	1	0	0	375	360
data\source\npc\model\w1351_model_fish_h02\w1351_model_fish_h02.mesh	OK	329576	3424	6184	1	80848	170252	1	1	0	3424	6184
data\source\npc\model\w1351_model_flower_lf001a\w1351_model_flower_lf001a.mesh	OK	165552	2844	4568	1	66016	37716	1	1	0	2844	4568
data\source\npc\model\w1351_model_flower_lf002a\w1351_model_flower_lf002a.mesh	OK	213872	3840	6949	1	90698	35116	0	0	90698	0	6949
data\source\npc\model\w1351_model_gb_cy_h001\w1351_model_gb_cy_h001.mesh	OK	37972	441	796	1	10412	17208	1	1	0	441	796
data\source\npc\model\w1351_model_gb_hand_h01\w1351_model_gb_hand_h01.mesh	OK	449808	5639	10659	1	134098	183804	0	0	66430	5639	10659
data\source\npc\model\w1351_model_gb_long_h001\w1351_model_gb_long_h001.mesh	OK	110784	1551	1930	1	34880	45428	1	1	0	1551	1930
data\source\npc\model\w1351_model_gb_longtou_h01\w1351_model_gb_longtou_h01.mesh	OK	371224	5228	9222	1	123004	129868	1	1	0	5228	9222
data\source\npc\model\w1351_model_gb_nan_wq_h01\w1351_model_gb_nan_wq_h01.mesh	OK	26956	530	622	1	11844	4736	1	1	0	530	622
data\source\npc\model\w1351_model_gbnan_long_h001\w1351_model_gbnan_long_h001.mesh	OK	647692	6931	10508	1	159636	341552	1	1	0	6931	10508
data\source\npc\model\w1351_model_gbnan_long_h002\w1351_model_gbnan_long_h002.mesh	OK	110784	1551	1930	1	34880	45428	1	1	0	1551	1930
data\source\npc\model\w1351_model_gbnan_long_h003\w1351_model_gbnan_long_h003.mesh	OK	259436	4297	6328	1	98596	71024	1	1	0	4297	6328
data\source\npc\model\w1351_model_gbnan_long_lg_h001\w1351_model_gbnan_long_lg_h001.mesh	OK	562580	5931	10508	1	139636	288440	1	1	0	5931	10508
data\source\npc\model\w1351_model_gbnan_long_wy_h001\w1351_model_gbnan_long_wy_h001.mesh	OK	562580	5931	10508	1	139636	288440	1	1	0	5931	10508
data\source\npc\model\w1351_model_gbnan_long_wy_h003\w1351_model_gbnan_long_wy_h003.mesh	OK	259436	4297	6328	1	98596	71024	1	1	0	4297	6328
data\source\npc\model\w1351_model_gbnv_long_l_gx_h001\w1351_model_gbnv_long_l_gx_h001.mesh	OK	66112	760	1404	1	18008	30276	1	1	0	760	1404
data\source\npc\model\w1351_model_gbnv_long_l_h001\w1351_model_gbnv_long_l_h001.mesh	OK	647692	6931	10508	1	159636	341552	1	1	0	6931	10508
data\source\npc\model\w1351_model_gbnv_long_l_lg_h001\w1351_model_gbnv_long_l_lg_h001.mesh	OK	544268	5646	10508	1	133936	279248	1	1	0	5646	10508
data\source\npc\model\w1351_model_gbnv_long_r_h001\w1351_model_gbnv_long_r_h001.mesh	OK	647692	6931	10508	1	159636	341552	1	1	0	6931	10508
data\source\npc\model\w1351_model_gbnv_wuqi_h001\w1351_model_gbnv_wuqi_h001.mesh	OK	26956	530	622	1	11844	4736	1	1	0	530	622
data\source\npc\model\w1351_model_gfpy_z001\w1351_model_gfpy_z001.mesh	OK	109344	1850	3456	1	43912	22212	1	1	0	1850	3456
data\source\npc\model\w1351_model_gfpy_z002\w1351_model_gfpy_z002.mesh	OK	108184	1850	3456	1	43912	21052	1	1	0	1850	3456
data\source\npc\model\w1351_model_glass_ani_lf001\w1351_model_glass_ani_lf001.mesh	OK	129760	2575	1741	1	54982	33148	0	0	24082	2575	1741
data\source\npc\model\w1351_model_guqin_nan\w1351_model_guqin_nan.mesh	OK	158396	3213	1969	1	68198	39544	0	0	29642	3213	1969
data\source\npc\model\w1351_model_guqin_nan_h001\w1351_model_guqin_nan_h001.mesh	OK	54940	935	1067	1	20834	16200	0	0	9614	935	1067
data\source\npc\model\w1351_model_hdb_dilie_lf001\w1351_model_hdb_dilie_lf001.mesh	OK	420776	9352	4128	1	195296	88204	0	0	195296	0	4128
data\source\npc\model\w1351_model_hehua_h001_pbr\w1351_model_hehua_h001_pbr.mesh	OK	1312076	13537	23872	1	318484	687632	1	1	0	13537	23872
data\source\npc\model\w1351_model_hongbaoshi_s001\w1351_model_hongbaoshi_s001.mesh	OK	12576	287	96	1	5740	2532	1	0	0	287	96
data\source\npc\model\w1351_model_hua_hjyw_w001\w1351_model_hua_hjyw_w001.mesh	OK	519136	11048	3684	1	228328	135844	1	1	0	11048	3684
data\source\npc\model\w1351_model_hua_zhaohuan_w001\w1351_model_hua_zhaohuan_w001.mesh	OK	519136	11048	3684	1	228328	135844	1	1	0	11048	3684
data\source\npc\model\w1351_model_hua_zhaohuan_w002\w1351_model_hua_zhaohuan_w002.mesh	OK	290416	6298	2142	1	130244	71460	1	1	0	6298	2142
data\source\npc\model\w1351_model_hua_zhaohuan_w003\w1351_model_hua_zhaohuan_w003.mesh	OK	868520	18878	6294	1	390148	213788	1	1	0	18878	6294
data\source\npc\model\w1351_model_hudie_c001\w1351_model_hudie_c001.mesh	OK	3308	25	32	1	564	1968	1	1	0	25	32
data\source\npc\model\w1351_model_hudie_h002\w1351_model_hudie_h002.mesh	OK	1416	8	4	1	160	852	1	0	0	8	4
data\source\npc\model\w1351_model_hxw_dun_c001\w1351_model_hxw_dun_c001.mesh	OK	55962	1230	867	1	24600	11116	1	0	0	1230	867
data\source\npc\model\w1351_model_hxw_lf002\w1351_model_hxw_lf002.mesh	OK	39932	500	632	1	11264	18592	1	1	0	500	632
data\source\npc\model\w1351_model_hxw_stone_h01\w1351_model_hxw_stone_h01.mesh	OK	282692	6280	2114	1	129828	64536	1	1	0	6280	2114
data\source\npc\model\w1351_model_jgsb_jian_z001\w1351_model_jgsb_jian_z001.mesh	OK	29280	662	380	1	13240	5532	1	0	0	662	380
data\source\npc\model\w1351_model_jian_lf001\w1351_model_jian_lf001.mesh	OK	7596	134	182	1	3044	1568	1	1	0	134	182
data\source\npc\model\w1351_model_jian_lf002\w1351_model_jian_lf002.mesh	OK	114740	2420	1820	1	52040	22456	1	1	0	2420	1820
data\source\npc\model\w1351_model_jian_lf003\w1351_model_jian_lf003.mesh	OK	7596	134	182	1	3044	1568	1	1	0	134	182
data\source\npc\model\w1351_model_jianyinghu_idle03_guiji_c001\w1351_model_jianyinghu_idle03_guiji_c001.mesh	OK	956	4	2	1	84	528	1	1	0	4	2
data\source\npc\model\w1351_model_jingji_b_h01\w1351_model_jingji_b_h01.mesh	OK	584600	9460	14400	1	218000	166396	1	1	0	9460	14400
data\source\npc\model\w1351_model_jingji_b_h02\w1351_model_jingji_b_h02.mesh	OK	497316	8680	11724	1	197048	125480	1	1	0	8680	11724
data\source\npc\model\w1351_model_jingji_buff_h01\w1351_model_jingji_buff_h01.mesh	OK	292560	4730	7200	1	109000	83316	1	1	0	4730	7200
data\source\npc\model\w1351_model_jingji_l_h01\w1351_model_jingji_l_h01.mesh	OK	292912	4730	7200	1	109000	83668	1	1	0	4730	7200
data\source\npc\model\w1351_model_jingji_l_h02\w1351_model_jingji_l_h02.mesh	OK	315264	5502	7200	1	124440	81316	1	1	0	5502	7200
data\source\npc\model\w1351_model_jingji_r_h01\w1351_model_jingji_r_h01.mesh	OK	292352	4730	7200	1	109000	83108	1	1	0	4730	7200
data\source\npc\model\w1351_model_jingji_r_h02\w1351_model_jingji_r_h02.mesh	OK	396108	6622	10080	1	152600	103280	1	1	0	6622	10080
data\source\npc\model\w1351_model_jingji_r_h03\w1351_model_jingji_r_h03.mesh	OK	404060	6622	10080	1	152600	111232	1	1	0	6622	10080
data\source\npc\model\w1351_model_jingji_skill02_hand01\w1351_model_jingji_skill02_hand01.mesh	OK	292560	4730	7200	1	109000	83316	1	1	0	4730	7200
data\source\npc\model\w1351_model_jinyu_lf001\w1351_model_jinyu_lf001.mesh	OK	37744	415	557	1	9414	19724	0	0	4434	415	557
data\source\npc\model\w1351_model_jinyubaobao_gj_c001\w1351_model_jinyubaobao_gj_c001.mesh	OK	1216	4	2	1	84	788	1	1	0	4	2
data\source\npc\model\w1351_model_jiumozhi_hoqiu_w002\w1351_model_jiumozhi_hoqiu_w002.mesh	OK	5820	89	120	1	2020	1728	1	1	0	89	120
data\source\npc\model\w1351_model_jiuyinshenzhua_h001\w1351_model_jiuyinshenzhua_h001.mesh	OK	63952	909	1038	1	18180	28352	1	0	0	909	1038
data\source\npc\model\w1351_model_kanshu_nan_c01_01\w1351_model_kanshu_nan_c01_01.mesh	OK	33356	496	312	1	9920	15328	1	0	0	496	312
data\source\npc\model\w1351_model_kanshu_nv_h001\w1351_model_kanshu_nv_h001.mesh	OK	33628	496	312	1	10544	14976	1	1	0	496	312
data\source\npc\model\w1351_model_kanshu_nv_h001_1\w1351_model_kanshu_nv_h001_1.mesh	OK	33628	496	312	1	10544	14976	1	1	0	496	312
data\source\npc\model\w1351_model_knife_h01\w1351_model_knife_h01.mesh	OK	26808	530	636	1	11872	4476	1	1	0	530	636
data\source\npc\model\w1351_model_kongmo_001\w1351_model_kongmo_001.mesh	OK	2480	24	12	6	480	1336	1	0	0	24	2+2+2+2+2+2
data\source\npc\model\w1351_model_kongmo_001\w1351_model_kongmo_002.mesh	OK	2480	24	12	6	480	1336	1	0	0	24	2+2+2+2+2+2
data\source\npc\model\w1351_model_kongmo_001\w1351_model_kongmo_003.mesh	OK	2480	24	12	6	480	1336	1	0	0	24	2+2+2+2+2+2
data\source\npc\model\w1351_model_kongmo_001\w1351_model_kongmo_rlsz.mesh	OK	2480	24	12	6	480	1336	1	0	0	24	2+2+2+2+2+2
data\source\npc\model\w1351_model_lens02_qf_h01\w1351_model_lens02_qf_h01.mesh	OK	343328	4846	6671	1	110262	134604	0	0	52110	4846	6671
data\source\npc\model\w1351_model_link_h01\w1351_model_link_h01.mesh	OK	942460	18176	22720	1	408960	178784	1	1	0	18176	22720
data\source\npc\model\w1351_model_link_h02\w1351_model_link_h02.mesh	OK	118264	2167	2292	1	47924	30300	1	1	0	2167	2292
data\source\npc\model\w1351_model_link_h02_fire01\w1351_model_link_h02_fire01.mesh	OK	79256	722	1332	1	17104	45212	1	1	0	722	1332
data\source\npc\model\w1351_model_lion_h001\w1351_model_lion_h001.mesh	OK	298388	5629	5459	1	123498	74304	0	0	55950	5629	5459
data\source\npc\model\w1351_model_lion_h002\w1351_model_lion_h002.mesh	OK	534132	8571	7698	1	186816	197992	1	1	0	8571	7698
data\source\npc\model\w1351_model_lion_h004\w1351_model_lion_h004.mesh	OK	208984	2823	3828	1	64116	87740	1	1	0	2823	3828
data\source\npc\model\w1351_model_lion_h004_1\w1351_model_lion_h004_1.mesh	OK	208984	2823	3828	1	64116	87740	1	1	0	2823	3828
data\source\npc\model\w1351_model_liuliyan_h001\w1351_model_liuliyan_h001.mesh	OK	2760	24	12	6	504	1592	1	1	0	24	2+2+2+2+2+2
data\source\npc\model\w1351_model_ls_tukuai_z001\w1351_model_ls_tukuai_z001.mesh	OK	23408	483	161	1	9982	6380	0	0	4186	483	161
data\source\npc\model\w1351_model_ls_yudu_h001\w1351_model_ls_yudu_h001.mesh	OK	4696	80	106	1	1812	1004	1	1	0	80	106
data\source\npc\model\w1351_model_ls_yudu_h001\w1351_model_ls_yudu_h002.mesh	OK	4696	80	106	1	1812	1004	1	1	0	80	106
data\source\npc\model\w1351_model_luoyingjian_h001\w1351_model_luoyingjian_h001.mesh	OK	28476	528	576	1	10560	7840	1	0	0	528	576
data\source\npc\model\w1351_model_meihuasannong_changqiang_h001\w1351_model_meihuasannong_changqiang_h001.mesh	OK	61512	898	1004	1	17960	26468	1	0	0	898	1004
data\source\npc\model\w1351_model_meihuasannong_h001\w1351_model_meihuasannong_h001.mesh	OK	54212	733	898	1	14660	25084	1	0	0	733	898
data\source\npc\model\w1351_model_mhsn_nancq01\w1351_model_mhsn_nancq01.mesh	OK	58380	855	948	1	17100	25048	1	0	0	855	948
data\source\npc\model\w1351_model_mhsn_nandd01\w1351_model_mhsn_nandd01.mesh	OK	58994	869	893	1	17380	25544	1	0	0	869	893
data\source\npc\model\w1351_model_mhsn_nanhuan01\w1351_model_mhsn_nanhuan01.mesh	OK	69824	1024	1090	1	20480	30232	1	0	0	1024	1090
data\source\npc\model\w1351_model_mhsn_nansd01\w1351_model_mhsn_nansd01.mesh	OK	74588	1136	1112	1	22720	31280	1	0	0	1136	1112
data\source\npc\model\w1351_model_mhsn_nanshan01\w1351_model_mhsn_nanshan01.mesh	OK	50480	708	802	1	14160	22728	1	0	0	708	802
data\source\npc\model\w1351_model_mhsn_nvdd01\w1351_model_mhsn_nvdd01.mesh	OK	69536	965	1041	1	21382	30044	0	0	9802	965	1041
data\source\npc\model\w1351_model_mhsn_nvhuan01\w1351_model_mhsn_nvhuan01.mesh	OK	75132	1056	1154	1	23428	31824	1	1	0	1056	1154
data\source\npc\model\w1351_model_mhsn_nvhuan01\w1351_model_mhsn_nvhuan02.mesh	OK	41096	1056	1154	1	21120	96	1	0	0	1056	1154
data\source\npc\model\w1351_model_mhsn_nvsd01\w1351_model_mhsn_nvsd01.mesh	OK	79548	1188	1176	1	26112	31840	1	1	0	1188	1176
data\source\npc\model\w1351_model_mhsn_nvsd01\w1351_model_mhsn_nvsd02.mesh	OK	45452	1188	1176	1	23760	96	1	0	0	1188	1176
data\source\npc\model\w1351_model_mhsn_nvshan01\w1351_model_mhsn_nvshan01.mesh	OK	57948	804	950	1	16080	26236	1	0	0	804	950
data\source\npc\model\w1351_model_mhsn_nvshan01\w1351_model_mhsn_nvshan02.mesh	OK	31808	804	950	1	16080	96	1	0	0	804	950
data\source\npc\model\w1351_model_mj_nan_stone_h01\w1351_model_mj_nan_stone_h01.mesh	OK	469872	10300	4946	1	215892	100420	1	1	0	10300	4946
data\source\npc\model\w1351_model_mj_nv_jt_link_x01\w1351_model_mj_nv_jt_link_x01.mesh	OK	816084	15616	19520	1	312320	198968	1	0	0	15616	19520
data\source\npc\model\w1351_model_mj_nv_jt_link_x02\w1351_model_mj_nv_jt_link_x02.mesh	OK	114400	2167	2292	1	43340	31020	1	0	0	2167	2292
data\source\npc\model\w1351_model_mj_nv_jt_link_x03\w1351_model_mj_nv_jt_link_x03.mesh	OK	114400	2167	2292	1	43340	31020	1	0	0	2167	2292
data\source\npc\model\w1351_model_mj_nv_jt_link_x04\w1351_model_mj_nv_jt_link_x04.mesh	OK	114400	2167	2292	1	43340	31020	1	0	0	2167	2292
data\source\npc\model\w1351_model_mj_nv_jt_wing_x01\w1351_model_mj_nv_jt_wing_x01.mesh	OK	218220	3206	4724	1	64120	87000	1	0	0	3206	4724
data\source\npc\model\w1351_model_mr_cj_nan_jianzhen_glow_lf001\w1351_model_mr_cj_nan_jianzhen_glow_lf001.mesh	OK	3396	24	12	1	504	2248	1	1	0	24	12
data\source\npc\model\w1351_model_mr_cj_nan_jianzhen_glow_lf002\w1351_model_mr_cj_nan_jianzhen_glow_lf002.mesh	OK	3396	24	12	1	504	2248	1	1	0	24	12
data\source\npc\model\w1351_model_mr_cj_nan_jianzhen_lf001\w1351_model_mr_cj_nan_jianzhen_lf001.mesh	OK	495588	10056	11376	1	223872	82504	1	1	0	10056	11376
data\source\npc\model\w1351_model_mr_cj_nan_jianzhen_lf002\w1351_model_mr_cj_nan_jianzhen_lf002.mesh	OK	495588	10056	11376	1	223872	82504	1	1	0	10056	11376
data\source\npc\model\w1351_model_mr_cj_nan_path_lf002\w1351_model_mr_cj_nan_path_lf002.mesh	OK	956	4	2	1	84	528	1	1	0	4	2
data\source\npc\model\w1351_model_mr_cj_nv_jianzhen_glow_lf002\w1351_model_mr_cj_nv_jianzhen_glow_lf002.mesh	OK	3396	24	12	1	504	2248	1	1	0	24	12
data\source\npc\model\w1351_model_mr_cj_nv_jianzhen_glow_lf003\w1351_model_mr_cj_nv_jianzhen_glow_lf003.mesh	OK	6012	48	24	1	1008	4000	1	1	0	48	24
data\source\npc\model\w1351_model_mr_cj_nv_jianzhen_lf002\w1351_model_mr_cj_nv_jianzhen_lf002.mesh	OK	495588	10056	11376	1	223872	82504	1	1	0	10056	11376
data\source\npc\model\w1351_model_mr_cj_nv_jianzhen_lf003\w1351_model_mr_cj_nv_jianzhen_lf003.mesh	OK	990396	20112	22752	1	447744	164512	1	1	0	20112	22752
data\source\npc\model\w1351_model_mr_nv_cj_trail_ani_lf001\w1351_model_mr_nv_cj_trail_ani_lf001.mesh	OK	956	4	2	1	84	528	1	1	0	4	2
data\source\npc\model\w1351_model_nan_wujian_piaodai_lf001\w1351_model_nan_wujian_piaodai_lf001.mesh	OK	34940	384	374	1	8428	19376	1	1	0	384	374
data\source\npc\model\w1351_model_nv_cj_canying_h001\w1351_model_nv_cj_canying_h001.mesh	OK	95096	1433	1874	1	28660	37712	1	0	0	1433	1874
data\source\npc\model\w1351_model_nv_wujian_piaodai_lf001\w1351_model_nv_wujian_piaodai_lf001.mesh	OK	34940	384	374	1	8428	19376	1	1	0	384	374
data\source\npc\model\w1351_model_nv_xy_juanzhou_h001\w1351_model_nv_xy_juanzhou_h001.mesh	OK	32220	353	456	1	7972	16992	1	1	0	353	456
data\source\npc\model\w1351_model_pets_tgtx_c004\w1351_model_pets_tgtx_c004.mesh	OK	223456	4312	5852	1	97944	38372	1	1	0	4312	5852
data\source\npc\model\w1351_model_pets_xhl_b7_c01\w1351_model_pets_xhl_b7_c01.mesh	OK	33440	594	198	1	11880	12960	1	0	0	594	198
data\source\npc\model\w1351_model_phoenix_h01\w1351_model_phoenix_h01.mesh	OK	272356	5476	1826	1	109520	85884	1	0	0	5476	1826
data\source\npc\model\w1351_model_phoenix_h01\w1351_model_phoenix_h02.mesh	OK	272356	5476	1826	1	109520	85884	1	0	0	5476	1826
data\source\npc\model\w1351_model_phoenix_h01\w1351_model_phoenix_h03.mesh	OK	272356	5476	1826	1	109520	85884	1	0	0	5476	1826
data\source\npc\model\w1351_model_pmf_lqs_ymgz_c01\w1351_model_pmf_lqs_ymgz_c01.mesh	OK	22536	339	546	1	7872	7036	1	1	0	339	546
data\source\npc\model\w1351_model_pmf_s012\w1351_model_pmf_s012.mesh	OK	484624	11241	3751	1	232322	94620	0	0	97430	11241	3751
data\source\npc\model\w1351_model_qf_h001\w1351_model_qf_h001.mesh	OK	1724	24	12	6	504	556	1	1	0	24	2+2+2+2+2+2
data\source\npc\model\w1351_model_qf_h002\w1351_model_qf_h002.mesh	OK	69596	1248	2346	1	29652	10608	1	1	0	1248	2346
data\source\npc\model\w1351_model_qf_h003\w1351_model_qf_h003.mesh	OK	138672	2496	4692	1	59304	20980	1	1	0	2496	4692
data\source\npc\model\w1351_model_qf_skill02_dragon_h01\w1351_model_qf_skill02_dragon_h01.mesh	OK	647788	6931	10508	1	159636	341648	1	1	0	6931	10508
data\source\npc\model\w1351_model_qf_skill02_dragon_h02\w1351_model_qf_skill02_dragon_h02.mesh	OK	66208	760	1404	1	18008	30372	1	1	0	760	1404
data\source\npc\model\w1351_model_qf_skill02_dragon_h03\w1351_model_qf_skill02_dragon_h03.mesh	OK	533836	5486	10508	1	130736	273936	1	1	0	5486	10508
data\source\npc\model\w1351_model_qf_skill02_dragon_h04\w1351_model_qf_skill02_dragon_h04.mesh	OK	514044	11167	5398	1	234136	113232	1	1	0	11167	5398
data\source\npc\model\w1351_model_qf_skill02_dragon_h06\w1351_model_qf_skill02_dragon_h06.mesh	OK	66112	760	1404	1	18008	30276	1	1	0	760	1404
data\source\npc\model\w1351_model_qianghua_h001\w1351_model_qianghua_h001.mesh	OK	1700	24	12	6	480	556	1	0	0	24	2+2+2+2+2+2
data\source\npc\model\w1351_model_qianlongwuyong_h001\w1351_model_qianlongwuyong_h001.mesh	OK	66972	1031	1186	1	20620	26580	1	0	0	1031	1186
data\source\npc\model\w1351_model_qinhuangdigong_zuanshi_s001\w1351_model_qinhuangdigong_zuanshi_s001.mesh	OK	5852	96	32	1	1920	2304	1	0	0	96	32
data\source\npc\model\w1351_model_qinyun_qin_cx001\w1351_monster_qinyun_qin.mesh	OK	8356	165	122	1	3544	1816	1	1	0	165	122
data\source\npc\model\w1351_model_qizhi_h001\w1351_model_qizhi_h001.mesh	OK	55596	1024	944	1	20480	16880	1	0	0	1024	944
data\source\npc\model\w1351_model_qunmoluanwu_h001\w1351_model_qunmoluanwu_h001.mesh	OK	56654	869	893	1	17380	23204	1	0	0	869	893
data\source\npc\model\w1351_model_ring_lf006\w1351_model_ring_lf006.mesh	OK	9340	162	260	1	3760	1792	1	1	0	162	260
data\source\npc\model\w1351_model_rlsz_z001\w1351_model_rlsz_z001.mesh	OK	1840	25	32	1	500	564	1	0	0	25	32
data\source\npc\model\w1351_model_san_lf001\w1351_model_san_lf001.mesh	OK	147928	2789	2012	1	59804	42300	1	1	0	2789	2012
data\source\npc\model\w1351_model_san_lf002\w1351_model_san_lf002.mesh	OK	109536	2015	1612	1	43524	31876	1	1	0	2015	1612
data\source\npc\model\w1351_model_sceneeditor01_dragon_h02\w1351_model_sceneeditor01_dragon_h02.mesh	OK	647692	6931	10508	1	159636	341552	1	1	0	6931	10508
data\source\npc\model\w1351_model_sceneeditor01_dragon_lg_h02\w1351_model_sceneeditor01_dragon_lg_h02.mesh	OK	543436	5606	10508	1	133136	279696	1	1	0	5606	10508
data\source\npc\model\w1351_model_shici_w003\w1351_model_shici_w003.mesh	OK	162068	3538	1330	1	70760	40588	1	0	0	3538	1330
data\source\npc\model\w1351_model_shuishangxue_lf001\w1351_model_shuishangxue_lf001.mesh	OK	29980	474	576	1	10632	9920	1	1	0	474	576
data\source\npc\model\w1351_model_sl_cleave_h01\w1351_model_sl_cleave_h01.mesh	OK	763176	16184	7706	1	339092	183356	1	1	0	16184	7706
data\source\npc\model\w1351_model_sl_hand_h01\w1351_model_sl_hand_h01.mesh	OK	40412	612	984	1	14208	12672	1	1	0	612	984
data\source\npc\model\w1351_model_sl_jiasha_h01\w1351_model_sl_jiasha_h01.mesh	OK	183448	1024	1922	1	24324	135020	1	1	0	1024	1922
data\source\npc\model\w1351_model_sl_nan_shitou_x04\w1351_model_sl_nan_shitou_x04.mesh	OK	440008	8211	11690	1	187600	83452	0	0	187600	0	11690
data\source\npc\model\w1351_model_sl_nan_zhong_x01\w1351_model_sl_nan_zhong_x01.mesh	OK	975528	20554	17507	1	446094	177460	0	0	199446	20554	17507
data\source\npc\model\w1351_model_sl_nan_zhong_x02\w1351_model_sl_nan_zhong_x02.mesh	OK	975528	20554	17507	1	446094	177460	0	0	199446	20554	17507
data\source\npc\model\w1351_model_sl_nan_zhong_x02\w1351_model_sl_nan_zhong_x02_2.mesh	OK	975528	20554	17507	1	446094	177460	0	0	199446	20554	17507
data\source\npc\model\w1351_model_sl_wan_h001\w1351_model_sl_wan_h001.mesh	OK	6524	126	72	1	2664	1632	1	1	0	126	72
data\source\npc\model\w1351_model_sl_wan_h002\w1351_model_sl_wan_h002.mesh	OK	2036	25	32	1	564	696	1	1	0	25	32
data\source\npc\model\w1351_model_sl_wuqi_h01\w1351_model_sl_wuqi_h01.mesh	OK	45696	839	1452	1	19684	6948	1	1	0	839	1452
data\source\npc\model\w1351_model_sphere_lf003\w1351_model_sphere_lf003.mesh	OK	20916	453	252	1	9564	4120	1	1	0	453	252
data\source\npc\model\w1351_model_spider_dsxj_h01\w1351_model_spider_dsxj_h01.mesh	OK	927212	16416	15924	1	360168	274224	1	1	0	16416	15924
data\source\npc\model\w1351_model_spider_h01\w1351_model_spider_h01.mesh	OK	65568	1024	1922	1	24324	17140	1	1	0	1024	1922
data\source\npc\model\w1351_model_spider_h02\w1351_model_spider_h02.mesh	OK	64000	903	1225	1	20510	25020	0	0	9674	903	1225
data\source\npc\model\w1351_model_spider_h03\w1351_model_spider_h03.mesh	OK	924220	16464	15920	1	361120	269728	1	1	0	16464	15920
data\source\npc\model\w1351_model_spider_h04\w1351_model_spider_h04.mesh	OK	924220	16464	15920	1	361120	269728	1	1	0	16464	15920
data\source\npc\model\w1351_model_spider_line_h002\w1351_model_spider_line_h002.mesh	OK	938416	14883	28160	1	353980	236596	1	1	0	14883	28160
data\source\npc\model\w1351_model_stone_c001\w1351_model_stone_c001.mesh	OK	149120	2942	2890	1	64620	31572	1	1	0	2942	2890
data\source\npc\model\w1351_model_stone_lf001\w1351_model_stone_lf001.mesh	OK	65844	1178	942	1	25444	20328	1	1	0	1178	942
data\source\npc\model\w1351_model_stone_lf002\w1351_model_stone_lf002.mesh	OK	159716	3097	2463	1	66866	40624	0	0	29702	3097	2463
data\source\npc\model\w1351_model_stone_lf003\w1351_model_stone_lf003.mesh	OK	221012	4394	3472	1	94824	52344	1	1	0	4394	3472
data\source\npc\model\w1351_model_stone_lf004\w1351_model_stone_lf004.mesh	OK	335532	6930	5620	1	149840	68528	1	1	0	6930	5620
data\source\npc\model\w1351_model_stone_lf005\w1351_model_stone_lf005.mesh	OK	85868	1267	2246	1	29832	27072	1	1	0	1267	2246
data\source\npc\model\w1351_model_stone_lf006\w1351_model_stone_lf006.mesh	OK	55928	1167	565	1	24470	13780	0	0	10466	1167	565
data\source\npc\model\w1351_model_sword_h01\w1351_model_sword_h01.mesh	OK	23432	444	644	1	10168	3788	1	1	0	444	644
data\source\npc\model\w1351_model_sz_slnvtz_z01\w1351_model_sz_slnvtz_z01.mesh	OK	496512	11793	3938	1	235860	95224	1	0	0	11793	3938
data\source\npc\model\w1351_model_tengji_h001\w1351_model_tengji_h001.mesh	OK	1081680	19010	25888	1	431976	265972	1	1	0	19010	25888
data\source\npc\model\w1351_model_tengji_skill02_buff_h01\w1351_model_tengji_skill02_buff_h01.mesh	OK	292560	4730	7200	1	109000	83316	1	1	0	4730	7200
data\source\npc\model\w1351_model_tengji_skill02_buff_h02\w1351_model_tengji_skill02_buff_h02.mesh	OK	497316	8680	11724	1	197048	125480	1	1	0	8680	11724
data\source\npc\model\w1351_model_tiangangbeidouzhen_h001\w1351_model_tiangangbeidouzhen_h001.mesh	OK	1700	24	12	6	480	556	1	0	0	24	2+2+2+2+2+2
data\source\npc\model\w1351_model_tianwaifeixian_h001\w1351_model_tianwaifeixian_h001.mesh	OK	6816	50	70	1	1000	4512	1	0	0	50	70
data\source\npc\model\w1351_model_tianwaifeixian_h02\w1351_model_tianwaifeixian_h02.mesh	OK	1832	24	12	6	480	688	1	0	0	24	2+2+2+2+2+2
data\source\npc\model\w1351_model_tianxiawugou_h001\w1351_model_tianxiawugou_h001.mesh	OK	66972	1031	1186	1	20620	26580	1	0	0	1031	1186
data\source\npc\model\w1351_model_tiger_v1\w1351_model_tiger_v1.mesh	OK	87828	1105	1330	1	22100	44204	1	0	0	1105	1330
data\source\npc\model\w1351_model_tl_cy_h01\w1351_model_tl_cy_h01.mesh	OK	50756	589	1080	1	13940	22984	1	1	0	589	1080
data\source\npc\model\w1351_model_tl_ftxd_jt_x01\w1351_model_tl_ftxd_jt_x01.mesh	OK	169004	2424	3346	1	55172	64384	1	1	0	2424	3346
data\source\npc\model\w1351_model_tl_ftxd_jt_x02\w1351_model_tl_ftxd_jt_x02.mesh	OK	145756	1963	3346	1	45952	55888	1	1	0	1963	3346
data\source\npc\model\w1351_model_tl_lg_h01\w1351_model_tl_lg_h01.mesh	OK	50756	589	1080	1	13940	22984	1	1	0	589	1080
data\source\npc\model\w1351_model_trail_line_s1\w1351_model_trail_line_s1.mesh	OK	42280	638	1120	1	12760	14860	1	0	0	638	1120
data\source\npc\model\w1351_model_trail_line_s2\w1351_model_trail_line_s2.mesh	OK	41968	638	1120	1	12760	14548	1	0	0	638	1120
data\source\npc\model\w1351_model_trail_line_s3\w1351_model_trail_line_s3.mesh	OK	29072	409	700	1	8180	11500	1	0	0	409	700
data\source\npc\model\w1351_model_trail_line_s4\w1351_model_trail_line_s4.mesh	OK	72560	1258	2304	1	25160	18196	1	0	0	1258	2304
data\source\npc\model\w1351_model_trail_line_s5\w1351_model_trail_line_s5.mesh	OK	40184	638	1120	1	12760	12764	1	0	0	638	1120
data\source\npc\model\w1351_model_ts_canying_h001\w1351_model_ts_canying_h001.mesh	OK	5784	96	48	1	2016	2044	1	1	0	96	48
data\source\npc\model\w1351_model_ts_jinzhanguaji_s001\w1351_model_ts_jinzhanguaji_s001.mesh	OK	90332	1017	1842	1	20340	46452	1	0	0	1017	1842
data\source\npc\model\w1351_model_ts_jiuhu_h001\w1351_model_ts_jiuhu_h001.mesh	OK	110780	2578	860	1	53280	21120	1	1	0	2578	860
data\source\npc\model\w1351_model_ui_kuijia_z01\w1351_model_ui_kuijia_z01.mesh	OK	42024	836	1008	1	18736	6924	1	1	0	836	1008
data\source\npc\model\w1351_model_wd_bamboo_h01\w1351_model_wd_bamboo_h01.mesh	OK	37820	720	900	1	16200	7296	1	1	0	720	900
data\source\npc\model\w1351_model_wd_nan_wq_big_h01\w1351_model_wd_nan_wq_big_h01.mesh	OK	6120	102	190	1	2420	1052	1	1	0	102	190
data\source\npc\model\w1351_model_wd_nv_cy_h01\w1351_model_wd_nv_cy_h01.mesh	OK	294740	4583	5730	1	103120	101960	1	1	0	4583	5730
data\source\npc\model\w1351_model_wd_sword_h001\w1351_model_wd_sword_h001.mesh	OK	95780	1785	2820	1	41340	15816	1	1	0	1785	2820
data\source\npc\model\w1351_model_wd_wq_big_h01\w1351_model_wd_wq_big_h01.mesh	OK	6380	102	190	1	2420	1312	1	1	0	102	190
data\source\npc\model\w1351_model_wd_wq_h01\w1351_model_wd_wq_h01.mesh	OK	92108	1760	2308	1	39816	17040	1	1	0	1760	2308
data\source\npc\model\w1351_model_wd_wq_h02\w1351_model_wd_wq_h02.mesh	OK	19632	351	618	1	8256	3172	1	1	0	351	618
data\source\npc\model\w1351_model_wd_wq_small_h01\w1351_model_wd_wq_small_h01.mesh	OK	83984	1611	2118	1	36456	15204	1	1	0	1611	2118
data\source\npc\model\w1351_model_wd_xianhe_h001\w1351_model_wd_xianhe_h001.mesh	OK	177924	2412	4438	1	57116	64952	1	1	0	2412	4438
data\source\npc\model\w1351_model_wind_lf017a\w1351_model_wind_lf017a.mesh	OK	42392	500	784	1	11568	19836	1	1	0	500	784
data\source\npc\model\w1351_model_wing_h01\w1351_model_wing_h01.mesh	OK	226760	3640	4419	1	81638	74644	0	0	37958	3640	4419
data\source\npc\model\w1351_model_wjg02_piece_h001\w1351_model_wjg02_piece_h001.mesh	OK	357996	6260	10800	1	146800	70992	1	1	0	6260	10800
data\source\npc\model\w1351_model_wjg02_qp_h001\w1351_model_wjg02_qp_h001.mesh	OK	44440	256	450	1	6020	32364	1	1	0	256	450
data\source\npc\model\w1351_model_wq_em_h001\w1351_model_wq_em_h001.mesh	OK	250288	5233	5056	1	114772	42100	1	1	0	5233	5056
data\source\npc\model\w1351_model_wq_em_h01\w1351_model_wq_em_h01.mesh	OK	73224	1694	618	1	35116	13788	1	1	0	1694	618
data\source\npc\model\w1351_model_wq_mrf_h02\w1351_model_wq_mrf_h02.mesh	OK	109112	2334	1134	1	48948	25068	1	1	0	2334	1134
data\source\npc\model\w1351_model_wq_mrf_wq_h01\w1351_model_wq_mrf_wq_h01.mesh	OK	479312	11112	3708	1	229656	93780	1	1	0	11112	3708
data\source\npc\model\w1351_model_wq_qf_h01\w1351_model_wq_qf_h01.mesh	OK	50756	589	1080	1	13940	22984	1	1	0	589	1080
data\source\npc\model\w1351_model_wq_sl_x01\w1351_model_wq_sl_x01.mesh	OK	45780	825	1452	1	19404	7480	1	1	0	825	1452
data\source\npc\model\w1351_model_wq_sl_x01\w1351_model_wq_sl_x01_01.mesh	OK	45780	825	1452	1	19404	7480	1	1	0	825	1452
data\source\npc\model\w1351_model_wq_xy_nan_h01\w1351_model_wq_xy_nan_h01.mesh	OK	41584	753	1368	1	17796	6260	1	1	0	753	1368
data\source\npc\model\w1351_model_xin_ani_lf002\w1351_model_xin_ani_lf002.mesh	OK	30912	529	1024	1	12628	5508	1	1	0	529	1024
data\source\npc\model\w1351_model_xin_ani_lf003\w1351_model_xin_ani_lf003.mesh	OK	30912	529	1024	1	12628	5508	1	1	0	529	1024
data\source\npc\model\w1351_model_xx_butterfly_h01\w1351_model_xx_butterfly_h01.mesh	OK	7416	106	128	1	2376	2716	1	1	0	106	128
data\source\npc\model\w1351_model_xx_nan_jt_x02\w1351_model_xx_nan_jt_x02.mesh	OK	11140	219	76	1	4532	3240	0	0	4532	0	76
data\source\npc\model\w1351_model_xx_nan_mianju_x01\w1351_model_xx_nan_mianju_x01.mesh	OK	177892	3241	5918	1	76656	26552	0	0	76656	0	5918
data\source\npc\model\w1351_model_xx_nan_mianju_x01\w1351_model_xx_nan_mianju_x01_01.mesh	OK	177892	3241	5918	1	76656	26552	0	0	76656	0	5918
data\source\npc\model\w1351_model_xx_nan_mianju_x02\w1351_model_xx_nan_mianju_x02.mesh	OK	177892	3241	5918	1	76656	26552	1	1	0	3241	5918
data\source\npc\model\w1351_model_xx_nan_mianju_x03\w1351_model_xx_nan_mianju_x03.mesh	OK	177892	3241	5918	1	76656	26552	1	1	0	3241	5918
data\source\npc\model\w1351_model_xx_wuqi_h01\w1351_model_xx_wuqi_h01.mesh	OK	39344	768	948	1	17256	6900	1	1	0	768	948
data\source\npc\model\w1351_model_xy_bxsq_h001\w1351_model_xy_bxsq_h001.mesh	OK	35112	528	800	1	12160	11532	1	1	0	528	800
data\source\npc\model\w1351_model_xy_juanzhou_h001\w1351_model_xy_juanzhou_h001.mesh	OK	32220	353	456	1	7972	16992	1	1	0	353	456
data\source\npc\model\w1351_model_xy_juanzhou_h002\w1351_model_xy_juanzhou_h002.mesh	OK	32220	353	456	1	7972	16992	1	1	0	353	456
data\source\npc\model\w1351_model_xy_juanzhou_h002_1\w1351_model_xy_juanzhou_h002_1.mesh	OK	32220	353	456	1	7972	16992	1	1	0	353	456
data\source\npc\model\w1351_model_xy_nan_tuowei_h01\w1351_model_xy_nan_tuowei_h01.mesh	OK	13628	105	160	1	2420	8704	1	1	0	105	160
data\source\npc\model\w1351_model_yanlongwushuang_h001\w1351_model_yanlongwushuang_h001.mesh	OK	1700	24	12	6	480	556	1	0	0	24	2+2+2+2+2+2
data\source\npc\model\w1351_model_yanpi_001\w1351_model_yanpi_001.mesh	OK	2496	30	32	1	664	996	1	1	0	30	32
data\source\npc\model\w1351_model_yanzi_lf001\w1351_model_yanzi_lf001.mesh	OK	98428	1500	2980	1	35960	26304	1	1	0	1500	2980
data\source\npc\model\w1351_model_yingjichyangkong_h02\w1351_model_yingjichyangkong_h02.mesh	OK	68924	1980	660	1	40920	0	1	1	0	1980	660
data\source\npc\model\w1351_model_ymg01_jt02_h003\w1351_model_ymg01_jt02_h003.mesh	OK	281544	3787	5722	1	87184	114300	1	1	0	3787	5722
data\source\npc\model\w1351_model_ymg01_qf_h001\w1351_model_ymg01_qf_h001.mesh	OK	424088	6890	10478	1	158756	119500	1	1	0	6890	10478
data\source\npc\model\w1351_model_ymg01_stone01\w1351_model_ymg01_stone01.mesh	OK	275868	6000	3364	1	126728	56672	1	1	0	6000	3364
data\source\npc\model\w1351_model_ymg02_jn_long_h001\w1351_model_ymg02_jn_long_h001.mesh	OK	626676	6931	10508	1	138620	341552	1	0	0	6931	10508
data\source\npc\model\w1351_model_ymg02_jn_long_h002\w1351_model_ymg02_jn_long_h002.mesh	OK	860552	13862	21016	1	277240	290588	1	0	0	13862	21016
data\source\npc\model\w1351_model_ymg02_jn_long_h005\w1351_model_ymg02_jn_long_h005.mesh	OK	647692	6931	10508	1	159636	341552	1	1	0	6931	10508
data\source\npc\model\w1351_model_ymg02_jn_long_lg_h001\w1351_model_ymg02_jn_long_lg_h001.mesh	OK	523364	5648	10508	1	112960	279296	1	0	0	5648	10508
data\source\npc\model\w1351_model_ymg02_jn_long_lg_h002\w1351_model_ymg02_jn_long_lg_h002.mesh	OK	735296	11309	21016	1	226180	247028	1	0	0	11309	21016
data\source\npc\model\w1351_model_ymg02_jn_long_lg_h005\w1351_model_ymg02_jn_long_lg_h005.mesh	OK	544380	5648	10508	1	133976	279296	1	1	0	5648	10508
data\source\npc\model\w1351_model_ymg02_jn_long_lg_h005_1\w1351_model_ymg02_jn_long_lg_h005_1.mesh	OK	544380	5648	10508	1	133976	279296	1	1	0	5648	10508
data\source\npc\model\w1351_model_ymg02_nan_slbw_h001\w1351_model_ymg02_nan_slbw_h001.mesh	OK	246780	4297	6328	1	85940	71024	1	0	0	4297	6328
data\source\npc\model\w1351_model_ymg02_nan_slbw_h002\w1351_model_ymg02_nan_slbw_h002.mesh	OK	626936	6931	10508	1	138620	341812	1	0	0	6931	10508
data\source\npc\model\w1351_model_ymg02_nan_slbw_h003\w1351_model_ymg02_nan_slbw_h003.mesh	OK	626936	6931	10508	1	138620	341812	1	0	0	6931	10508
data\source\npc\model\w1351_model_ymg02_nan_slbw_lg_h002\w1351_model_ymg02_nan_slbw_lg_h002.mesh	OK	523624	5648	10508	1	112960	279556	1	0	0	5648	10508
data\source\npc\model\w1351_model_ymg02_nan_slbw_lg_h003\w1351_model_ymg02_nan_slbw_lg_h003.mesh	OK	523624	5648	10508	1	112960	279556	1	0	0	5648	10508
data\source\npc\model\w1351_model_ymg02_nv_flzt_h001\w1351_model_ymg02_nv_flzt_h001.mesh	OK	626936	6931	10508	1	138620	341812	1	0	0	6931	10508
data\source\npc\model\w1351_model_ymg02_nv_flzt_jz_h001\w1351_model_ymg02_nv_flzt_jz_h001.mesh	OK	31568	353	456	1	7060	17252	1	0	0	353	456
data\source\npc\model\w1351_model_ymg02_nv_flzt_lg_h001\w1351_model_ymg02_nv_flzt_lg_h001.mesh	OK	523624	5648	10508	1	112960	279556	1	0	0	5648	10508
data\source\npc\model\w1351_model_ymg_hyrdg_w001\w1351_model_ymg_hyrdg_w001.mesh	OK	83740	1036	1484	1	23688	38432	1	1	0	1036	1484
data\source\npc\model\w1351_model_ymg_jt04_openeyes_lf001\w1351_model_ymg_jt04_openeyes_lf001.mesh	OK	956	4	2	1	84	528	1	1	0	4	2
data\source\npc\model\w1351_model_ymg_jt04_openeyes_lf002\w1351_model_ymg_jt04_openeyes_lf002.mesh	OK	43132	684	1224	1	16128	11168	1	1	0	684	1224
data\source\npc\model\w1351_model_ysym_hudie_lf001\w1351_model_ysym_hudie_lf001.mesh	OK	14852	160	136	1	3472	8360	1	1	0	160	136
data\source\npc\model\w1351_model_yuexiaxun_ani_lf001\w1351_model_yuexiaxun_ani_lf001.mesh	OK	33152	680	354	1	14308	8276	1	1	0	680	354
data\source\npc\model\w1351_model_yuexiaxun_ani_lf004\w1351_model_yuexiaxun_ani_lf004.mesh	OK	44576	654	1080	1	15240	14724	1	1	0	654	1080
data\source\npc\model\w1351_model_yuexiaxun_bird_lf001\w1351_model_yuexiaxun_bird_lf001.mesh	OK	268284	3563	5796	1	82852	107616	1	1	0	3563	5796
data\source\npc\model\w1351_model_yuexiaxun_dizi_lf001\w1351_model_yuexiaxun_dizi_lf001.mesh	OK	22360	413	460	1	9180	5180	1	1	0	413	460
data\source\npc\model\w1351_model_yuexiaxun_jiubei_lf001\w1351_model_yuexiaxun_jiubei_lf001.mesh	OK	5016	90	112	1	2024	956	1	1	0	90	112
data\source\npc\model\w1351_model_yuexiaxun_jiubei_lf002\w1351_model_yuexiaxun_jiubei_lf002.mesh	OK	5016	90	112	1	2024	956	1	1	0	90	112
data\source\npc\model\w1351_model_yzh_teng_lf001\w1351_model_yzh_teng_lf001.mesh	OK	93204	1246	1110	2	27140	44164	1	1	0	1246	1062+48
data\source\npc\model\w1351_model_zhouyu_qinxian_ani_lf001\w1351_model_zhouyu_qinxian_ani_lf001.mesh	OK	46172	820	800	1	18000	13248	1	1	0	820	800
data\source\npc\model\w1351_model_zq_fish_h001\w1351_model_zq_fish_h001.mesh	OK	221336	3328	6172	1	78904	65180	1	1	0	3328	6172
data\source\npc\model\w1351_model_zq_hd_h001\w1351_model_zq_hd_h001.mesh	OK	1576	24	12	1	504	428	1	1	0	24	12
data\source\npc\model\w1351_modle_bird_h001\w1351_modle_bird_h001.mesh	OK	621184	10308	18096	1	242352	146276	1	1	0	10308	18096
data\source\npc\model\w1351_modle_caiji_niao01\w1351_modle_caiji_niao01.mesh	OK	588908	9450	13944	1	216888	174672	1	1	0	9450	13944
data\source\npc\model\w1351_modle_hxw_h001\w1351_modle_hxw_h001.mesh	OK	40828	500	632	1	11264	19488	1	1	0	500	632
data\source\npc\model\w1351_modle_shubennan_c01\w1351_modle_shubennan_c01.mesh	OK	33356	496	312	1	9920	15328	1	0	0	496	312
data\source\npc\model\w1351_modle_shubennv_c01\w1351_modle_shubennv_c01.mesh	OK	33356	496	312	1	9920	15328	1	0	0	496	312
data\source\npc\model\w1351_modle_yxh_queqiao_line02\w1351_modle_yxh_queqiao_line02.mesh	OK	956	4	2	1	84	528	1	1	0	4	2
data\source\npc\model\w1351_modle_yxh_queqiao_niao01\w1351_modle_yxh_queqiao_niao01.mesh	OK	593320	9450	13944	1	216888	179084	1	1	0	9450	13944
data\source\npc\model\w1351_modle_yxh_queqiao_niao02\w1351_modle_yxh_queqiao_niao02.mesh	OK	593816	9450	13944	1	216888	179580	1	1	0	9450	13944
data\source\npc\model\w1351_modle_yxh_queqiao_stars01\w1351_modle_yxh_queqiao_stars01.mesh	OK	23896	484	242	1	10164	6188	1	1	0	484	242
data\source\npc\model\w1351_pets_dandanji_xiaojiu_jian\w1351_pets_dandanji_xiaojiu_jian.mesh	OK	23580	452	590	1	10220	4112	1	1	0	452	590
data\source\npc\model\w1351_pets_dandanji_xiaojiu_shu\w1351_pets_dandanji_xiaojiu_shu.mesh	OK	19512	290	224	1	6248	8156	1	1	0	290	224
data\source\npc\quest\chuansong001\chuansong001.mesh	OK	1132	6	2	1	124	640	1	1	0	6	2
data\source\npc\quest\chuansong001\chuansong002.mesh	OK	1132	6	2	1	124	640	1	1	0	6	2
data\source\npc\quest\cj_byjt\cj_byjt.mesh	OK	2196	20	12	1	424	1176	0	0	424	0	12
data\source\npc\quest\decal\decal.mesh	OK	1552	24	12	1	480	428	1	0	0	24	12
data\source\npc\quest\langhuanyudong_jt\langhuanyudong_jt.mesh	OK	2172	20	12	1	400	1176	1	0	0	20	12
data\source\npc\quest\w1351_boss_aihu\w1351_boss_aihu_toufa_001.mesh	OK	183968	2946	3634	1	66188	60340	1	1	0	2946	3634
data\source\npc\quest\w1351_boss_aihu\w1351_boss_aihu_yifu_001.mesh	OK	130936	1931	2683	1	43986	47396	0	0	20814	1931	2683
data\source\npc\quest\w1351_boss_baicen\w1351_boss_baicen_lian_001.mesh	OK	15752	144	194	1	2880	9696	1	0	0	144	194
data\source\npc\quest\w1351_boss_baicen\w1351_boss_baicen_yifu_001.mesh	OK	24396	297	424	1	5940	12064	1	0	0	297	424
data\source\npc\quest\w1351_boss_baidiliugui\w1351_boss_baidiliugui_lian_01.mesh	OK	14644	60	88	1	1200	11912	1	0	0	60	88
data\source\npc\quest\w1351_boss_baidiliugui\w1351_boss_baidiliugui_yifu_01.mesh	OK	40688	545	698	1	10900	18776	1	0	0	545	698
data\source\npc\quest\w1351_boss_banshandaoren\w1351_boss_banshandaoren_yifu_001.mesh	OK	149646	2140	2993	1	42800	62924	1	0	0	2140	2993
data\source\npc\quest\w1351_boss_baobutong\w1351_boss_baobutong_lian_001.mesh	OK	15200	87	144	1	1740	11268	1	0	0	87	144
data\source\npc\quest\w1351_boss_baobutong\w1351_boss_baobutong_shoutao_001.mesh	OK	12634	54	47	1	1080	10340	1	0	0	54	47
data\source\npc\quest\w1351_boss_baobutong\w1351_boss_baobutong_yifu_001.mesh	OK	35652	446	582	1	8920	17604	1	0	0	446	582
data\source\npc\quest\w1351_boss_baolong\w1351_boss_baolong_yifu_001.mesh	OK	56272	719	920	1	14380	27460	1	0	0	719	920
data\source\npc\quest\w1351_boss_baoxiangtongzi\w1351_boss_baoxiangtongzi_yifu_001.mesh	OK	83624	1123	1334	1	22460	39400	1	0	0	1123	1334
data\source\npc\quest\w1351_boss_bupingdaoren\w1351_boss_bupingdaoren_lian_001.mesh	OK	24372	271	284	1	5988	13144	1	1	0	271	284
data\source\npc\quest\w1351_boss_bupingdaoren\w1351_boss_bupingdaoren_yifu_001.mesh	OK	44880	566	810	1	11320	21624	1	0	0	566	810
data\source\npc\quest\w1351_boss_caoshuang\w1351_boss_caoshuang01_lian_001.mesh	OK	16368	164	162	1	3280	9864	1	0	0	164	162
data\source\npc\quest\w1351_boss_caoshuang\w1351_boss_caoshuang01_shoutao_001.mesh	OK	10898	57	61	3	1140	8416	1	0	0	57	33+16+12
data\source\npc\quest\w1351_boss_caoshuang\w1351_boss_caoshuang01_yifu_001.mesh	OK	34342	466	551	1	9320	15840	1	0	0	466	551
data\source\npc\quest\w1351_boss_caoshuang\w1351_boss_caoshuang_lian_001.mesh	OK	16496	164	162	1	3280	9992	1	0	0	164	162
data\source\npc\quest\w1351_boss_caoshuang\w1351_boss_caoshuang_shoutao_001.mesh	OK	11026	57	61	3	1140	8544	1	0	0	57	33+16+12
data\source\npc\quest\w1351_boss_caoshuang\w1351_boss_caoshuang_yifu_001.mesh	OK	34470	466	551	1	9320	15968	1	0	0	466	551
data\source\npc\quest\w1351_boss_dengbaichuan\w1351_boss_dengbaichuan_lian_001.mesh	OK	23768	280	310	1	5600	12664	1	0	0	280	310
data\source\npc\quest\w1351_boss_dengbaichuan\w1351_boss_dengbaichuan_shoutao_001.mesh	OK	12124	84	48	3	1680	8856	1	0	0	84	42+2+4
data\source\npc\quest\w1351_boss_dengbaichuan\w1351_boss_dengbaichuan_yifu_001.mesh	OK	29440	354	434	1	7080	15224	1	0	0	354	434
data\source\npc\quest\w1351_boss_dihou\w1351_boss_dihou_yifu_001.mesh	OK	94104	1321	1546	2	26420	42268	1	0	0	1321	1520+26
data\source\npc\quest\w1351_boss_dunpaiyaoxing\w1351_boss_dunpaiyaoxing_lian_001.mesh	OK	14948	95	160	1	1900	10664	1	0	0	95	160
data\source\npc\quest\w1351_boss_dunpaiyaoxing\w1351_boss_dunpaiyaoxing_shoutao_001.mesh	OK	12012	38	72	1	760	10080	1	0	0	38	72
data\source\npc\quest\w1351_boss_dunpaiyaoxing\w1351_boss_dunpaiyaoxing_yifu_001.mesh	OK	34308	462	592	1	9240	15688	1	0	0	462	592
data\source\npc\quest\w1351_boss_fanjiangshen\w1351_boss_fanjiangshen_lian_001.mesh	OK	14236	109	160	1	2180	9504	1	0	0	109	160
data\source\npc\quest\w1351_boss_fanjiangshen\w1351_boss_fanjiangshen_shoutao_001.mesh	OK	15996	165	128	1	3300	9664	1	0	0	165	128
data\source\npc\quest\w1351_boss_fanjiangshen\w1351_boss_fanjiangshen_xiezi_001.mesh	OK	26708	307	420	1	6140	14080	1	0	0	307	420
data\source\npc\quest\w1351_boss_fanjiangshen\w1351_boss_fanjiangshen_yifu_001.mesh	OK	17812	164	152	1	3280	11368	1	0	0	164	152
data\source\npc\quest\w1351_boss_gerong\w1351_boss_gerong_lian_001.mesh	OK	27980	214	328	1	4280	18880	1	0	0	214	328
data\source\npc\quest\w1351_boss_gerong\w1351_boss_gerong_shoutao_001.mesh	OK	29300	272	288	1	5440	18584	1	0	0	272	288
data\source\npc\quest\w1351_boss_gerong\w1351_boss_gerong_toufa_001.mesh	OK	50980	581	808	1	11620	27256	1	0	0	581	808
data\source\npc\quest\w1351_boss_gerong\w1351_boss_gerong_yifu_001.mesh	OK	57832	701	1054	1	14020	28792	1	0	0	701	1054
data\source\npc\quest\w1351_boss_gonghunyingxiang\w1351_boss_gonghunyingxiang_lian_001.mesh	OK	21452	168	266	1	3360	14196	1	0	0	168	266
data\source\npc\quest\w1351_boss_gonghunyingxiang\w1351_boss_gonghunyingxiang_yifu_001.mesh	OK	41564	523	766	1	10460	19948	1	0	0	523	766
data\source\npc\quest\w1351_boss_gongsunsheng\w1351_boss_gongsunsheng_shoutao_001.mesh	OK	25348	149	190	1	2980	19156	1	0	0	149	190
data\source\npc\quest\w1351_boss_gongsunsheng\w1351_boss_gongsunsheng_yifu_001.mesh	OK	88728	1107	1512	1	22140	43948	1	0	0	1107	1512
data\source\npc\quest\w1351_boss_gongsunsheng\w1351_boss_gongsunshengfenshen_shoutao_001.mesh	OK	25348	149	190	1	2980	19156	1	0	0	149	190
data\source\npc\quest\w1351_boss_gongsunsheng\w1351_boss_gongsunshengfenshen_yifu_001.mesh	OK	88728	1107	1512	1	22140	43948	1	0	0	1107	1512
data\source\npc\quest\w1351_boss_guansheng\w1351_boss_guansheng_shoutao_001.mesh	OK	31416	165	192	1	3300	24700	1	0	0	165	192
data\source\npc\quest\w1351_boss_guansheng\w1351_boss_guansheng_yifu_001.mesh	OK	122902	1671	2317	1	33420	55244	1	0	0	1671	2317
data\source\npc\quest\w1351_boss_hadaba\w1351_boss_hadaba_lian_001.mesh	OK	27148	214	328	1	4280	18048	1	0	0	214	328
data\source\npc\quest\w1351_boss_hadaba\w1351_boss_hadaba_shoutao_001.mesh	OK	30644	272	288	1	5440	19928	1	0	0	272	288
data\source\npc\quest\w1351_boss_hadaba\w1351_boss_hadaba_toufa_001.mesh	OK	50140	581	808	1	11620	26416	1	0	0	581	808
data\source\npc\quest\w1351_boss_hadaba\w1351_boss_hadaba_yifu_001.mesh	OK	56944	701	1054	1	14020	27904	1	0	0	701	1054
data\source\npc\quest\w1351_boss_hongjiyaowang\w1351_boss_hongjiyaowang_toufa_001.mesh	OK	32680	84	80	1	1680	29228	1	0	0	84	80
data\source\npc\quest\w1351_boss_hongjiyaowang\w1351_boss_hongjiyaowang_yifu_001.mesh	OK	101436	1245	1882	1	24900	50020	1	0	0	1245	1882
data\source\npc\quest\w1351_boss_hongxiongwang\w1351_boss_hongxiongwang.mesh	OK	39756	500	632	1	10000	19680	1	0	0	500	632
data\source\npc\quest\w1351_boss_huarong\w1351_boss_huarong_shoutao_001.mesh	OK	31912	406	680	1	8120	14556	1	0	0	406	680
data\source\npc\quest\w1351_boss_huarong\w1351_boss_huarong_yifu_001.mesh	OK	56528	803	1080	1	16060	24068	1	0	0	803	1080
data\source\npc\quest\w1351_boss_hubaoshenshou\w1351_boss_hubaoshenshou.mesh	OK	48900	670	828	1	13400	22208	1	0	0	670	828
data\source\npc\quest\w1351_boss_hubaoshenshou\w1351_boss_hubaoshenshou02.mesh	OK	48772	670	828	1	13400	22080	1	0	0	670	828
data\source\npc\quest\w1351_boss_hubaoshenshou\w1351_boss_hubaoshenshou03.mesh	OK	48772	670	828	1	13400	22080	1	0	0	670	828
data\source\npc\quest\w1351_boss_hubaoshenshou\w1351_boss_hubaoshenshou04.mesh	OK	48772	670	828	1	13400	22080	1	0	0	670	828
data\source\npc\quest\w1351_boss_hufengyaoxing\w1351_boss_hufengyaoxing_lian_001.mesh	OK	15596	95	160	1	1900	11312	1	0	0	95	160
data\source\npc\quest\w1351_boss_hufengyaoxing\w1351_boss_hufengyaoxing_shoutao_001.mesh	OK	23220	234	288	1	4680	13720	1	0	0	234	288
data\source\npc\quest\w1351_boss_hufengyaoxing\w1351_boss_hufengyaoxing_yifu_001.mesh	OK	35196	462	592	1	9240	16576	1	0	0	462	592
data\source\npc\quest\w1351_boss_hunjianglong\w1351_boss_hunjianglong_lian_001.mesh	OK	14808	119	168	1	2380	9708	1	0	0	119	168
data\source\npc\quest\w1351_boss_hunjianglong\w1351_boss_hunjianglong_shoutao_001.mesh	OK	20768	252	300	1	5040	10620	1	0	0	252	300
data\source\npc\quest\w1351_boss_hunjianglong\w1351_boss_hunjianglong_toufa_001.mesh	OK	23816	266	304	1	5320	13196	1	0	0	266	304
data\source\npc\quest\w1351_boss_hunjianglong\w1351_boss_hunjianglong_xiezi_001.mesh	OK	9796	20	18	1	400	8764	1	0	0	20	18
data\source\npc\quest\w1351_boss_hunjianglong\w1351_boss_hunjianglong_yifu_001.mesh	OK	28932	342	430	1	6840	15124	1	0	0	342	430
data\source\npc\quest\w1351_boss_huoyanyaomo\w1351_boss_huoyanyaomo_shoutao_001.mesh	OK	116500	1606	1510	1	32120	55764	1	0	0	1606	1510
data\source\npc\quest\w1351_boss_huoyanyaomo\w1351_boss_huoyanyaomo_toufa_001.mesh	OK	44384	257	348	1	5140	33788	1	0	0	257	348
data\source\npc\quest\w1351_boss_huoyanyaomo\w1351_boss_huoyanyaomo_yifu_001.mesh	OK	67540	616	930	1	12320	41964	1	0	0	616	930
data\source\npc\quest\w1351_boss_huyanping\w1351_boss_huyanping_lian_001.mesh	OK	19968	166	210	1	3320	13112	1	0	0	166	210
data\source\npc\quest\w1351_boss_huyanping\w1351_boss_huyanping_shoutao_001.mesh	OK	11684	49	52	1	980	9520	1	0	0	49	52
data\source\npc\quest\w1351_boss_huyanping\w1351_boss_huyanping_yifu_001.mesh	OK	34352	389	526	1	7780	18464	1	0	0	389	526
data\source\npc\quest\w1351_boss_huyanzhuo\w1351_boss_huyanzhuo.mesh	OK	87718	1275	1791	1	25500	35888	1	0	0	1275	1791
data\source\npc\quest\w1351_boss_jiaxu\w1351_boss_jiaxu.mesh	OK	139368	2231	2997	2	50614	43712	0	0	23842	2231	2709+288
data\source\npc\quest\w1351_boss_jinshang\w1351_boss_jinshang_lian_001.mesh	OK	15476	150	198	1	3000	9204	1	0	0	150	198
data\source\npc\quest\w1351_boss_jinshang\w1351_boss_jinshang_shoutao_001.mesh	OK	10128	50	40	1	1000	8004	1	0	0	50	40
data\source\npc\quest\w1351_boss_jinshang\w1351_boss_jinshang_toufa_001.mesh	OK	8888	22	20	1	440	7780	1	0	0	22	20
data\source\npc\quest\w1351_boss_jinshang\w1351_boss_jinshang_yifu_001.mesh	OK	26260	330	446	1	6600	12740	1	0	0	330	446
data\source\npc\quest\w1351_boss_jiumozhi\w1351_boss_jiumozhi.mesh	OK	220066	3521	5367	1	70420	74908	1	0	0	3521	5367
data\source\npc\quest\w1351_boss_jiuweihu\w1351_boss_jiuweihu.mesh	OK	295476	4479	6330	1	102240	101224	1	1	0	4479	6330
data\source\npc\quest\w1351_boss_liedixingzhe\w1351_boss_liedixingzhe_lian_001.mesh	OK	71396	914	1318	1	18280	33956	1	0	0	914	1318
data\source\npc\quest\w1351_boss_liedixingzhe\w1351_boss_liedixingzhe_yifu_001.mesh	OK	26552	181	252	1	3620	18964	1	0	0	181	252
data\source\npc\quest\w1351_boss_liedixingzhe\w1351_npc_liedexingzhelinghun_lian.mesh	OK	71396	914	1318	1	18280	33956	1	0	0	914	1318
data\source\npc\quest\w1351_boss_liedixingzhe\w1351_npc_liedexingzhelinghun_yifu.mesh	OK	26552	181	252	1	3620	18964	1	0	0	181	252
data\source\npc\quest\w1351_boss_likui\w1351_boss_likui_lian_001.mesh	OK	65184	808	1062	1	16160	32672	1	0	0	808	1062
data\source\npc\quest\w1351_boss_likui\w1351_boss_likui_yifu_001.mesh	OK	56064	655	970	1	13100	29000	1	0	0	655	970
data\source\npc\quest\w1351_boss_linchong\w1351_boss_linchong_shoutao_001.mesh	OK	21228	162	240	1	3240	14320	1	0	0	162	240
data\source\npc\quest\w1351_boss_linchong\w1351_boss_linchong_toufa_001.mesh	OK	21492	146	224	1	2920	15192	1	0	0	146	224
data\source\npc\quest\w1351_boss_linchong\w1351_boss_linchong_yifu_001.mesh	OK	89280	1279	1954	1	25580	36344	1	0	0	1279	1954
data\source\npc\quest\w1351_boss_liqiushui\w1351_boss_liqiushui_lian_001.mesh	OK	19640	228	274	1	4560	10416	1	0	0	228	274
data\source\npc\quest\w1351_boss_liqiushui\w1351_boss_liqiushui_shoutao_001.mesh	OK	10392	41	42	1	820	8544	1	0	0	41	42
data\source\npc\quest\w1351_boss_liqiushui\w1351_boss_liqiushui_yifu_001.mesh	OK	28124	346	552	1	6920	13456	1	0	0	346	552
data\source\npc\quest\w1351_boss_longgui\w1351_boss_longgui_yifu_001.mesh	OK	53768	704	836	1	15752	24268	1	1	0	704	836
data\source\npc\quest\w1351_boss_lujunyi\w1351_boss_lujunyi_lian_001.mesh	OK	33712	115	208	1	2300	28500	1	0	0	115	208
data\source\npc\quest\w1351_boss_lujunyi\w1351_boss_lujunyi_shoutao_001.mesh	OK	36436	185	202	1	3700	29020	1	0	0	185	202
data\source\npc\quest\w1351_boss_lujunyi\w1351_boss_lujunyi_toufa_001.mesh	OK	47936	349	492	1	6980	33532	1	0	0	349	492
data\source\npc\quest\w1351_boss_lujunyi\w1351_boss_lujunyi_xiezi_001.mesh	OK	63708	649	790	1	12980	37916	1	0	0	649	790
data\source\npc\quest\w1351_boss_lujunyi\w1351_boss_lujunyi_yifu_001.mesh	OK	86376	1028	1488	1	20560	44268	1	0	0	1028	1488
data\source\npc\quest\w1351_boss_luzhishen\w1351_boss_luzhishen_shoutao_001.mesh	OK	16740	158	212	1	3160	10128	1	0	0	158	212
data\source\npc\quest\w1351_boss_luzhishen\w1351_boss_luzhishen_yifu_001.mesh	OK	53288	703	1026	1	14060	24352	1	0	0	703	1026
data\source\npc\quest\w1351_boss_luzhishen\w1351_boss_luzhishenying_shoutao_001.mesh	OK	16740	158	212	1	3160	10128	1	0	0	158	212
data\source\npc\quest\w1351_boss_luzhishen\w1351_boss_luzhishenying_yifu_001.mesh	OK	53288	703	1026	1	14060	24352	1	0	0	703	1026
data\source\npc\quest\w1351_boss_manggai01\w1351_boss_manggai01_lian_001.mesh	OK	15092	54	88	1	1080	12552	1	0	0	54	88
data\source\npc\quest\w1351_boss_manggai01\w1351_boss_manggai01_yifu_001.mesh	OK	36384	441	566	1	8820	18592	1	0	0	441	566
data\source\npc\quest\w1351_boss_mangguzhuhawang\w1351_boss_mangguzhuhawang_lian_001.mesh	OK	30484	58	112	1	1160	27672	1	0	0	58	112
data\source\npc\quest\w1351_boss_mangguzhuhawang\w1351_boss_mangguzhuhawang_toufa_001.mesh	OK	55448	575	502	1	11500	33752	1	0	0	575	502
data\source\npc\quest\w1351_boss_mangguzhuhawang\w1351_boss_mangguzhuhawang_yifu_001.mesh	OK	61836	583	904	1	11660	37472	1	0	0	583	904
data\source\npc\quest\w1351_boss_mengmei\w1351_boss_mengmei_lian_001.mesh	OK	24068	159	190	1	3180	17556	1	0	0	159	190
data\source\npc\quest\w1351_boss_mengmei\w1351_boss_mengmei_yifu_001.mesh	OK	46060	565	666	1	11300	23700	1	0	0	565	666
data\source\npc\quest\w1351_boss_mengmiandadao\w1351_boss_mengmiandadao.mesh	OK	131792	2153	3476	1	43060	41756	1	0	0	2153	3476
data\source\npc\quest\w1351_boss_mingjiang\w1351_boss_mingjiang_lian_001.mesh	OK	14796	106	148	1	2120	10232	1	0	0	106	148
data\source\npc\quest\w1351_boss_mingjiang\w1351_boss_mingjiang_shoutao_001.mesh	OK	13384	84	102	1	1680	9800	1	0	0	84	102
data\source\npc\quest\w1351_boss_mingjiang\w1351_boss_mingjiang_yifu_001.mesh	OK	41672	540	650	1	10800	20208	1	0	0	540	650
data\source\npc\quest\w1351_boss_mutongbo\w1351_boss_mutongbo_lian_001.mesh	OK	27296	232	266	1	4640	17992	1	0	0	232	266
data\source\npc\quest\w1351_boss_mutongbo\w1351_boss_mutongbo_yifu_001.mesh	OK	60424	798	902	1	15960	29192	1	0	0	798	902
data\source\npc\quest\w1351_boss_nianshou\w1351_boss_nianshou_yifu_001.mesh	OK	50848	684	910	1	13680	23216	1	0	0	684	910
data\source\npc\quest\w1351_boss_pangqi\w1351_boss_pangqi.mesh	OK	220612	3709	6164	2	86508	52324	1	1	0	3709	1556+4608
data\source\npc\quest\w1351_boss_pangtong\w1351_boss_pangtong_xiezi.mesh	OK	26632	144	204	1	3288	20108	1	1	0	144	204
data\source\npc\quest\w1351_boss_pangtong\w1351_boss_pangtong_yifu.mesh	OK	114372	1771	2426	2	40272	38004	1	1	0	1771	2282+144
data\source\npc\quest\w1351_boss_pomozunzhe\w1351_boss_pomozunzhe_yifu_001.mesh	OK	95338	1140	1375	1	22800	50324	1	0	0	1140	1375
data\source\npc\quest\w1351_boss_pomozunzhe\w1351_npc_poyanzunzhelinghun.mesh	OK	95338	1140	1375	1	22800	50324	1	0	0	1140	1375
data\source\npc\quest\w1351_boss_qiannianbingpo\w1351_boss_qiannianbingpo_lian_001.mesh	OK	50088	291	366	1	5820	38296	1	0	0	291	366
data\source\npc\quest\w1351_boss_qiannianbingpo\w1351_boss_qiannianbingpo_yifu_001.mesh	OK	72276	603	768	1	12060	48088	1	0	0	603	768
data\source\npc\quest\w1351_boss_qiewang\w1351_boss_qiewang_shoutao_001.mesh	OK	20844	129	158	1	2580	15484	1	0	0	129	158
data\source\npc\quest\w1351_boss_qiewang\w1351_boss_qiewang_yifu_001.mesh	OK	72040	902	1148	1	18040	36004	1	0	0	902	1148
data\source\npc\quest\w1351_boss_qinboqi\w1351_boss_qinboqi_lian_001.mesh	OK	18184	166	198	1	3320	11400	1	0	0	166	198
data\source\npc\quest\w1351_boss_qinboqi\w1351_boss_qinboqi_shoutao_001.mesh	OK	11514	53	61	1	1060	9168	1	0	0	53	61
data\source\npc\quest\w1351_boss_qinboqi\w1351_boss_qinboqi_yifu_001.mesh	OK	35568	480	606	1	9600	16288	1	0	0	480	606
data\source\npc\quest\w1351_boss_qinhuangzhipo\w1351_boss_qinhuangzhipo_lian_001.mesh	OK	51324	741	828	1	14820	22360	1	0	0	741	828
data\source\npc\quest\w1351_boss_qinhuangzhipo\w1351_boss_qinhuangzhipo_yifu_001.mesh	OK	53126	748	871	1	14960	23680	1	0	0	748	871
data\source\npc\quest\w1351_boss_qinjiazhailouluo\w1351_boss_qinjiazhailouluo_lian_001.mesh	OK	15576	150	198	1	3000	9304	1	0	0	150	198
data\source\npc\quest\w1351_boss_qinjiazhailouluo\w1351_boss_qinjiazhailouluo_shoutao_001.mesh	OK	11448	76	70	1	1520	8312	1	0	0	76	70
data\source\npc\quest\w1351_boss_qinjiazhailouluo\w1351_boss_qinjiazhailouluo_yifu_001.mesh	OK	26424	330	446	1	6600	12904	1	0	0	330	446
data\source\npc\quest\w1351_boss_qinming\w1351_boss_qinming_lian_001.mesh	OK	56948	690	894	1	13800	29220	1	0	0	690	894
data\source\npc\quest\w1351_boss_qinming\w1351_boss_qinming_shoutao_001.mesh	OK	22540	204	206	1	4080	14492	1	0	0	204	206
data\source\npc\quest\w1351_boss_qinming\w1351_boss_qinming_yifu_001.mesh	OK	64796	807	1242	1	16140	31236	1	0	0	807	1242
data\source\npc\quest\w1351_boss_qiushisanniang\w1351_boss_qiushisanniang.mesh	OK	42392	456	656	1	9120	23580	1	0	0	456	656
data\source\npc\quest\w1351_boss_renpingsheng\w1351_boss_renpingsheng_lian_001.mesh	OK	13400	92	150	1	1840	9272	1	0	0	92	150
data\source\npc\quest\w1351_boss_renpingsheng\w1351_boss_renpingsheng_shoutao_001.mesh	OK	12900	98	144	1	1960	8616	1	0	0	98	144
data\source\npc\quest\w1351_boss_renpingsheng\w1351_boss_renpingsheng_yifu_001.mesh	OK	35098	444	589	1	8880	17072	1	0	0	444	589
data\source\npc\quest\w1351_boss_sangtugong\w1351_boss_sangtugong_lian_001.mesh	OK	13000	83	102	1	1660	9448	1	0	0	83	102
data\source\npc\quest\w1351_boss_sangtugong\w1351_boss_sangtugong_yifu_001.mesh	OK	32160	365	534	1	7300	16992	1	0	0	365	534
data\source\npc\quest\w1351_boss_shirenyanshi\w1351_boss_shirenyanshi_lian_001.mesh	OK	16268	129	196	1	2580	10680	1	0	0	129	196
data\source\npc\quest\w1351_boss_shirenyanshi\w1351_boss_shirenyanshi_xiezi_001.mesh	OK	11308	50	68	1	1000	9016	1	0	0	50	68
data\source\npc\quest\w1351_boss_shirenyanshi\w1351_boss_shirenyanshi_yifu_001.mesh	OK	33480	443	566	1	8860	15624	1	0	0	443	566
data\source\npc\quest\w1351_boss_shuangying\w1351_boss_shuangying_lian_001.mesh	OK	29932	27	38	1	540	28556	1	0	0	27	38
data\source\npc\quest\w1351_boss_shuangying\w1351_boss_shuangying_toufa_001.mesh	OK	62456	580	596	1	11600	40036	1	0	0	580	596
data\source\npc\quest\w1351_boss_shuangying\w1351_boss_shuangying_yifu_001.mesh	OK	95632	1065	1298	4	21300	53468	1	0	0	1065	986+24+192+96
data\source\npc\quest\w1351_boss_shuifeitouling\w1351_boss_shuifeitouling_shoutao_001.mesh	OK	133680	1994	1966	1	39880	57792	1	0	0	1994	1966
data\source\npc\quest\w1351_boss_shuifeitouling\w1351_boss_shuifeitouling_yifu_001.mesh	OK	91238	1041	1383	1	20820	49344	1	0	0	1041	1383
data\source\npc\quest\w1351_boss_sifengmo\w1351_boss_sifengmo_toufa_001.mesh	OK	31036	84	124	1	1680	27320	1	0	0	84	124
data\source\npc\quest\w1351_boss_sifengmo\w1351_boss_sifengmo_yifu_001.mesh	OK	97388	1216	1712	1	24320	47920	1	0	0	1216	1712
data\source\npc\quest\w1351_boss_sifengmo\w1351_npc_sifengmolinghun_toufa.mesh	OK	31036	84	124	1	1680	27320	1	0	0	84	124
data\source\npc\quest\w1351_boss_sifengmo\w1351_npc_sifengmolinghun_yifu.mesh	OK	97388	1216	1712	1	24320	47920	1	0	0	1216	1712
data\source\npc\quest\w1351_boss_songjiang\w1351_boss_songjiang_lian_001.mesh	OK	55244	615	808	1	12300	30432	1	0	0	615	808
data\source\npc\quest\w1351_boss_songjiang\w1351_boss_songjiang_yifu_001.mesh	OK	82444	1027	1304	1	20540	41472	1	0	0	1027	1304
data\source\npc\quest\w1351_boss_sss_bingcan\w1351_boss_sss_bingcan.mesh	OK	23552	228	302	1	5164	13556	1	1	0	228	302
data\source\npc\quest\w1351_boss_sss_bingcan2\w1351_boss_sss_bingcan2.mesh	OK	23552	228	302	1	5164	13556	1	1	0	228	302
data\source\npc\quest\w1351_boss_sss_bingcan3\w1351_boss_sss_bingcan3.mesh	OK	23880	466	460	1	10240	5004	1	1	0	466	460
data\source\npc\quest\w1351_boss_sss_dingchungqiou\w1351_boss_sss_dingchungqiou.mesh	OK	83524	1415	1682	1	31664	24504	1	1	0	1415	1682
data\source\npc\quest\w1351_boss_sss_jiumozhi\w1351_boss_sss_jiumozhi.mesh	OK	77588	1259	1758	1	28696	22952	1	1	0	1259	1758
data\source\npc\quest\w1351_boss_sss_murongbo\w1351_boss_sss_murongbo.mesh	OK	72492	1186	1615	1	26950	21336	0	0	12718	1186	1615
data\source\npc\quest\w1351_boss_sss_murongfu\w1351_boss_sss_murongfu_shoutao_001.mesh	OK	16420	170	260	1	3920	8616	1	1	0	170	260
data\source\npc\quest\w1351_boss_sss_murongfu\w1351_boss_sss_murongfu_yifu_001.mesh	OK	63660	1023	1356	1	23172	19792	1	1	0	1023	1356
data\source\npc\quest\w1351_boss_sss_tufanfanseng\w1351_boss_sss_tufanfanseng_lian_001.mesh	OK	13032	109	156	1	2492	8012	1	1	0	109	156
data\source\npc\quest\w1351_boss_sss_tufanfanseng\w1351_boss_sss_tufanfanseng_yifu_001.mesh	OK	25928	343	425	1	7710	11268	0	0	3594	343	425
data\source\npc\quest\w1351_boss_sss_xiaoyuanshan\w1351_boss_sss_xiaoyuanshan.mesh	OK	122172	2110	2930	1	48060	30928	1	1	0	2110	2930
data\source\npc\quest\w1351_boss_sss_xuezhouwugu\w1351_boss_sss_xuezhouwugu.mesh	OK	43736	869	730	1	18840	9804	1	1	0	869	730
data\source\npc\quest\w1351_boss_sss_zhuangjuxian\w1351_boss_sss_zhuangjuxian.mesh	OK	102820	1736	2116	1	38952	30056	1	1	0	1736	2116
data\source\npc\quest\w1351_boss_sunlizhe\w1351_boss_sunlizhe.mesh	OK	49332	725	886	1	14500	20532	1	0	0	725	886
data\source\npc\quest\w1351_boss_sunmeimei\w1351_boss_sunmeimei_lian_001.mesh	OK	42918	454	571	1	9080	24680	1	0	0	454	571
data\source\npc\quest\w1351_boss_sunmeimei\w1351_boss_sunmeimei_yifu_001.mesh	OK	67456	793	1082	1	15860	35304	1	0	0	793	1082
data\source\npc\quest\w1351_boss_sysz_aying\w1351_boss_sysz_aying.mesh	OK	169272	2840	3766	1	64332	47980	1	1	0	2840	3766
data\source\npc\quest\w1351_boss_sysz_ayinglangying\w1351_boss_sysz_ayinglangying_shoutao_001.mesh	OK	67656	697	920	1	15780	37708	1	1	0	697	920
data\source\npc\quest\w1351_boss_sysz_ayinglangying\w1351_boss_sysz_ayinglangying_xiezi_001.mesh	OK	98192	1263	1710	1	28680	43812	1	1	0	1263	1710
data\source\npc\quest\w1351_boss_sysz_ayinglangying\w1351_boss_sysz_ayinglangying_yifu_001.mesh	OK	183832	2840	3766	1	64332	62540	1	1	0	2840	3766
data\source\npc\quest\w1351_boss_sysz_bailnghun\w1351_boss_sysz_bailnghun.mesh	OK	79992	1263	1710	1	28680	25612	1	1	0	1263	1710
data\source\npc\quest\w1351_boss_sysz_feiying\w1351_boss_sysz_feiying.mesh	OK	45296	697	920	1	15780	15348	1	1	0	697	920
data\source\npc\quest\w1351_boss_sysz_fenti\w1351_boss_sysz_fenti.mesh	OK	111128	1834	2355	1	41390	33316	0	0	19382	1834	2355
data\source\npc\quest\w1351_boss_sysz_fenwujiou\w1351_boss_sysz_fenwujiou.mesh	OK	187344	3037	3827	1	68394	59260	0	0	31950	3037	3827
data\source\npc\quest\w1351_boss_sysz_fenxiu\w1351_boss_sysz_fenxiu.mesh	OK	111128	1834	2355	1	41390	33316	0	0	19382	1834	2355
data\source\npc\quest\w1351_boss_sysz_langying\_w1351_boss_sysz_langying_shoutao_001.mesh	OK	54656	697	920	1	15780	24708	1	1	0	697	920
data\source\npc\quest\w1351_boss_sysz_langying\_w1351_boss_sysz_langying_yifu_001.mesh	OK	85192	1263	1710	1	28680	30812	1	1	0	1263	1710
data\source\npc\quest\w1351_boss_sysz_shisan\w1351_boss_sysz_shisan.mesh	OK	141528	2303	2945	1	51950	43988	0	0	24314	2303	2945
data\source\npc\quest\w1351_boss_sysz_yelvhongyou\w1351_boss_sysz_yelvhongyou.mesh	OK	125392	1996	2813	1	45546	38732	0	0	21594	1996	2813
data\source\npc\quest\w1351_boss_taishici\w1351_boss_taishici_shoutao.mesh	OK	27740	183	180	1	4020	20160	1	1	0	183	180
data\source\npc\quest\w1351_boss_taishici\w1351_boss_taishici_xiezi.mesh	OK	38052	388	444	1	8648	21800	1	1	0	388	444
data\source\npc\quest\w1351_boss_taishici\w1351_boss_taishici_yifu.mesh	OK	112948	1697	2265	1	38470	40240	0	0	18106	1697	2265
data\source\npc\quest\w1351_boss_tianyun\w1351_boss_tianyun_lian_001.mesh	OK	15824	131	194	1	2620	10184	1	0	0	131	194
data\source\npc\quest\w1351_boss_tianyun\w1351_boss_tianyun_shoutao_001.mesh	OK	11376	64	74	1	1280	8600	1	0	0	64	74
data\source\npc\quest\w1351_boss_tianyun\w1351_boss_tianyun_yifu_001.mesh	OK	25888	315	442	1	6300	12872	1	0	0	315	442
data\source\npc\quest\w1351_boss_tudi\w1351_boss_tudi_toufa_01.mesh	OK	9044	9	8	1	180	8424	1	0	0	9	8
data\source\npc\quest\w1351_boss_tudi\w1351_boss_tudi_xiezi_01.mesh	OK	17348	166	124	1	3320	11008	1	0	0	166	124
data\source\npc\quest\w1351_boss_tudi\w1351_boss_tudi_yifu_01.mesh	OK	49696	777	706	1	15540	20312	1	0	0	777	706
data\source\npc\quest\w1351_boss_wangyan\w1351_boss_wangyan_lian_001.mesh	OK	32764	114	206	1	2280	27596	1	0	0	114	206
data\source\npc\quest\w1351_boss_wangyan\w1351_boss_wangyan_shoutao_001.mesh	OK	31980	102	162	1	2040	27460	1	0	0	102	162
data\source\npc\quest\w1351_boss_wangyan\w1351_boss_wangyan_toufa_001.mesh	OK	47040	349	492	1	6980	32636	1	0	0	349	492
data\source\npc\quest\w1351_boss_wangyan\w1351_boss_wangyan_xiezi_001.mesh	OK	63388	661	790	1	13220	37212	1	0	0	661	790
data\source\npc\quest\w1351_boss_wangyan\w1351_boss_wangyan_yifu_001.mesh	OK	87312	1058	1552	1	21160	43860	1	0	0	1058	1552
data\source\npc\quest\w1351_boss_wangyuyan\w1351_boss_wangyuyan.mesh	OK	374036	6118	8041	4	138442	113636	0	0	65026	6118	7137+96+116+692
data\source\npc\quest\w1351_boss_wudumoshi\w1351_boss_wudumoshi_yifu_001.mesh	OK	84776	957	1276	1	19140	46212	1	0	0	957	1276
data\source\npc\quest\w1351_boss_wudumoshi\w1351_npc_wudumoshilinghun.mesh	OK	84776	957	1276	1	19140	46212	1	0	0	957	1276
data\source\npc\quest\w1351_boss_wufangheshang\w1351_boss_wufangheshang_lian_001.mesh	OK	12492	78	132	1	1560	8920	1	0	0	78	132
data\source\npc\quest\w1351_boss_wufangheshang\w1351_boss_wufangheshang_shoutao_001.mesh	OK	11080	59	58	1	1180	8560	1	0	0	59	58
data\source\npc\quest\w1351_boss_wufangheshang\w1351_boss_wufangheshang_yifu_001.mesh	OK	34580	473	520	1	9460	16040	1	0	0	473	520
data\source\npc\quest\w1351_boss_wulaoda\w1351_boss_wulaoda_shoutao_001.mesh	OK	14472	100	112	1	2000	10316	1	0	0	100	112
data\source\npc\quest\w1351_boss_wulaoda\w1351_boss_wulaoda_yifu_001.mesh	OK	80204	1107	1490	1	22140	35556	1	0	0	1107	1490
data\source\npc\quest\w1351_boss_wusong\w1351_boss_wusong_lian_001.mesh	OK	46504	469	640	1	9380	27372	1	0	0	469	640
data\source\npc\quest\w1351_boss_wusong\w1351_boss_wusong_yifu_001.mesh	OK	101632	1364	1776	1	27280	47044	1	0	0	1364	1776
data\source\npc\quest\w1351_boss_wuxuanjiang\w1351_boss_wuxuanjiang_shoutao_001.mesh	OK	53888	737	956	1	14740	24284	1	0	0	737	956
data\source\npc\quest\w1351_boss_wuxuanjiang\w1351_boss_wuxuanjiang_yifu_001.mesh	OK	60112	845	1336	1	16900	24772	1	0	0	845	1336
data\source\npc\quest\w1351_boss_wuxuanjiang\w1351_npc_wuxuanjianglinghun_shoutao.mesh	OK	53888	737	956	1	14740	24284	1	0	0	737	956
data\source\npc\quest\w1351_boss_wuxuanjiang\w1351_npc_wuxuanjianglinghun_yifu.mesh	OK	60112	845	1336	1	16900	24772	1	0	0	845	1336
data\source\npc\quest\w1351_boss_wuyong\w1351_boss_wuyong_shoutao_001.mesh	OK	18732	34	56	1	680	17024	1	0	0	34	56
data\source\npc\quest\w1351_boss_wuyong\w1351_boss_wuyong_yifu_001.mesh	OK	70248	862	1262	1	17240	34808	1	0	0	862	1262
data\source\npc\quest\w1351_boss_xiaoqiao\w1351_boss_xiaoqiao.mesh	OK	225700	3674	5056	2	83592	67396	1	1	0	3674	3444+1612
data\source\npc\quest\w1351_boss_xiaoyangyang\w1351_boss_xiaoyangyang_yifu_001.mesh	OK	26780	299	432	1	5980	14336	1	0	0	299	432
data\source\npc\quest\w1351_boss_xiezi\w1351_boss_xiezi.mesh	OK	63692	880	1280	1	17600	27568	1	0	0	880	1280
data\source\npc\quest\w1351_boss_xinduanyanqing01\w1351_boss_xinduanyanqing01.mesh	OK	101716	1508	1886	1	30160	41860	1	0	0	1508	1886
data\source\npc\quest\w1351_boss_xinyeerniang01\w1351_boss_xinyeerniang01.mesh	OK	101330	1442	1829	1	28840	43928	1	0	0	1442	1829
data\source\npc\quest\w1351_boss_xinyeerniang02\w1351_boss_xinyeerniang02_shoutao_001.mesh	OK	40340	559	960	1	11180	16408	1	0	0	559	960
data\source\npc\quest\w1351_boss_xinyeerniang02\w1351_boss_xinyeerniang02_yifu_001.mesh	OK	103218	1442	1829	1	28840	45816	1	0	0	1442	1829
data\source\npc\quest\w1351_boss_xinyuelaosan01\w1351_boss_xinyuelaosan01.mesh	OK	103120	1564	1862	1	31280	41616	1	0	0	1564	1862
data\source\npc\quest\w1351_boss_xuanjijingang\w1351_boss_xuanjijingang_lian_001.mesh	OK	37820	216	344	1	4320	28560	1	0	0	216	344
data\source\npc\quest\w1351_boss_xuanjijingang\w1351_boss_xuanjijingang_shoutao_001.mesh	OK	27140	36	52	1	720	25392	1	0	0	36	52
data\source\npc\quest\w1351_boss_xuanjijingang\w1351_boss_xuanjijingang_toufa_001.mesh	OK	57984	567	526	1	11340	36400	1	0	0	567	526
data\source\npc\quest\w1351_boss_xuanjijingang\w1351_boss_xuanjijingang_xiezi_001.mesh	OK	30172	95	164	1	1900	25864	1	0	0	95	164
data\source\npc\quest\w1351_boss_xuanjijingang\w1351_boss_xuanjijingang_yifu_001.mesh	OK	78456	846	998	1	16920	45112	1	0	0	846	998
data\source\npc\quest\w1351_boss_xudaoren\w1351_boss_xudaoren_lian_001.mesh	OK	15364	123	188	1	2460	10016	1	0	0	123	188
data\source\npc\quest\w1351_boss_xudaoren\w1351_boss_xudaoren_shoutao_001.mesh	OK	19436	196	248	1	3920	11392	1	0	0	196	248
data\source\npc\quest\w1351_boss_xudaoren\w1351_boss_xudaoren_yifu_001.mesh	OK	24412	269	368	1	5380	13312	1	0	0	269	368
data\source\npc\quest\w1351_boss_yaoxing\w1351_boss_yaoxing_lian_001.mesh	OK	15212	95	160	1	1900	10928	1	0	0	95	160
data\source\npc\quest\w1351_boss_yaoxing\w1351_boss_yaoxing_shoutao_001.mesh	OK	12076	36	52	1	720	10328	1	0	0	36	52
data\source\npc\quest\w1351_boss_yaoxing\w1351_boss_yaoxing_yifu_001.mesh	OK	38020	462	592	1	9240	19400	1	0	0	462	592
data\source\npc\quest\w1351_boss_yeerniang\w1351_boss_yeerniang.mesh	OK	178010	3169	4373	1	63380	50080	1	0	0	3169	4373
data\source\npc\quest\w1351_boss_yeerniang02\w1351_boss_yeerniang02_yifu_001.mesh	OK	212622	3713	5333	2	74260	61520	1	0	0	3713	4373+960
data\source\npc\quest\w1351_boss_yeyanshiren\w1351_boss_yeyanshiren.mesh	OK	46596	613	902	1	12260	21284	1	0	0	613	902
data\source\npc\quest\w1351_boss_yezhuwang\w1351_boss_yezhuwang_lian_001.mesh	OK	17328	8	4	1	160	16764	1	0	0	8	4
data\source\npc\quest\w1351_boss_yezhuwang\w1351_boss_yezhuwang_yifu_001.mesh	OK	60518	716	845	1	14320	32252	1	0	0	716	845
data\source\npc\quest\w1351_boss_yi\w1351_boss_yi_xiezi_001.mesh	OK	185624	2874	3395	1	64270	66212	0	0	29782	2874	3395
data\source\npc\quest\w1351_boss_yi\w1351_boss_yi_yifu_001.mesh	OK	228496	3411	4669	1	77558	81708	0	0	36626	3411	4669
data\source\npc\quest\w1351_boss_youjinshouwei\w1351_boss_youjinshouwei_shoutao_001.mesh	OK	46302	747	523	1	14940	18976	1	0	0	747	523
data\source\npc\quest\w1351_boss_youjinshouwei\w1351_boss_youjinshouwei_yifu_001.mesh	OK	51888	742	882	1	14840	22568	1	0	0	742	882
data\source\npc\quest\w1351_boss_youlingjisi\w1351_boss_youlingjisi_yifu_001.mesh	OK	50276	643	866	1	12860	24220	1	0	0	643	866
data\source\npc\quest\w1351_boss_yuangongzi\w1351_boss_yuangongzi.mesh	OK	49332	725	886	1	14500	20532	1	0	0	725	886
data\source\npc\quest\w1351_boss_yuanguqihun\w1351_boss_yuanguqihun_lian_001.mesh	OK	37140	126	224	1	2520	31480	1	0	0	126	224
data\source\npc\quest\w1351_boss_yuanguqihun\w1351_boss_yuanguqihun_shoutao_001.mesh	OK	32380	42	72	1	840	30320	1	0	0	42	72
data\source\npc\quest\w1351_boss_yuanguqihun\w1351_boss_yuanguqihun_toufa_001.mesh	OK	36516	96	96	1	1920	32584	1	0	0	96	96
data\source\npc\quest\w1351_boss_yuanguqihun\w1351_boss_yuanguqihun_yifu_001.mesh	OK	94492	1172	1292	1	23440	48952	1	0	0	1172	1292
data\source\npc\quest\w1351_boss_yudu\w1351_boss_yudu_lian_001.mesh	OK	25668	186	230	1	3720	18052	1	0	0	186	230
data\source\npc\quest\w1351_boss_yudu\w1351_boss_yudu_shoutao_001.mesh	OK	19356	80	106	1	1600	15876	1	0	0	80	106
data\source\npc\quest\w1351_boss_yudu\w1351_boss_yudu_toufa_001.mesh	OK	20416	92	80	1	1840	16708	1	0	0	92	80
data\source\npc\quest\w1351_boss_yudu\w1351_boss_yudu_xiezi_001.mesh	OK	18784	54	56	1	1080	16436	1	0	0	54	56
data\source\npc\quest\w1351_boss_yudu\w1351_boss_yudu_yifu_001.mesh	OK	42232	467	616	1	9340	23308	1	0	0	467	616
data\source\npc\quest\w1351_boss_yuelaosan\w1351_boss_yuelaosan.mesh	OK	193804	3541	3212	2	70820	60932	1	0	0	3541	2366+846
data\source\npc\quest\w1351_boss_yunjuanshu\w1351_boss_yunjuanshu.mesh	OK	208876	3430	4265	1	77130	64712	0	0	35970	3430	4265
data\source\npc\quest\w1351_boss_yunpiaopiao\w1351_boss_yunpiaopiao_yifu_001.mesh	OK	234704	3878	4621	3	86802	73348	0	0	40266	3878	3829+418+374
data\source\npc\quest\w1351_boss_yunzhonghe\w1351_boss_yunzhonghe_001.mesh	OK	114416	1865	2596	2	42492	33680	1	1	0	1865	1579+1017
data\source\npc\quest\w1351_boss_zeibingtoumu\w1351_boss_zeibingtoumu_shoutao_001.mesh	OK	21764	211	154	1	4220	13804	1	0	0	211	154
data\source\npc\quest\w1351_boss_zeibingtoumu\w1351_boss_zeibingtoumu_xiezi_001.mesh	OK	22464	194	176	1	3880	14916	1	0	0	194	176
data\source\npc\quest\w1351_boss_zeibingtoumu\w1351_boss_zeibingtoumu_yifu_001.mesh	OK	61840	907	792	1	18140	27780	1	0	0	907	792
data\source\npc\quest\w1351_boss_zhangjiao\w1351_boss_zhangjiao_xiezi.mesh	OK	33720	236	256	2	5232	23832	1	1	0	236	160+96
data\source\npc\quest\w1351_boss_zhangjiao\w1351_boss_zhangjiao_yifu.mesh	OK	156164	2400	3071	1	54142	54512	0	0	25342	2400	3071
data\source\npc\quest\w1351_boss_zhenbaolongwang\w1351_boss_zhenbaolongwang_lian_001.mesh	OK	36916	126	224	1	2520	31256	1	0	0	126	224
data\source\npc\quest\w1351_boss_zhenbaolongwang\w1351_boss_zhenbaolongwang_toufa_001.mesh	OK	35116	96	96	1	1920	31184	1	0	0	96	96
data\source\npc\quest\w1351_boss_zhenbaolongwang\w1351_boss_zhenbaolongwang_xiezi_001.mesh	OK	34388	96	84	1	1920	30528	1	0	0	96	84
data\source\npc\quest\w1351_boss_zhenbaolongwang\w1351_boss_zhenbaolongwang_yifu_001.mesh	OK	94268	1172	1292	1	23440	48728	1	0	0	1172	1292
data\source\npc\quest\w1351_boss_zhiliaota\w1351_boss_zhiliaota.mesh	OK	71928	1334	1098	1	26680	22368	1	0	0	1334	1098
data\source\npc\quest\w1351_boss_zhizhuwang\w1351_boss_zhizhuwang.mesh	OK	81616	1059	1518	1	21180	38336	1	0	0	1059	1518
data\source\npc\quest\w1351_boss_zhouyu\w1351_boss_zhouyu_xiezi.mesh	OK	41504	443	438	1	9736	23540	1	1	0	443	438
data\source\npc\quest\w1351_boss_zhouyu\w1351_boss_zhouyu_yifu.mesh	OK	139792	2240	2730	1	50260	45988	1	1	0	2240	2730
data\source\npc\quest\w1351_boss_zhujiang\w1351_boss_zhujiang_yifu_001.mesh	OK	144260	2211	2920	1	44220	55704	1	0	0	2211	2920
data\source\npc\quest\w1351_boss_zhuobufan\w1351_boss_zhuobufan_lian_001.mesh	OK	16952	166	214	1	3320	10072	1	0	0	166	214
data\source\npc\quest\w1351_boss_zhuobufan\w1351_boss_zhuobufan_shoutao_001.mesh	OK	14768	123	138	1	2460	9720	1	0	0	123	138
data\source\npc\quest\w1351_boss_zhuobufan\w1351_boss_zhuobufan_yifu_001.mesh	OK	34240	455	578	1	9100	15928	1	0	0	455	578
data\source\npc\quest\w1351_boss_zhushuai\w1351_boss_zhushuai_yifu_001.mesh	OK	119168	1857	2324	1	37140	45516	1	0	0	1857	2324
data\source\npc\quest\w1351_caiji_fudai\w1351_caiji_fudai.mesh	OK	16212	283	452	1	5660	4160	1	0	0	283	452
data\source\npc\quest\w1351_caiji_sanluobaoxiang\w1351_caiji_sanluobaoxiang.mesh	OK	87114	1832	1919	1	36640	16692	1	0	0	1832	1919
data\source\npc\quest\w1351_chibang_mingyu\w1351_chibang_mingyu.mesh	OK	13032	138	156	1	2760	7396	1	0	0	138	156
data\source\npc\quest\w1351_chibang_xueyu\w1351_chibang_xueyu.mesh	OK	12552	138	156	1	2760	6916	1	0	0	138	156
data\source\npc\quest\w1351_chuan01\w1351_chuan01.mesh	OK	24804	487	366	1	9740	6740	1	0	0	487	366
data\source\npc\quest\w1351_cj_diao\w1351_cj_diao.mesh	OK	1149346	18041	20139	2	360820	450912	1	0	0	18041	10864+9275
data\source\npc\quest\w1351_cj_jt_001\w1351_cj_jt_001.mesh	OK	1912	20	12	1	400	916	1	0	0	20	12
data\source\npc\quest\w1351_denglong01\w1351_denglong01.mesh	OK	75346	1080	609	2	21600	36844	1	0	0	1080	585+24
data\source\npc\quest\w1351_drop_001\w1351_drop_001.mesh	OK	2858	41	57	1	820	920	1	0	0	41	57
data\source\npc\quest\w1351_monster_abixiuluo\w1351_monster_abixiuluo_lian_001.mesh	OK	20808	139	214	1	2780	14792	1	0	0	139	214
data\source\npc\quest\w1351_monster_abixiuluo\w1351_monster_abixiuluo_shoutao_001.mesh	OK	16364	72	72	1	1440	13344	1	0	0	72	72
data\source\npc\quest\w1351_monster_abixiuluo\w1351_monster_abixiuluo_yifu_001.mesh	OK	41404	497	760	1	9940	20656	1	0	0	497	760
data\source\npc\quest\w1351_monster_baidiliugui\w1351_monster_baidiliugui_lian_01.mesh	OK	14900	60	88	1	1200	12168	1	0	0	60	88
data\source\npc\quest\w1351_monster_baidiliugui\w1351_monster_baidiliugui_yifu_01.mesh	OK	40944	545	698	1	10900	19032	1	0	0	545	698
data\source\npc\quest\w1351_monster_baiehu\w1351_monster_baiehu_yifu_001.mesh	OK	35844	477	596	1	9540	16720	1	0	0	477	596
data\source\npc\quest\w1351_monster_baihu\w1351_monster_baihu_xiezi_001.mesh	OK	9528	98	82	1	1960	5616	1	0	0	98	82
data\source\npc\quest\w1351_monster_baihu\w1351_monster_baihu_yifu_001.mesh	OK	68638	1297	1615	1	25940	17160	1	0	0	1297	1615
data\source\npc\quest\w1351_monster_baihuojisi\w1351_monster_baihuojisi_lian_001.mesh	OK	25616	326	398	1	6520	12512	1	0	0	326	398
data\source\npc\quest\w1351_monster_baihuojisi\w1351_monster_baihuojisi_yifu_001.mesh	OK	43284	548	728	1	10960	21096	1	0	0	548	728
data\source\npc\quest\w1351_monster_baihuoshizhe\w1351_monster_baihuoshizhe_shoutao_001.mesh	OK	15348	126	160	1	2520	10072	1	0	0	126	160
data\source\npc\quest\w1351_monster_baihuoshizhe\w1351_monster_baihuoshizhe_yifu_001.mesh	OK	45340	571	800	1	11420	21984	1	0	0	571	800
data\source\npc\quest\w1351_monster_baimaocaoren\w1351_monster_baimaocaoren_lian_001.mesh	OK	11248	82	88	1	1640	7812	1	0	0	82	88
data\source\npc\quest\w1351_monster_baimaocaoren\w1351_monster_baimaocaoren_yifu_001.mesh	OK	21252	261	338	1	5220	10588	1	0	0	261	338
data\source\npc\quest\w1351_monster_baiqizi\w1351_monster_baiqizi.mesh	OK	24812	453	476	1	10012	6224	1	1	0	453	476
data\source\npc\quest\w1351_monster_balunmanggai\w1351_monster_balunmanggai_lian_001.mesh	OK	15348	54	88	1	1080	12808	1	0	0	54	88
data\source\npc\quest\w1351_monster_balunmanggai\w1351_monster_balunmanggai_yifu_001.mesh	OK	36640	441	566	1	8820	18848	1	0	0	441	566
data\source\npc\quest\w1351_monster_baozhaxianjing\w1351_monster_baozhaxianjing.mesh	OK	72020	1390	1700	1	27800	17056	1	0	0	1390	1700
data\source\npc\quest\w1351_monster_beifangdaozei\w1351_monster_beifangdaozei_lian_001.mesh	OK	14832	131	186	1	2620	9240	1	0	0	131	186
data\source\npc\quest\w1351_monster_beifangdaozei\w1351_monster_beifangdaozei_shoutao_001.mesh	OK	10858	53	61	1	1060	8512	1	0	0	53	61
data\source\npc\quest\w1351_monster_beifangdaozei\w1351_monster_beifangdaozei_yifu_001.mesh	OK	30416	376	502	1	7520	15088	1	0	0	376	502
data\source\npc\quest\w1351_monster_beifangqiangdao\w1351_monster_beifangqiangdao_lian_001.mesh	OK	14832	131	186	1	2620	9240	1	0	0	131	186
data\source\npc\quest\w1351_monster_beifangqiangdao\w1351_monster_beifangqiangdao_shoutao_001.mesh	OK	10858	53	61	1	1060	8512	1	0	0	53	61
data\source\npc\quest\w1351_monster_beifangqiangdao\w1351_monster_beifangqiangdao_yifu_001.mesh	OK	30416	376	502	1	7520	15088	1	0	0	376	502
data\source\npc\quest\w1351_monster_bilinjiangshi\w1351_monster_bilinjiangshi.mesh	OK	41820	639	676	5	12780	17016	1	0	0	639	636+8+8+16+8
data\source\npc\quest\w1351_monster_bingfengkuilei\w1351_monster_bingfengkuilei_toufa_001.mesh	OK	9172	9	8	1	180	8552	1	0	0	9	8
data\source\npc\quest\w1351_monster_bingfengkuilei\w1351_monster_bingfengkuilei_xiezi_001.mesh	OK	17476	166	124	1	3320	11136	1	0	0	166	124
data\source\npc\quest\w1351_monster_bingfengkuilei\w1351_monster_bingfengkuilei_yifu_001.mesh	OK	49824	777	706	1	15540	20440	1	0	0	777	706
data\source\npc\quest\w1351_monster_boerlun\w1351_monster_boerlun_toufa_001.mesh	OK	12092	101	148	1	2316	7392	1	1	0	101	148
data\source\npc\quest\w1351_monster_boerlun\w1351_monster_boerlun_yifu_001.mesh	OK	30036	361	500	1	8220	14200	1	1	0	361	500
data\source\npc\quest\w1351_monster_boma\w1351_monster_boma_yifu_001.mesh	OK	40884	545	594	1	10900	19596	1	0	0	545	594
data\source\npc\quest\w1351_monster_boyan\w1351_monster_boyan_lian_001.mesh	OK	13400	117	162	1	2664	8076	1	1	0	117	162
data\source\npc\quest\w1351_monster_boyan\w1351_monster_boyan_yifu_001.mesh	OK	35880	492	639	1	11118	14740	0	0	5214	492	639
data\source\npc\quest\w1351_monster_caiyunxian\w1351_monster_caiyunxian.mesh	OK	47704	641	886	1	12820	21592	1	0	0	641	886
data\source\npc\quest\w1351_monster_caiyunxianf\w1351_monster_caiyunxianf.mesh	OK	47736	641	886	1	12820	21624	1	0	0	641	886
data\source\npc\quest\w1351_monster_canpobingyong\w1351_monster_canpobingyong_lian_001.mesh	OK	13520	96	138	1	1920	9336	1	0	0	96	138
data\source\npc\quest\w1351_monster_canpobingyong\w1351_monster_canpobingyong_shoutao_001.mesh	OK	10812	59	56	1	1180	8304	1	0	0	59	56
data\source\npc\quest\w1351_monster_canpobingyong\w1351_monster_canpobingyong_yifu_001.mesh	OK	26908	348	424	1	6960	12944	1	0	0	348	424
data\source\npc\quest\w1351_monster_chanchuguai\w1351_monster_chanchuguai.mesh	OK	48120	607	926	1	12140	22856	1	0	0	607	926
data\source\npc\quest\w1351_monster_changguiyun\w1351_monster_changguiyun_lian_001.mesh	OK	13528	92	150	1	1840	9400	1	0	0	92	150
data\source\npc\quest\w1351_monster_changguiyun\w1351_monster_changguiyun_shoutao_001.mesh	OK	13028	98	144	1	1960	8744	1	0	0	98	144
data\source\npc\quest\w1351_monster_changguiyun\w1351_monster_changguiyun_yifu_001.mesh	OK	35226	444	589	1	8880	17200	1	0	0	444	589
data\source\npc\quest\w1351_monster_changmaoxueguai\w1351_monster_changmaoxueguai_lian_001.mesh	OK	15620	144	194	1	2880	9564	1	0	0	144	194
data\source\npc\quest\w1351_monster_changmaoxueguai\w1351_monster_changmaoxueguai_yifu_001.mesh	OK	24264	297	424	1	5940	11932	1	0	0	297	424
data\source\npc\quest\w1351_monster_chijiaoyeren\w1351_monster_chijiaoyeren_lian_01.mesh	OK	16704	163	188	1	3260	10076	1	0	0	163	188
data\source\npc\quest\w1351_monster_chijiaoyeren\w1351_monster_chijiaoyeren_yifu_01.mesh	OK	30132	369	518	1	7380	14932	1	0	0	369	518
data\source\npc\quest\w1351_monster_conglinyeren\w1351_monster_conglinyeren_lian_001.mesh	OK	16704	163	188	1	3260	10076	1	0	0	163	188
data\source\npc\quest\w1351_monster_conglinyeren\w1351_monster_conglinyeren_yifu_001.mesh	OK	30132	369	518	1	7380	14932	1	0	0	369	518
data\source\npc\quest\w1351_monster_dacaoguliaobing\w1351_monster_dacaoguliaobing_lian_001.mesh	OK	13932	108	164	1	2160	9208	1	0	0	108	164
data\source\npc\quest\w1351_monster_dacaoguliaobing\w1351_monster_dacaoguliaobing_shoutao_001.mesh	OK	10602	53	61	1	1060	8256	1	0	0	53	61
data\source\npc\quest\w1351_monster_dacaoguliaobing\w1351_monster_dacaoguliaobing_yifu_001.mesh	OK	26972	346	488	1	6920	12688	1	0	0	346	488
data\source\npc\quest\w1351_monster_dacaogusongbing\w1351_monster_dacaogusongbing_lian_001.mesh	OK	17662	165	239	1	3300	10664	1	0	0	165	239
data\source\npc\quest\w1351_monster_dacaogusongbing\w1351_monster_dacaogusongbing_yifu_001.mesh	OK	36932	487	648	1	9740	17176	1	0	0	487	648
data\source\npc\quest\w1351_monster_daheixiong\w1351_monster_daheixiong.mesh	OK	33352	443	602	1	8860	15280	1	0	0	443	602
data\source\npc\quest\w1351_monster_daomuzei\w1351_monster_daomuzei.mesh	OK	57012	786	996	1	15720	25600	1	0	0	786	996
data\source\npc\quest\w1351_monster_dawanma\w1351_monster_dawanma.mesh	OK	39880	492	622	1	9840	20120	1	0	0	492	622
data\source\npc\quest\w1351_monster_digonggongjiang\w1351_monster_digonggongjiang_lian_001.mesh	OK	18432	222	256	1	4440	9508	1	0	0	222	256
data\source\npc\quest\w1351_monster_digonggongjiang\w1351_monster_digonggongjiang_shoutao_001.mesh	OK	10836	59	50	1	1180	8364	1	0	0	59	50
data\source\npc\quest\w1351_monster_digonggongjiang\w1351_monster_digonggongjiang_yifu_001.mesh	OK	34968	469	588	1	9380	16148	1	0	0	469	588
data\source\npc\quest\w1351_monster_digongyouling\w1351_monster_digongyouling_shoutao_001.mesh	OK	21420	102	156	1	2040	16936	1	0	0	102	156
data\source\npc\quest\w1351_monster_digongyouling\w1351_monster_digongyouling_yifu_001.mesh	OK	87584	1259	1260	6	25180	39432	1	0	0	1259	1154+46+22+8+22+8
data\source\npc\quest\w1351_monster_dongbeihu\w1351_monster_dongbeihu.mesh	OK	35844	477	596	1	9540	16720	1	0	0	477	596
data\source\npc\quest\w1351_monster_duanqiaohuayao\w1351_monster_duanqiaohuayao01_lian_01.mesh	OK	24196	159	190	1	3180	17684	1	0	0	159	190
data\source\npc\quest\w1351_monster_duanqiaohuayao\w1351_monster_duanqiaohuayao01_yifu_01.mesh	OK	46188	565	666	1	11300	23828	1	0	0	565	666
data\source\npc\quest\w1351_monster_duanqiaohuayao\w1351_monster_duanqiaohuayao02_lian_01.mesh	OK	24196	159	190	1	3180	17684	1	0	0	159	190
data\source\npc\quest\w1351_monster_duanqiaohuayao\w1351_monster_duanqiaohuayao02_yifu_01.mesh	OK	46188	565	666	1	11300	23828	1	0	0	565	666
data\source\npc\quest\w1351_monster_duanqiaohuayao\w1351_monster_duanqiaohuayao_lian_01.mesh	OK	24196	159	190	1	3180	17684	1	0	0	159	190
data\source\npc\quest\w1351_monster_duanqiaohuayao\w1351_monster_duanqiaohuayao_yifu_01.mesh	OK	46188	565	666	1	11300	23828	1	0	0	565	666
data\source\npc\quest\w1351_monster_dujiangshi\w1351_monster_dujiangshi.mesh	OK	130192	2078	2944	1	41560	45748	1	0	0	2078	2944
data\source\npc\quest\w1351_monster_exiuluo\w1351_monster_exiuluo_lian_001.mesh	OK	20808	139	214	1	2780	14792	1	0	0	139	214
data\source\npc\quest\w1351_monster_exiuluo\w1351_monster_exiuluo_shoutao_001.mesh	OK	16364	72	72	1	1440	13344	1	0	0	72	72
data\source\npc\quest\w1351_monster_exiuluo\w1351_monster_exiuluo_yifu_001.mesh	OK	41404	497	760	1	9940	20656	1	0	0	497	760
data\source\npc\quest\w1351_monster_eyubangdashou\w1351_monster_eyubangdashou_lian_001.mesh	OK	31812	403	556	1	8060	15296	1	0	0	403	556
data\source\npc\quest\w1351_monster_eyubangdashou\w1351_monster_eyubangdashou_shoutao_001.mesh	OK	22260	254	280	1	5080	12168	1	0	0	254	280
data\source\npc\quest\w1351_monster_eyubangdashou\w1351_monster_eyubangdashou_yifu_001.mesh	OK	31160	395	516	3	7900	15132	1	0	0	395	450+54+12
data\source\npc\quest\w1351_monster_eyubanghunhun\w1351_monster_eyubanghunhun_shoutao_001.mesh	OK	20080	202	226	1	4040	11976	1	0	0	202	226
data\source\npc\quest\w1351_monster_eyubanghunhun\w1351_monster_eyubanghunhun_yifu_001.mesh	OK	29812	361	516	1	7220	14880	1	0	0	361	516
data\source\npc\quest\w1351_monster_eyubangshashou\w1351_monster_eyubangshashou_shoutao_001.mesh	OK	16004	142	152	1	2840	10264	1	0	0	142	152
data\source\npc\quest\w1351_monster_eyubangshashou\w1351_monster_eyubangshashou_yifu_001.mesh	OK	33492	430	592	1	8600	15896	1	0	0	430	592
data\source\npc\quest\w1351_monster_eyubangtangzhu\w1351_monster_eyubangtangzhu_lian_001.mesh	OK	32316	409	564	1	8180	15560	1	0	0	409	564
data\source\npc\quest\w1351_monster_eyubangtangzhu\w1351_monster_eyubangtangzhu_yifu_001.mesh	OK	18552	163	246	1	3260	11576	1	0	0	163	246
data\source\npc\quest\w1351_monster_fangyuta1\w1351_monster_fangyuta1_yifu_001.mesh	OK	91472	1355	1256	1	27100	40292	1	0	0	1355	1256
data\source\npc\quest\w1351_monster_fangyuta2\w1351_monster_fangyuta2_yifu_001.mesh	OK	120388	2205	2004	1	44100	37520	1	0	0	2205	2004
data\source\npc\quest\w1351_monster_feixukongxie\w1351_monster_feixukongxie.mesh	OK	63788	880	1280	1	17600	27664	1	0	0	880	1280
data\source\npc\quest\w1351_monster_fenglang\w1351_monster_fenglang_yifu_01.mesh	OK	41572	552	628	1	11040	19856	1	0	0	552	628
data\source\npc\quest\w1351_monster_fenglang\w1351_monster_shapolang.mesh	OK	41572	552	628	1	11040	19856	1	0	0	552	628
data\source\npc\quest\w1351_monster_fodengjiguan\w1351_monster_fodengjiguan.mesh	OK	14332	270	384	1	5400	3104	1	0	0	270	384
data\source\npc\quest\w1351_monster_gaobaodan\w1351_monster_gaobaodan_yifu_001.mesh	OK	10572	162	268	1	3240	3496	1	0	0	162	268
data\source\npc\quest\w1351_monster_goujiangshi\w1351_monster_goujiangshi_yifu_001.mesh	OK	82660	1009	1098	1	20180	43500	1	0	0	1009	1098
data\source\npc\quest\w1351_monster_goutoujunshi\w1351_monster_goutoujunshi_lian_001.mesh	OK	18292	125	156	1	2500	13072	1	0	0	125	156
data\source\npc\quest\w1351_monster_goutoujunshi\w1351_monster_goutoujunshi_shoutao_001.mesh	OK	15064	77	82	1	1540	11824	1	0	0	77	82
data\source\npc\quest\w1351_monster_goutoujunshi\w1351_monster_goutoujunshi_yifu_001.mesh	OK	31492	369	416	1	7380	16904	1	0	0	369	416
data\source\npc\quest\w1351_monster_guducheng\w1351_monster_guducheng_shoutao_001.mesh	OK	9612	28	20	1	560	8312	1	0	0	28	20
data\source\npc\quest\w1351_monster_guducheng\w1351_monster_guducheng_toufa_001.mesh	OK	12804	87	148	1	1740	8848	1	0	0	87	148
data\source\npc\quest\w1351_monster_guducheng\w1351_monster_guducheng_yifu_001.mesh	OK	33684	409	536	1	8180	17096	1	0	0	409	536
data\source\npc\quest\w1351_monster_guducheng\w1351_npc_attack_xiaozei_c.mesh	OK	9612	28	20	1	560	8312	1	0	0	28	20
data\source\npc\quest\w1351_monster_guifengjianpo\w1351_monster_guifengjianpo_lian_001.mesh	OK	14796	106	148	1	2120	10232	1	0	0	106	148
data\source\npc\quest\w1351_monster_guifengjianpo\w1351_monster_guifengjianpo_shoutao_001.mesh	OK	13384	84	102	1	1680	9800	1	0	0	84	102
data\source\npc\quest\w1351_monster_guifengjianpo\w1351_monster_guifengjianpo_yifu_001.mesh	OK	41672	540	650	1	10800	20208	1	0	0	540	650
data\source\npc\quest\w1351_monster_guifengzhuangke\w1351_monster_guifengzhuangke_lian_001.mesh	OK	11740	62	108	1	1240	8824	1	0	0	62	108
data\source\npc\quest\w1351_monster_guifengzhuangke\w1351_monster_guifengzhuangke_shoutao_001.mesh	OK	10852	57	76	1	1140	8288	1	0	0	57	76
data\source\npc\quest\w1351_monster_guifengzhuangke\w1351_monster_guifengzhuangke_yifu_001.mesh	OK	36224	462	590	1	9240	17616	1	0	0	462	590
data\source\npc\quest\w1351_monster_guihun\w1351_monster_guihun_yifu_001.mesh	OK	63820	800	800	1	16000	33136	1	0	0	800	800
data\source\npc\quest\w1351_monster_heimiaozhanshi\w1351_monster_heimiaozhanshi_lian_001.mesh	OK	12612	85	124	1	1700	8864	1	0	0	85	124
data\source\npc\quest\w1351_monster_heimiaozhanshi\w1351_monster_heimiaozhanshi_shoutao_001.mesh	OK	10336	41	38	1	820	8512	1	0	0	41	38
data\source\npc\quest\w1351_monster_heimiaozhanshi\w1351_monster_heimiaozhanshi_yifu_001.mesh	OK	34292	411	524	1	8220	17712	1	0	0	411	524
data\source\npc\quest\w1351_monster_heimoguai01\w1351_monster_heimoguai01.mesh	OK	80304	1118	1920	2	26200	28880	1	1	0	1118	960+960
data\source\npc\quest\w1351_monster_heiqizi\w1351_monster_heiqizi.mesh	OK	24732	451	476	1	9972	6208	1	1	0	451	476
data\source\npc\quest\w1351_monster_heixiong\w1351_monster_heixiong.mesh	OK	36444	500	632	1	10000	16368	1	0	0	500	632
data\source\npc\quest\w1351_monster_heiyimafei\w1351_monster_heiyimafei_lian_001.mesh	OK	24284	114	158	1	2280	19404	1	0	0	114	158
data\source\npc\quest\w1351_monster_heiyimafei\w1351_monster_heiyimafei_xiezi_001.mesh	OK	41844	393	554	1	7860	25660	1	0	0	393	554
data\source\npc\quest\w1351_monster_heiyimafei\w1351_monster_heiyimafei_yifu_001.mesh	OK	42814	427	529	1	8540	25692	1	0	0	427	529
data\source\npc\quest\w1351_monster_heiyuan\w1351_monster_heiyuan.mesh	OK	49084	725	886	1	14500	20284	1	0	0	725	886
data\source\npc\quest\w1351_monster_heizhaobao\w1351_monster_heizhaobao.mesh	OK	39588	467	592	1	9340	20808	1	0	0	467	592
data\source\npc\quest\w1351_monster_hongfengxiong\w1351_monster_hongfengxiong.mesh	OK	33544	443	602	1	8860	15472	1	0	0	443	602
data\source\npc\quest\w1351_monster_hongtiezhua\w1351_monster_hongtiezhua.mesh	OK	32836	430	588	1	8600	15264	1	0	0	430	588
data\source\npc\quest\w1351_monster_hongyimafei\w1351_monster_hongyimafei_lian_001.mesh	OK	24284	114	158	1	2280	19404	1	0	0	114	158
data\source\npc\quest\w1351_monster_hongyimafei\w1351_monster_hongyimafei_xiezi_001.mesh	OK	41844	393	554	1	7860	25660	1	0	0	393	554
data\source\npc\quest\w1351_monster_hongyimafei\w1351_monster_hongyimafei_yifu_001.mesh	OK	42814	427	529	1	8540	25692	1	0	0	427	529
data\source\npc\quest\w1351_monster_huabanbao\w1351_monster_huabanbao_yifu_001.mesh	OK	39588	467	592	1	9340	20808	1	0	0	467	592
data\source\npc\quest\w1351_monster_huabanbao\w1351_monster_huangyuanbao.mesh	OK	39588	467	592	1	9340	20808	1	0	0	467	592
data\source\npc\quest\w1351_monster_huabanbao\w1351_monster_longquanbao.mesh	OK	39588	467	592	1	9340	20808	1	0	0	467	592
data\source\npc\quest\w1351_monster_huagangdufeng\w1351_monster_huagangdufeng_toufa_01.mesh	OK	9664	40	30	1	800	7920	1	0	0	40	30
data\source\npc\quest\w1351_monster_huagangdufeng\w1351_monster_huagangdufeng_yifu_01.mesh	OK	19916	230	272	1	4600	10640	1	0	0	230	272
data\source\npc\quest\w1351_monster_huagangshishi\w1351_monster_huagangshishi.mesh	OK	30956	393	554	1	7860	14772	1	0	0	393	554
data\source\npc\quest\w1351_monster_huagangshishi\w1351_monster_huosuanni.mesh	OK	30956	393	554	1	7860	14772	1	0	0	393	554
data\source\npc\quest\w1351_monster_huajiuheshang\w1351_monster_huajiuheshang.mesh	OK	39860	592	742	1	11840	16180	1	0	0	592	742
data\source\npc\quest\w1351_monster_huangjinqizi\w1351_monster_huangjinqizi.mesh	OK	22476	432	476	1	8640	5512	1	0	0	432	476
data\source\npc\quest\w1351_monster_huangyuanxie\w1351_monster_huangyuanxie.mesh	OK	63788	880	1280	1	17600	27664	1	0	0	880	1280
data\source\npc\quest\w1351_monster_huixiong\w1351_monster_huixiong_yifu_01.mesh	OK	33544	443	602	1	8860	15472	1	0	0	443	602
data\source\npc\quest\w1351_monster_huixiong\w1351_monster_yanhuxiong_yifu_01.mesh	OK	33544	443	602	1	8860	15472	1	0	0	443	602
data\source\npc\quest\w1351_monster_huixiong\w1351_monster_zongxiong_yifu_01.mesh	OK	33544	443	602	1	8860	15472	1	0	0	443	602
data\source\npc\quest\w1351_monster_huiyinfan\w1351_monster_huiyinfan.mesh	OK	29604	493	426	1	10712	10136	1	1	0	493	426
data\source\npc\quest\w1351_monster_huiyinfan001\w1351_monster_huiyinfan001.mesh	OK	132516	1972	1704	4	42848	55484	1	1	0	1972	426+426+426+426
data\source\npc\quest\w1351_monster_huojingling\w1351_monster_huojingling_lian_001.mesh	OK	17464	144	260	1	2880	11012	1	0	0	144	260
data\source\npc\quest\w1351_monster_huojingling\w1351_monster_huojingling_yifu_001.mesh	OK	39684	546	714	1	10920	17644	1	0	0	546	714
data\source\npc\quest\w1351_monster_huoyanwushi\w1351_monster_huoyanwushi_lian_001.mesh	OK	11552	66	122	1	1320	8424	1	0	0	66	122
data\source\npc\quest\w1351_monster_huoyanwushi\w1351_monster_huoyanwushi_yifu_001.mesh	OK	52388	779	1012	1	15580	21104	1	0	0	779	1012
data\source\npc\quest\w1351_monster_hyipintangwushi\w1351_monster_hyipintangwushi_lian_001.mesh	OK	18504	146	180	1	2920	12468	1	0	0	146	180
data\source\npc\quest\w1351_monster_hyipintangwushi\w1351_monster_hyipintangwushi_shoutao_001.mesh	OK	20944	224	256	1	4480	11956	1	0	0	224	256
data\source\npc\quest\w1351_monster_hyipintangwushi\w1351_monster_hyipintangwushi_yifu_001.mesh	OK	35784	439	504	1	8780	18428	1	0	0	439	504
data\source\npc\quest\w1351_monster_jiansuxianjing\w1351_monster_jiansuxianjing.mesh	OK	26788	529	808	1	10580	4728	1	0	0	529	808
data\source\npc\quest\w1351_monster_jiguanshiren\w1351_monster_jiguanshiren_shoutao_001.mesh	OK	50460	575	746	1	11500	27300	1	0	0	575	746
data\source\npc\quest\w1351_monster_jiguanshiren\w1351_monster_jiguanshiren_yifu_001.mesh	OK	39956	381	642	1	7620	23628	1	0	0	381	642
data\source\npc\quest\w1351_monster_jinbaoxiang\w1351_monster_jinbaoxiang.mesh	OK	34708	720	576	1	15552	6776	1	1	0	720	576
data\source\npc\quest\w1351_monster_jinqianbao\w1351_monster_jinqianbao.mesh	OK	39588	467	592	1	9340	20808	1	0	0	467	592
data\source\npc\quest\w1351_monster_jintongzi\w1351_monster_jintongzi.mesh	OK	83368	1123	1334	1	22460	39144	1	0	0	1123	1334
data\source\npc\quest\w1351_monster_jinyiqigai\w1351_monster_jinyiqigai.mesh	OK	66010	1019	1151	1	20380	26212	1	0	0	1019	1151
data\source\npc\quest\w1351_monster_juduxianjing\w1351_monster_juduxianjing.mesh	OK	28836	529	808	1	10580	6776	1	0	0	529	808
data\source\npc\quest\w1351_monster_juxie\w1351_monster_juxie.mesh	OK	63788	880	1280	1	17600	27664	1	0	0	880	1280
data\source\npc\quest\w1351_monster_kaimingshou\w1351_monster_kaimingshou.mesh	OK	89412	1046	1290	1	20920	47916	1	0	0	1046	1290
data\source\npc\quest\w1351_monster_kuloubing\w1351_monster_kuloubing_shoutao_001.mesh	OK	15330	128	133	1	2560	10152	1	0	0	128	133
data\source\npc\quest\w1351_monster_kuloubing\w1351_monster_kuloubing_yifu_001.mesh	OK	72268	1051	1524	1	21020	29208	1	0	0	1051	1524
data\source\npc\quest\w1351_monster_langzhujingjishi\w1351_monster_langzhujingjishi01_shoutao_01.mesh	OK	11100	52	64	1	1040	8768	1	0	0	52	64
data\source\npc\quest\w1351_monster_langzhujingjishi\w1351_monster_langzhujingjishi01_xiezi_01.mesh	OK	25328	301	366	1	6020	13216	1	0	0	301	366
data\source\npc\quest\w1351_monster_langzhujingjishi\w1351_monster_langzhujingjishi01_yifu_01.mesh	OK	23912	275	386	1	5500	12512	1	0	0	275	386
data\source\npc\quest\w1351_monster_langzhujingjishi\w1351_monster_langzhujingjishi_shoutao_01.mesh	OK	11100	52	64	1	1040	8768	1	0	0	52	64
data\source\npc\quest\w1351_monster_langzhujingjishi\w1351_monster_langzhujingjishi_xiezi_01.mesh	OK	25328	301	366	1	6020	13216	1	0	0	301	366
data\source\npc\quest\w1351_monster_langzhujingjishi\w1351_monster_langzhujingjishi_yifu_01.mesh	OK	23912	275	386	1	5500	12512	1	0	0	275	386
data\source\npc\quest\w1351_monster_langzhushenhan\w1351_monster_langzhushenhan_lian_001.mesh	OK	23148	192	242	1	3840	15268	1	0	0	192	242
data\source\npc\quest\w1351_monster_langzhushenhan\w1351_monster_langzhushenhan_toufa_001.mesh	OK	22316	170	202	1	3400	15380	1	0	0	170	202
data\source\npc\quest\w1351_monster_langzhushenhan\w1351_monster_langzhushenhan_yifu_001.mesh	OK	38732	477	586	1	9540	19668	1	0	0	477	586
data\source\npc\quest\w1351_monster_langzhutusi\w1351_monster_langzhutus_yifu_001.mesh	OK	38708	477	586	1	9540	19644	1	0	0	477	586
data\source\npc\quest\w1351_monster_langzhutusi\w1351_monster_langzhutusi_lian_001.mesh	OK	23196	192	242	1	3840	15316	1	0	0	192	242
data\source\npc\quest\w1351_monster_langzhutusi\w1351_monster_langzhutusi_toufa_001.mesh	OK	22814	188	225	1	3760	15164	1	0	0	188	225
data\source\npc\quest\w1351_monster_langzhuyongshi\w1351_monster_langzhuyongshi_lian_001.mesh	OK	23204	192	242	1	3840	15324	1	0	0	192	242
data\source\npc\quest\w1351_monster_langzhuyongshi\w1351_monster_langzhuyongshi_toufa_001.mesh	OK	32158	383	373	1	7660	17380	1	0	0	383	373
data\source\npc\quest\w1351_monster_langzhuyongshi\w1351_monster_langzhuyongshi_yifu_001.mesh	OK	40492	517	582	1	10340	20172	1	0	0	517	582
data\source\npc\quest\w1351_monster_langzhuzhanshi\w1351_monster_langzhuzhanshi_lian_01.mesh	OK	23204	192	242	1	3840	15324	1	0	0	192	242
data\source\npc\quest\w1351_monster_langzhuzhanshi\w1351_monster_langzhuzhanshi_xiezi_01.mesh	OK	14944	32	40	1	640	13396	1	0	0	32	40
data\source\npc\quest\w1351_monster_langzhuzhanshi\w1351_monster_langzhuzhanshi_yifu_01.mesh	OK	40660	519	582	1	10380	20276	1	0	0	519	582
data\source\npc\quest\w1351_monster_lanlushuigui\w1351_monster_lanlushuigui_lian_01.mesh	OK	13952	109	160	1	2180	9220	1	0	0	109	160
data\source\npc\quest\w1351_monster_lanlushuigui\w1351_monster_lanlushuigui_shoutao_01.mesh	OK	12836	96	82	1	1920	8988	1	0	0	96	82
data\source\npc\quest\w1351_monster_lanlushuigui\w1351_monster_lanlushuigui_yifu_01.mesh	OK	26948	337	438	1	6740	13252	1	0	0	337	438
data\source\npc\quest\w1351_monster_liaoguozhanshi\w1351_monster_liaoguozhanshi_lian_001.mesh	OK	14832	131	186	1	2620	9240	1	0	0	131	186
data\source\npc\quest\w1351_monster_liaoguozhanshi\w1351_monster_liaoguozhanshi_shoutao_001.mesh	OK	10858	53	61	1	1060	8512	1	0	0	53	61
data\source\npc\quest\w1351_monster_liaoguozhanshi\w1351_monster_liaoguozhanshi_yifu_001.mesh	OK	30416	376	502	1	7520	15088	1	0	0	376	502
data\source\npc\quest\w1351_monster_liaoyaxueren\w1351_monster_liaoyaxueren_lian_001.mesh	OK	15880	144	194	1	2880	9824	1	0	0	144	194
data\source\npc\quest\w1351_monster_liaoyaxueren\w1351_monster_liaoyaxueren_yifu_001.mesh	OK	24524	297	424	1	5940	12192	1	0	0	297	424
data\source\npc\quest\w1351_monster_lichonggui\w1351_monster_lichonggui_lian_001.mesh	OK	15388	114	148	1	2280	10568	1	0	0	114	148
data\source\npc\quest\w1351_monster_lichonggui\w1351_monster_lichonggui_shoutao_001.mesh	OK	15132	122	204	1	2440	9720	1	0	0	122	204
data\source\npc\quest\w1351_monster_lichonggui\w1351_monster_lichonggui_yifu_001.mesh	OK	31648	383	434	1	7660	16504	1	0	0	383	434
data\source\npc\quest\w1351_monster_linghe\w1351_monster_linghe.mesh	OK	31536	338	364	1	6760	18252	1	0	0	338	364
data\source\npc\quest\w1351_monster_lingjianshi\w1351_monster_lingjianshi.mesh	OK	58972	801	1044	1	16020	26792	1	0	0	801	1044
data\source\npc\quest\w1351_monster_longjingshuizei\w1351_monster_longjingshuizei_lian_01.mesh	OK	13952	109	160	1	2180	9220	1	0	0	109	160
data\source\npc\quest\w1351_monster_longjingshuizei\w1351_monster_longjingshuizei_shoutao_01.mesh	OK	12836	96	82	1	1920	8988	1	0	0	96	82
data\source\npc\quest\w1351_monster_longjingshuizei\w1351_monster_longjingshuizei_yifu_01.mesh	OK	26948	337	438	1	6740	13252	1	0	0	337	438
data\source\npc\quest\w1351_monster_luofengxian\w1351_monster_luofengxian_lian_001.mesh	OK	15372	137	156	1	2740	9768	1	0	0	137	156
data\source\npc\quest\w1351_monster_luofengxian\w1351_monster_luofengxian_shoutao_001.mesh	OK	10238	44	43	1	880	8288	1	0	0	44	43
data\source\npc\quest\w1351_monster_luofengxian\w1351_monster_luofengxian_yifu_001.mesh	OK	27972	369	416	1	7380	13384	1	0	0	369	416
data\source\npc\quest\w1351_monster_machangshouwei\w1351_monster_machangshouwei_shoutao_01.mesh	OK	18332	216	219	1	4758	9384	0	0	2166	216	219
data\source\npc\quest\w1351_monster_machangshouwei\w1351_monster_machangshouwei_yifu_01.mesh	OK	57052	931	1164	1	20948	17664	1	1	0	931	1164
data\source\npc\quest\w1351_monster_manggai01\w1351_monster_manggai01_lian_001.mesh	OK	15220	54	88	1	1080	12680	1	0	0	54	88
data\source\npc\quest\w1351_monster_manggai01\w1351_monster_manggai01_yifu_001.mesh	OK	36512	441	566	1	8820	18720	1	0	0	441	566
data\source\npc\quest\w1351_monster_manggai01\w1351_monster_manggai02_lian_001.mesh	OK	15220	54	88	1	1080	12680	1	0	0	54	88
data\source\npc\quest\w1351_monster_manggai01\w1351_monster_manggai02_yifu_001.mesh	OK	36512	441	566	1	8820	18720	1	0	0	441	566
data\source\npc\quest\w1351_monster_manggai03\w1351_monster_manggai03_lian_001.mesh	OK	15220	54	88	1	1080	12680	1	0	0	54	88
data\source\npc\quest\w1351_monster_manggai03\w1351_monster_manggai03_yifu_001.mesh	OK	36512	441	566	1	8820	18720	1	0	0	441	566
data\source\npc\quest\w1351_monster_manggai04\w1351_monster_manggai04_lian_001.mesh	OK	15220	54	88	1	1080	12680	1	0	0	54	88
data\source\npc\quest\w1351_monster_manggai04\w1351_monster_manggai04_yifu_001.mesh	OK	36512	441	566	1	8820	18720	1	0	0	441	566
data\source\npc\quest\w1351_monster_mantianxing001\w1351_monster_mantianxing001.mesh	OK	9404	98	192	1	1960	4832	1	0	0	98	192
data\source\npc\quest\w1351_monster_maobi\w1351_monster_maobi.mesh	OK	9268	141	168	1	3156	3128	1	1	0	141	168
data\source\npc\quest\w1351_monster_mengmianeseng\w1351_monster_mengmianeseng.mesh	OK	61868	907	1412	1	18140	24088	1	0	0	907	1412
data\source\npc\quest\w1351_monster_minmo\w1351_monster_minmo_shoutao_001.mesh	OK	24716	219	224	1	4828	15632	1	1	0	219	224
data\source\npc\quest\w1351_monster_minmo\w1351_monster_minmo_yifu_001.mesh	OK	98708	1625	1853	1	36206	31600	0	0	16706	1625	1853
data\source\npc\quest\w1351_monster_mohu\w1351_monster_mohu.mesh	OK	50476	692	790	1	15420	21728	1	1	0	692	790
data\source\npc\quest\w1351_monster_mojinxiaowei\w1351_monster_mojinxiaowei_shoutao_001.mesh	OK	27804	373	358	1	7460	13436	1	0	0	373	358
data\source\npc\quest\w1351_monster_mojinxiaowei\w1351_monster_mojinxiaowei_yifu_001.mesh	OK	72082	1096	1507	1	21920	27684	1	0	0	1096	1507
data\source\npc\quest\w1351_monster_muren\w1351_monster_muren_toufa_01.mesh	OK	9300	9	8	1	180	8680	1	0	0	9	8
data\source\npc\quest\w1351_monster_muren\w1351_monster_muren_xiezi_01.mesh	OK	17604	166	124	1	3320	11264	1	0	0	166	124
data\source\npc\quest\w1351_monster_muren\w1351_monster_muren_yifu_01.mesh	OK	49952	777	706	1	15540	20568	1	0	0	777	706
data\source\npc\quest\w1351_monster_muxuejiachong\w1351_monster_muxuejiachong.mesh	OK	41392	519	892	1	10380	19148	1	0	0	519	892
data\source\npc\quest\w1351_monster_nanhaidaoshen\w1351_monster_nanhaidaoshen_lian_001.mesh	OK	16400	150	200	1	3000	10116	1	0	0	150	200
data\source\npc\quest\w1351_monster_nanhaidaoshen\w1351_monster_nanhaidaoshen_shoutao_001.mesh	OK	11434	73	67	1	1460	8412	1	0	0	73	67
data\source\npc\quest\w1351_monster_nanhaidaoshen\w1351_monster_nanhaidaoshen_yifu_001.mesh	OK	26580	336	450	1	6720	12844	1	0	0	336	450
data\source\npc\quest\w1351_monster_nanhaieyu\w1351_monster_nanhaieyu.mesh	OK	34148	476	506	1	10532	14584	1	1	0	476	506
data\source\npc\quest\w1351_monster_nanhaihaidao\w1351_monster_nanhaihaidao_lian_001.mesh	OK	16272	150	200	1	3000	9988	1	0	0	150	200
data\source\npc\quest\w1351_monster_nanhaihaidao\w1351_monster_nanhaihaidao_shoutao_001.mesh	OK	11306	73	67	1	1460	8284	1	0	0	73	67
data\source\npc\quest\w1351_monster_nanhaihaidao\w1351_monster_nanhaihaidao_yifu_001.mesh	OK	26452	336	450	1	6720	12716	1	0	0	336	450
data\source\npc\quest\w1351_monster_new_qinglong\w1351_monster_new_qinglong.mesh	OK	337596	7129	5807	1	154194	62728	0	0	68646	7129	5807
data\source\npc\quest\w1351_monster_new_xuanwu\w1351_monster_new_xuanwu.mesh	OK	356684	6439	11448	1	151676	58768	1	1	0	6439	11448
data\source\npc\quest\w1351_monster_new_zhuque\w1351_monster_new_zhuque.mesh	OK	568520	11127	14325	1	251190	97572	0	0	117666	11127	14325
data\source\npc\quest\w1351_monster_nijiangwushi\w1351_monster_nijiangwushi_lian_001.mesh	OK	16080	142	170	1	2840	10232	1	0	0	142	170
data\source\npc\quest\w1351_monster_nijiangwushi\w1351_monster_nijiangwushi_yifu_001.mesh	OK	41992	586	630	1	11720	19176	1	0	0	586	630
data\source\npc\quest\w1351_monster_pangjiangshi\w1351_monster_pangjiangshi_yifu_001.mesh	OK	134304	2151	2896	1	43020	47812	1	0	0	2151	2896
data\source\npc\quest\w1351_monster_pengmin\w1351_monster_pengmin_lian_001.mesh	OK	14072	109	160	1	2180	9340	1	0	0	109	160
data\source\npc\quest\w1351_monster_pengmin\w1351_monster_pengmin_shoutao_001.mesh	OK	12580	96	82	1	1920	8732	1	0	0	96	82
data\source\npc\quest\w1351_monster_pengmin\w1351_monster_pengmin_toufa_001.mesh	OK	9156	20	18	1	400	8124	1	0	0	20	18
data\source\npc\quest\w1351_monster_pengmin\w1351_monster_pengmin_yifu_001.mesh	OK	33896	457	532	1	9140	15796	1	0	0	457	532
data\source\npc\quest\w1351_monster_putongjiangshi\w1351_monster_putongjiangshi.mesh	OK	130192	2078	2944	1	41560	45748	1	0	0	2078	2944
data\source\npc\quest\w1351_monster_qibing_001\w1351_monster_qibing_001_yifu_001.mesh	OK	169392	2300	3266	2	46000	75908	1	0	0	2300	2116+1150
data\source\npc\quest\w1351_monster_qie01\w1351_monster_qie01.mesh	OK	22220	257	316	1	5140	11816	1	0	0	257	316
data\source\npc\quest\w1351_monster_qinboqi\w1351_monster_qinboqi_lian_001.mesh	OK	18312	166	198	1	3320	11528	1	0	0	166	198
data\source\npc\quest\w1351_monster_qinboqi\w1351_monster_qinboqi_shoutao_001.mesh	OK	11642	53	61	1	1060	9296	1	0	0	53	61
data\source\npc\quest\w1351_monster_qinboqi\w1351_monster_qinboqi_yifu_001.mesh	OK	35696	480	606	1	9600	16416	1	0	0	480	606
data\source\npc\quest\w1351_monster_qinglong\w1351_monster_qinglong_xiezi_001.mesh	OK	6964	98	82	1	1960	3052	1	0	0	98	82
data\source\npc\quest\w1351_monster_qinglong\w1351_monster_qinglong_yifu_001.mesh	OK	114434	2098	2291	1	41960	33268	1	0	0	2098	2291
data\source\npc\quest\w1351_monster_qingying\w1351_monster_qingying.mesh	OK	43428	642	814	1	14468	16088	1	1	0	642	814
data\source\npc\quest\w1351_monster_qinhuangjingbingyong\w1351_monster_qinhuangjingbingyong.mesh	OK	58152	750	1106	1	15000	27232	1	0	0	750	1106
data\source\npc\quest\w1351_monster_qinjianghuwei\w1351_monster_qinjianghuwei_shoutao_001.mesh	OK	25064	300	376	1	6000	12924	1	0	0	300	376
data\source\npc\quest\w1351_monster_qinjianghuwei\w1351_monster_qinjianghuwei_yifu_001.mesh	OK	54994	737	1011	1	14740	25060	1	0	0	737	1011
data\source\npc\quest\w1351_monster_qinjiangshiwei\w1351_monster_qinjiangshiwei_shoutao_001.mesh	OK	13708	85	106	1	1700	10068	1	0	0	85	106
data\source\npc\quest\w1351_monster_qinjiangshiwei\w1351_monster_qinjiangshiwei_yifu_001.mesh	OK	47516	609	870	1	12180	22524	1	0	0	609	870
data\source\npc\quest\w1351_monster_qinjiazhaijiaotou\w1351_monster_qinjiazhaijiaotou_lian_001.mesh	OK	18312	166	198	1	3320	11528	1	0	0	166	198
data\source\npc\quest\w1351_monster_qinjiazhaijiaotou\w1351_monster_qinjiazhaijiaotou_shoutao_001.mesh	OK	11642	53	61	1	1060	9296	1	0	0	53	61
data\source\npc\quest\w1351_monster_qinjiazhaijiaotou\w1351_monster_qinjiazhaijiaotou_yifu_001.mesh	OK	35696	480	606	1	9600	16416	1	0	0	480	606
data\source\npc\quest\w1351_monster_qinjiazhaijiefei\tx_lian_001.mesh	OK	16384	166	198	3	3320	9592	1	0	0	166	84+94+20
data\source\npc\quest\w1351_monster_qinjiazhaijiefei\w1351_monster_qinjiazhaijiefei_shoutao_001.mesh	OK	16272	190	70	3	3800	9480	1	0	0	190	16+4+50
data\source\npc\quest\w1351_monster_qinjiazhaijiefei\w1351_monster_qinjiazhaijiefei_yifu_001.mesh	OK	27004	338	446	2	6760	13224	1	0	0	338	402+44
data\source\npc\quest\w1351_monster_qinjiazhailouluo\w1351_monster_qinjiazhailouluo_lian_001.mesh	OK	15704	150	198	1	3000	9432	1	0	0	150	198
data\source\npc\quest\w1351_monster_qinjiazhailouluo\w1351_monster_qinjiazhailouluo_shoutao_001.mesh	OK	11576	76	70	1	1520	8440	1	0	0	76	70
data\source\npc\quest\w1351_monster_qinjiazhailouluo\w1351_monster_qinjiazhailouluo_yifu_001.mesh	OK	26552	330	446	1	6600	13032	1	0	0	330	446
data\source\npc\quest\w1351_monster_qinjiazhaiqinbing\w1351_monster_qinjiazhaiqinbing_lian_01.mesh	OK	16468	166	198	1	3320	9684	1	0	0	166	198
data\source\npc\quest\w1351_monster_qinjiazhaiqinbing\w1351_monster_qinjiazhaiqinbing_shoutao_01.mesh	OK	11796	76	70	1	1520	8660	1	0	0	76	70
data\source\npc\quest\w1351_monster_qinjiazhaiqinbing\w1351_monster_qinjiazhaiqinbing_yifu_01.mesh	OK	26708	330	446	1	6600	13188	1	0	0	330	446
data\source\npc\quest\w1351_monster_qinjiazhaitanzi\w1351_monster_qinjiazhaitanzi_lian_001.mesh	OK	15704	150	198	1	3000	9432	1	0	0	150	198
data\source\npc\quest\w1351_monster_qinjiazhaitanzi\w1351_monster_qinjiazhaitanzi_shoutao_001.mesh	OK	10356	50	40	1	1000	8232	1	0	0	50	40
data\source\npc\quest\w1351_monster_qinjiazhaitanzi\w1351_monster_qinjiazhaitanzi_toufa_001.mesh	OK	9116	22	20	1	440	8008	1	0	0	22	20
data\source\npc\quest\w1351_monster_qinjiazhaitanzi\w1351_monster_qinjiazhaitanzi_yifu_001.mesh	OK	26488	330	446	1	6600	12968	1	0	0	330	446
data\source\npc\quest\w1351_monster_qinshuituoshou\w1351_monster_qinshuituoshou.mesh	OK	78824	1046	1290	1	23500	34748	1	1	0	1046	1290
data\source\npc\quest\w1351_monster_qinyun\w1351_monster_qinyun_xiezi_001.mesh	OK	29248	182	252	1	4144	21124	1	1	0	182	252
data\source\npc\quest\w1351_monster_qinyun\w1351_monster_qinyun_yifu_001.mesh	OK	98792	1457	1948	1	33036	36300	1	1	0	1457	1948
data\source\npc\quest\w1351_monster_santouquan\w1351_monster_santouquan.mesh	OK	75620	1023	1356	1	20460	34464	1	0	0	1023	1356
data\source\npc\quest\w1351_monster_shachen\w1351_monster_shachen.mesh	OK	17088	244	320	1	4880	7076	1	0	0	244	320
data\source\npc\quest\w1351_monster_shamoliegou\w1351_monster_shamoliegou.mesh	OK	56694	781	1045	1	15620	25148	1	0	0	781	1045
data\source\npc\quest\w1351_monster_shamomafei\w1351_monster_shamomafei_lian_001.mesh	OK	22776	104	158	1	2396	17900	1	1	0	104	158
data\source\npc\quest\w1351_monster_shamomafei\w1351_monster_shamomafei_xiezi_001.mesh	OK	38240	382	554	1	8748	21300	1	1	0	382	554
data\source\npc\quest\w1351_monster_shamomafei\w1351_monster_shamomafei_yifu_001.mesh	OK	41544	465	595	1	10490	21620	0	0	4910	465	595
data\source\npc\quest\w1351_monster_shamowushi\w1351_monster_shamowushi_shoutao_001.mesh	OK	11356	52	64	1	1040	9024	1	0	0	52	64
data\source\npc\quest\w1351_monster_shamowushi\w1351_monster_shamowushi_xiezi_001.mesh	OK	25584	301	366	1	6020	13472	1	0	0	301	366
data\source\npc\quest\w1351_monster_shamowushi\w1351_monster_shamowushi_yifu_001.mesh	OK	24168	275	386	1	5500	12768	1	0	0	275	386
data\source\npc\quest\w1351_monster_shamoyeren\w1351_monster_shamoyeren_lian_001.mesh	OK	16576	163	188	1	3260	9948	1	0	0	163	188
data\source\npc\quest\w1351_monster_shamoyeren\w1351_monster_shamoyeren_yifu_001.mesh	OK	30004	369	518	1	7380	14804	1	0	0	369	518
data\source\npc\quest\w1351_monster_shamozhanshi\w1351_monster_shamozhanshi_lian_001.mesh	OK	12288	83	118	1	1660	8640	1	0	0	83	118
data\source\npc\quest\w1351_monster_shamozhanshi\w1351_monster_shamozhanshi_shoutao_001.mesh	OK	10410	48	41	1	960	8344	1	0	0	48	41
data\source\npc\quest\w1351_monster_shamozhanshi\w1351_monster_shamozhanshi_yifu_001.mesh	OK	35428	506	696	1	10120	14776	1	0	0	506	696
data\source\npc\quest\w1351_monster_shandianmafei\w1351_monster_shandianmafei_lian_001.mesh	OK	26096	146	216	1	2920	19844	1	0	0	146	216
data\source\npc\quest\w1351_monster_shandianmafei\w1351_monster_shandianmafei_xiezi_001.mesh	OK	41812	393	554	1	7860	25628	1	0	0	393	554
data\source\npc\quest\w1351_monster_shandianmafei\w1351_monster_shandianmafei_yifu_001.mesh	OK	44242	447	571	1	8940	26228	1	0	0	447	571
data\source\npc\quest\w1351_monster_shanyuedaofei\w1351_monster_shanyuedaofei_lian_001.mesh	OK	12288	83	118	1	1660	8640	1	0	0	83	118
data\source\npc\quest\w1351_monster_shanyuedaofei\w1351_monster_shanyuedaofei_shoutao_001.mesh	OK	10410	48	41	1	960	8344	1	0	0	48	41
data\source\npc\quest\w1351_monster_shanyuedaofei\w1351_monster_shanyuedaofei_yifu_001.mesh	OK	35428	506	696	1	10120	14776	1	0	0	506	696
data\source\npc\quest\w1351_monster_shanyueyouhun\w1351_monster_shanyueyouhun_yifu_001.mesh	OK	40324	551	616	1	11020	18712	1	0	0	551	616
data\source\npc\quest\w1351_monster_shanyuezhanshi\w1351_monster_shanyuezhanshi_lian_001.mesh	OK	12648	83	118	1	1660	9000	1	0	0	83	118
data\source\npc\quest\w1351_monster_shanyuezhanshi\w1351_monster_shanyuezhanshi_shoutao_001.mesh	OK	10232	44	38	1	880	8312	1	0	0	44	38
data\source\npc\quest\w1351_monster_shanyuezhanshi\w1351_monster_shanyuezhanshi_yifu_001.mesh	OK	32644	458	632	1	9160	13912	1	0	0	458	632
data\source\npc\quest\w1351_monster_shayuehufa\w1351_monster_shayuehufa_lian_001.mesh	OK	12520	83	118	1	1660	8872	1	0	0	83	118
data\source\npc\quest\w1351_monster_shayuehufa\w1351_monster_shayuehufa_shoutao_001.mesh	OK	10232	44	38	1	880	8312	1	0	0	44	38
data\source\npc\quest\w1351_monster_shayuehufa\w1351_monster_shayuehufa_yifu_001.mesh	OK	32644	458	632	1	9160	13912	1	0	0	458	632
data\source\npc\quest\w1351_monster_shayuehufa\w1351_monster_shayuehufai_lian_001.mesh	OK	12648	83	118	1	1660	9000	1	0	0	83	118
data\source\npc\quest\w1351_monster_shengubaiyuan\w1351_monster_shengubaiyuan.mesh	OK	38968	572	724	1	11440	16036	1	0	0	572	724
data\source\npc\quest\w1351_monster_shenshuiguaishou\w1351_monster_shenshuiguaishou_toufa_001.mesh	OK	11376	28	30	1	560	10016	1	0	0	28	30
data\source\npc\quest\w1351_monster_shenshuiguaishou\w1351_monster_shenshuiguaishou_yifu_001.mesh	OK	35604	476	508	1	9520	17040	1	0	0	476	508
data\source\npc\quest\w1351_monster_shifuniao\w1351_monster_shifuniao.mesh	OK	42826	517	673	1	10340	21960	1	0	0	517	673
data\source\npc\quest\w1351_monster_shilaoren\w1351_monster_shilaoren.mesh	OK	46724	613	902	1	12260	21412	1	0	0	613	902
data\source\npc\quest\w1351_monster_shirenyanshi\w1351_monster_meiyingyanshi_lian_001.mesh	OK	16908	129	196	1	2580	11320	1	0	0	129	196
data\source\npc\quest\w1351_monster_shirenyanshi\w1351_monster_meiyingyanshi_xiezi_001.mesh	OK	11948	50	68	1	1000	9656	1	0	0	50	68
data\source\npc\quest\w1351_monster_shirenyanshi\w1351_monster_meiyingyanshi_yifu_001.mesh	OK	34120	443	566	1	8860	16264	1	0	0	443	566
data\source\npc\quest\w1351_monster_shirenyanshi\w1351_monster_shirenyanshi_lian_001.mesh	OK	16908	129	196	1	2580	11320	1	0	0	129	196
data\source\npc\quest\w1351_monster_shirenyanshi\w1351_monster_shirenyanshi_xiezi_001.mesh	OK	11948	50	68	1	1000	9656	1	0	0	50	68
data\source\npc\quest\w1351_monster_shirenyanshi\w1351_monster_shirenyanshi_yifu_001.mesh	OK	34120	443	566	1	8860	16264	1	0	0	443	566
data\source\npc\quest\w1351_monster_shirenyanshi\w1351_monster_yanshihufa_lian_001.mesh	OK	16908	129	196	1	2580	11320	1	0	0	129	196
data\source\npc\quest\w1351_monster_shirenyanshi\w1351_monster_yanshihufa_xiezi_001.mesh	OK	11948	50	68	1	1000	9656	1	0	0	50	68
data\source\npc\quest\w1351_monster_shirenyanshi\w1351_monster_yanshihufa_yifu_001.mesh	OK	34120	443	566	1	8860	16264	1	0	0	443	566
data\source\npc\quest\w1351_monster_shirenyanshi\w1351_monster_yanshijiangong_lian_001.mesh	OK	16908	129	196	1	2580	11320	1	0	0	129	196
data\source\npc\quest\w1351_monster_shirenyanshi\w1351_monster_yanshijiangong_xiezi_001.mesh	OK	11948	50	68	1	1000	9656	1	0	0	50	68
data\source\npc\quest\w1351_monster_shirenyanshi\w1351_monster_yanshijiangong_yifu_001.mesh	OK	34120	443	566	1	8860	16264	1	0	0	443	566
data\source\npc\quest\w1351_monster_shirenyanshi\w1351_monster_yanshishouwei_lian_001.mesh	OK	16908	129	196	1	2580	11320	1	0	0	129	196
data\source\npc\quest\w1351_monster_shirenyanshi\w1351_monster_yanshishouwei_xiezi_001.mesh	OK	11948	50	68	1	1000	9656	1	0	0	50	68
data\source\npc\quest\w1351_monster_shirenyanshi\w1351_monster_yanshishouwei_yifu_001.mesh	OK	34120	443	566	1	8860	16264	1	0	0	443	566
data\source\npc\quest\w1351_monster_shixueeyu\w1351_monster_shixueeyu.mesh	OK	34148	476	506	1	10532	14584	1	1	0	476	506
data\source\npc\quest\w1351_monster_shuangshuangyan001\w1351_monster_shuangshuangyan001.mesh	OK	9404	98	192	1	1960	4832	1	0	0	98	192
data\source\npc\quest\w1351_monster_shufuxianjing\w1351_monster_shufuxianjing.mesh	OK	32736	630	630	1	12600	8512	1	0	0	630	630
data\source\npc\quest\w1351_monster_shuiguicike\w1351_monster_shuiguicike_lian_001.mesh	OK	14384	119	168	1	2380	9284	1	0	0	119	168
data\source\npc\quest\w1351_monster_shuiguicike\w1351_monster_shuiguicike_shoutao_001.mesh	OK	12836	96	82	1	1920	8988	1	0	0	96	82
data\source\npc\quest\w1351_monster_shuiguicike\w1351_monster_shuiguicike_toufa_001.mesh	OK	9412	20	18	1	400	8380	1	0	0	20	18
data\source\npc\quest\w1351_monster_shuiguicike\w1351_monster_shuiguicike_yifu_001.mesh	OK	25976	317	420	1	6340	13028	1	0	0	317	420
data\source\npc\quest\w1351_monster_shuiguitanzi\w1351_monster_shuiguitanzi_lian_01.mesh	OK	13852	109	160	1	2180	9120	1	0	0	109	160
data\source\npc\quest\w1351_monster_shuiguitanzi\w1351_monster_shuiguitanzi_shoutao_01.mesh	OK	9284	23	20	1	460	8144	1	0	0	23	20
data\source\npc\quest\w1351_monster_shuiguitanzi\w1351_monster_shuiguitanzi_yifu_01.mesh	OK	28216	364	474	1	7280	13440	1	0	0	364	474
data\source\npc\quest\w1351_monster_shujiashaobing\w1351_monster_shujiashaobing_lian_001.mesh	OK	15272	156	154	1	3428	8764	1	1	0	156	154
data\source\npc\quest\w1351_monster_shujiashaobing\w1351_monster_shujiashaobing_toufa_001.mesh	OK	15352	168	104	1	3568	8860	1	1	0	168	104
data\source\npc\quest\w1351_monster_shujiashaobing\w1351_monster_shujiashaobing_yifu_001.mesh	OK	27008	323	430	1	7320	12948	1	1	0	323	430
data\source\npc\quest\w1351_monster_sijuezhong\w1351_monster_sijuezhong.mesh	OK	87556	1795	1742	1	39384	15896	0	0	17844	1795	1742
data\source\npc\quest\w1351_monster_siwangdepinfei\w1351_monster_siwangdepinfei_lian_001.mesh	OK	35534	350	463	1	7000	21272	1	0	0	350	463
data\source\npc\quest\w1351_monster_siwangdepinfei\w1351_monster_siwangdepinfei_yifu_001.mesh	OK	61476	702	896	1	14040	33352	1	0	0	702	896
data\source\npc\quest\w1351_monster_soubaofeizei\w1351_monster_soubaofeizei.mesh	OK	59144	941	1211	1	21242	19060	0	0	9950	941	1211
data\source\npc\quest\w1351_monster_sss_qiang\w1351_monster_sss_qiang.mesh	OK	92300	1777	1190	1	37920	25632	1	1	0	1777	1190
data\source\npc\quest\w1351_monster_suoyiyeren\w1351_monster_suoyiyeren_lian_001.mesh	OK	14980	137	166	1	2740	9316	1	0	0	137	166
data\source\npc\quest\w1351_monster_suoyiyeren\w1351_monster_suoyiyeren_yifu_001.mesh	OK	32140	407	550	1	8140	15532	1	0	0	407	550
data\source\npc\quest\w1351_monster_tanmifeizei\w1351_monster_tanmifeize.mesh	OK	59144	941	1211	1	21242	19060	0	0	9950	941	1211
data\source\npc\quest\w1351_monster_taoqing\w1351_monster_taoqing.mesh	OK	95104	1427	2135	1	32810	32076	0	0	15686	1427	2135
data\source\npc\quest\w1351_monster_tengjiayongshi\w1351_monster_tengjiayongshi_lian_011.mesh	OK	14184	113	140	1	2260	9444	1	0	0	113	140
data\source\npc\quest\w1351_monster_tengjiayongshi\w1351_monster_tengjiayongshi_shoutao_001.mesh	OK	10100	37	62	1	740	8260	1	0	0	37	62
data\source\npc\quest\w1351_monster_tengjiayongshi\w1351_monster_tengjiayongshi_yifu_001.mesh	OK	37696	555	612	1	11100	15980	1	0	0	555	612
data\source\npc\quest\w1351_monster_tengjiazei\w1351_monster_tengjiazei_lian_001.mesh	OK	18988	193	248	1	3860	11040	1	0	0	193	248
data\source\npc\quest\w1351_monster_tengjiazei\w1351_monster_tengjiazei_yifu_001.mesh	OK	34260	469	572	1	9380	15536	1	0	0	469	572
data\source\npc\quest\w1351_monster_tengmanzhongzi\w1351_monster_tengmanzhongz.mesh	OK	84788	969	1462	1	22304	41800	0	0	22304	0	1462
data\source\npc\quest\w1351_monster_tieyiniu\w1351_monster_tieyiniu_lian_001.mesh	OK	31960	310	438	1	6200	19128	1	0	0	310	438
data\source\npc\quest\w1351_monster_tieyiniu\w1351_monster_tieyiniu_shoutao_001.mesh	OK	26600	242	210	3	4840	17304	1	0	0	242	106+6+98
data\source\npc\quest\w1351_monster_tieyiniu\w1351_monster_tieyiniu_yifu_001.mesh	OK	80896	1056	1530	1	21120	37640	1	0	0	1056	1530
data\source\npc\quest\w1351_monster_touliezhe\w1351_monster_touliezhe_lian_001.mesh	OK	15524	147	212	1	2940	9264	1	0	0	147	212
data\source\npc\quest\w1351_monster_touliezhe\w1351_monster_touliezhe_shoutao_001.mesh	OK	11356	62	84	1	1240	8584	1	0	0	62	84
data\source\npc\quest\w1351_monster_touliezhe\w1351_monster_touliezhe_yifu_001.mesh	OK	30668	405	524	1	8100	14280	1	0	0	405	524
data\source\npc\quest\w1351_monster_toushiche_001\w1351_monster_toushiche_001.mesh	OK	133294	2777	2233	1	55540	30748	1	0	0	2777	2233
data\source\npc\quest\w1351_monster_tubalu\w1351_monster_tubalu_lian_001.mesh	OK	18988	193	248	1	3860	11040	1	0	0	193	248
data\source\npc\quest\w1351_monster_tubalu\w1351_monster_tubalu_yifu_001.mesh	OK	46472	704	826	1	14080	18704	1	0	0	704	826
data\source\npc\quest\w1351_monster_tudi\w1351_monster_tudi_toufa_01.mesh	OK	9300	9	8	1	180	8680	1	0	0	9	8
data\source\npc\quest\w1351_monster_tudi\w1351_monster_tudi_xiezi_01.mesh	OK	17604	166	124	1	3320	11264	1	0	0	166	124
data\source\npc\quest\w1351_monster_tudi\w1351_monster_tudi_yifu_01.mesh	OK	49952	777	706	1	15540	20568	1	0	0	777	706
data\source\npc\quest\w1351_monster_tudi\w1351_monster_yumukuilei_toufa_01.mesh	OK	9172	9	8	1	180	8552	1	0	0	9	8
data\source\npc\quest\w1351_monster_tudi\w1351_monster_yumukuilei_xiezi_01.mesh	OK	17476	166	124	1	3320	11136	1	0	0	166	124
data\source\npc\quest\w1351_monster_tudi\w1351_monster_yumukuilei_yifu_01.mesh	OK	49824	777	706	1	15540	20440	1	0	0	777	706
data\source\npc\quest\w1351_monster_tufanlama\w1351_monster_tufanlama_lian_001.mesh	OK	13560	109	156	1	2180	8852	1	0	0	109	156
data\source\npc\quest\w1351_monster_tufanlama\w1351_monster_tufanlama_yifu_001.mesh	OK	27110	343	425	1	6860	13300	1	0	0	343	425
data\source\npc\quest\w1351_monster_wandaomafei\w1351_monster_wandaomafei_lian_001.mesh	OK	24444	114	158	1	2280	19564	1	0	0	114	158
data\source\npc\quest\w1351_monster_wandaomafei\w1351_monster_wandaomafei_xiezi_001.mesh	OK	42004	393	554	1	7860	25820	1	0	0	393	554
data\source\npc\quest\w1351_monster_wandaomafei\w1351_monster_wandaomafei_yifu_001.mesh	OK	42974	427	529	1	8540	25852	1	0	0	427	529
data\source\npc\quest\w1351_monster_wanglingkaijiawushi\w1351_monster_wanglingkaijiawushi_lian_001.mesh	OK	14972	157	162	1	3140	8692	1	0	0	157	162
data\source\npc\quest\w1351_monster_wanglingkaijiawushi\w1351_monster_wanglingkaijiawushi_shoutao_001.mesh	OK	10116	50	66	1	1000	7836	1	0	0	50	66
data\source\npc\quest\w1351_monster_wanglingkaijiawushi\w1351_monster_wanglingkaijiawushi_yifu_001.mesh	OK	59268	823	910	1	16460	27188	1	0	0	823	910
data\source\npc\quest\w1351_monster_wanjiexiuluo\w1351_monster_wanjiexiuluo_lian_001.mesh	OK	20808	139	214	1	2780	14792	1	0	0	139	214
data\source\npc\quest\w1351_monster_wanjiexiuluo\w1351_monster_wanjiexiuluo_shoutao_001.mesh	OK	16364	72	72	1	1440	13344	1	0	0	72	72
data\source\npc\quest\w1351_monster_wanjiexiuluo\w1351_monster_wanjiexiuluo_yifu_001.mesh	OK	41404	497	760	1	9940	20656	1	0	0	497	760
data\source\npc\quest\w1351_monster_wayankugong\w1351_monster_wayankugong.mesh	OK	60722	899	1105	1	17980	25040	1	0	0	899	1105
data\source\npc\quest\w1351_monster_weiqian\w1351_monster_weiqian.mesh	OK	92980	1495	2066	1	29900	32460	1	0	0	1495	2066
data\source\npc\quest\w1351_monster_xianlu\w1351_monster_xianlu.mesh	OK	37948	498	732	1	9960	17336	1	0	0	498	732
data\source\npc\quest\w1351_monster_xiaodaotong\w1351_monster_xiaodaotong_lian_001.mesh	OK	13652	101	162	1	2020	9164	1	0	0	101	162
data\source\npc\quest\w1351_monster_xiaodaotong\w1351_monster_xiaodaotong_yifu_001.mesh	OK	30864	398	500	1	7960	14844	1	0	0	398	500
data\source\npc\quest\w1351_monster_xibeilang\w1351_monster_xibeilang_yifu_01.mesh	OK	41508	552	628	1	11040	19792	1	0	0	552	628
data\source\npc\quest\w1351_monster_xingluowushi\w1351_monster_xingluowushi.mesh	OK	93152	1360	1920	1	31040	33988	1	1	0	1360	1920
data\source\npc\quest\w1351_monster_xinmo\w1351_monster_xinmo_xiezi_001.mesh	OK	7660	58	50	1	1260	5120	1	1	0	58	50
data\source\npc\quest\w1351_monster_xinmo\w1351_monster_xinmo_yifu_001.mesh	OK	36868	617	856	1	14052	9992	1	1	0	617	856
data\source\npc\quest\w1351_monster_xinmo1\w1351_monster_xinmo1_xiezi_001.mesh	OK	7660	58	50	1	1260	5120	1	1	0	58	50
data\source\npc\quest\w1351_monster_xinmo1\w1351_monster_xinmo1_yifu_001.mesh	OK	36868	617	856	1	14052	9992	1	1	0	617	856
data\source\npc\quest\w1351_monster_xinxiudizi\w1351_monster_xinxiudizi_lian_001.mesh	OK	16060	98	172	1	2304	11264	1	1	0	98	172
data\source\npc\quest\w1351_monster_xinxiudizi\w1351_monster_xinxiudizi_shoutao_001.mesh	OK	13812	64	74	1	1428	10888	1	1	0	64	74
data\source\npc\quest\w1351_monster_xinxiudizi\w1351_monster_xinxiudizi_xiezi_001.mesh	OK	19228	161	224	1	3668	12000	1	1	0	161	224
data\source\npc\quest\w1351_monster_xinxiudizi\w1351_monster_xinxiudizi_yifu_001.mesh	OK	25612	275	354	1	6208	13696	1	1	0	275	354
data\source\npc\quest\w1351_monster_xiuluoxiaogui\w1351_monster_xiuluoxiaogui_lian_001.mesh	OK	20680	139	214	1	2780	14664	1	0	0	139	214
data\source\npc\quest\w1351_monster_xiuluoxiaogui\w1351_monster_xiuluoxiaogui_shoutao_001.mesh	OK	16236	72	72	1	1440	13216	1	0	0	72	72
data\source\npc\quest\w1351_monster_xiuluoxiaogui\w1351_monster_xiuluoxiaogui_yifu_001.mesh	OK	41276	497	760	1	9940	20528	1	0	0	497	760
data\source\npc\quest\w1351_monster_xixiabubin\w1351_monster_xixiabubin_shoutao_001.mesh	OK	17582	162	117	1	3240	11412	1	0	0	162	117
data\source\npc\quest\w1351_monster_xixiabubin\w1351_monster_xixiabubin_yifu_001.mesh	OK	66796	937	1334	1	18740	28524	1	0	0	937	1334
data\source\npc\quest\w1351_monster_xixiajiangjunfu01\w1351_monster_xixiajiangjunfu01.mesh	OK	74540	1135	1588	1	25876	25232	0	0	25876	0	1588
data\source\npc\quest\w1351_monster_xixiajiangjunfu01\w1351_monster_xixiajiangjunfu01_w_chui.mesh	OK	3620	74	120	1	1720	8	0	0	1720	0	120
data\source\npc\quest\w1351_monster_xixiajiangjunfu01\w1351_monster_xixiajiangjunfu01_w_fu.mesh	OK	6148	143	160	1	3180	8	0	0	3180	0	160
data\source\npc\quest\w1351_monster_xixiajiangjunfu01\w1351_monster_xixiajiangjunfu01_w_shuangjian.mesh	OK	8532	199	234	1	4448	8	0	0	4448	0	234
data\source\npc\quest\w1351_monster_xixuebianfu\w1351_monster_xixuebianfu_yifu_001.mesh	OK	58596	726	790	1	14520	30340	1	0	0	726	790
data\source\npc\quest\w1351_monster_xiyujiefei\w1351_monster_xiyujiefei_shoutao.mesh	OK	12600	42	56	1	840	10636	1	0	0	42	56
data\source\npc\quest\w1351_monster_xiyujiefei\w1351_monster_xiyujiefei_yifu.mesh	OK	50132	781	846	1	15620	19780	1	0	0	781	846
data\source\npc\quest\w1351_monster_xiyujiefeihong\w1351_monster_xiyujiefeihong.mesh	OK	67476	936	1226	1	18720	29884	1	0	0	936	1226
data\source\npc\quest\w1351_monster_xiyujiefeilv\w1351_monster_xiyujiefeilv.mesh	OK	67476	936	1226	1	18720	29884	1	0	0	936	1226
data\source\npc\quest\w1351_monster_xiyumafei\w1351_monster_xiyumafei_lian_001.mesh	OK	24128	135	169	1	3038	18172	0	0	1418	135	169
data\source\npc\quest\w1351_monster_xiyumafei\w1351_monster_xiyumafei_xiezi_001.mesh	OK	38240	382	554	1	8748	21300	1	1	0	382	554
data\source\npc\quest\w1351_monster_xiyumafei\w1351_monster_xiyumafei_yifu_001.mesh	OK	39952	432	541	1	9722	21516	0	0	4538	432	541
data\source\npc\quest\w1351_monster_xiyuqiezei\w1351_monster_xiyuqiezei_shoutao_001.mesh	OK	14940	42	56	1	840	12976	1	0	0	42	56
data\source\npc\quest\w1351_monster_xiyuqiezei\w1351_monster_xiyuqiezei_yifu_001.mesh	OK	52536	781	846	1	15620	22184	1	0	0	781	846
data\source\npc\quest\w1351_monster_xiyusaman\w1351_monster_liaoguosaman_lian_001.mesh	OK	19120	190	222	1	3800	11424	1	0	0	190	222
data\source\npc\quest\w1351_monster_xiyusaman\w1351_monster_liaoguosaman_yifu_001.mesh	OK	35972	466	668	1	9320	16768	1	0	0	466	668
data\source\npc\quest\w1351_monster_xiyusaman\w1351_monster_xiyusaman_lian_001.mesh	OK	19120	190	222	1	3800	11424	1	0	0	190	222
data\source\npc\quest\w1351_monster_xiyusaman\w1351_monster_xiyusaman_yifu_001.mesh	OK	35972	466	668	1	9320	16768	1	0	0	466	668
data\source\npc\quest\w1351_monster_xiyuwuyi\w1351_monster_xiyuwuyi_lian_001.mesh	OK	18768	190	222	1	3800	11072	1	0	0	190	222
data\source\npc\quest\w1351_monster_xiyuwuyi\w1351_monster_xiyuwuyi_yifu_001.mesh	OK	35620	466	668	1	9320	16416	1	0	0	466	668
data\source\npc\quest\w1351_monster_xuanwu\w1351_monster_xuanwu_shoutao_001.mesh	OK	61780	983	1276	1	19660	22384	1	0	0	983	1276
data\source\npc\quest\w1351_monster_xuanwu\w1351_monster_xuanwu_xiezi_001.mesh	OK	10696	98	82	1	1960	6784	1	0	0	98	82
data\source\npc\quest\w1351_monster_xuanwu\w1351_monster_xuanwu_yifu_001.mesh	OK	111598	2145	2879	1	42900	25400	1	0	0	2145	2879
data\source\npc\quest\w1351_monster_xueren\w1351_monster_xueren_lian_001.mesh	OK	13384	99	138	1	1980	9104	1	0	0	99	138
data\source\npc\quest\w1351_monster_xueren\w1351_monster_xueren_yifu_001.mesh	OK	24524	297	424	1	5940	12192	1	0	0	297	424
data\source\npc\quest\w1351_monster_xueshanlang\w1351_monster_xueshanlang.mesh	OK	41572	552	628	1	11040	19856	1	0	0	552	628
data\source\npc\quest\w1351_monster_xueshanlieren\w1351_monster_xueshanlieren_lian_001.mesh	OK	15524	147	212	1	2940	9264	1	0	0	147	212
data\source\npc\quest\w1351_monster_xueshanlieren\w1351_monster_xueshanlieren_shoutao_001.mesh	OK	11356	62	84	1	1240	8584	1	0	0	62	84
data\source\npc\quest\w1351_monster_xueshanlieren\w1351_monster_xueshanlieren_yifu_001.mesh	OK	30668	405	524	1	8100	14280	1	0	0	405	524
data\source\npc\quest\w1351_monster_xueshanmanggai\w1351_monster_xueshanmanggai_lian_001.mesh	OK	15348	54	88	1	1080	12808	1	0	0	54	88
data\source\npc\quest\w1351_monster_xueshanmanggai\w1351_monster_xueshanmanggai_yifu_001.mesh	OK	36640	441	566	1	8820	18848	1	0	0	441	566
data\source\npc\quest\w1351_monster_xunmashi\w1351_monster_xunmashi_lian_001.mesh	OK	13140	106	170	1	2460	8104	1	1	0	106	170
data\source\npc\quest\w1351_monster_xunmashi\w1351_monster_xunmashi_yifu_001.mesh	OK	46244	689	902	1	15584	16696	1	1	0	689	902
data\source\npc\quest\w1351_monster_xunshufeizei\w1351_monster_xunshufeizei.mesh	OK	59144	941	1211	1	21242	19060	0	0	9950	941	1211
data\source\npc\quest\w1351_monster_yanhueyu\w1351_monster_yanhueyu_toufa_001.mesh	OK	10548	27	30	1	600	9160	1	1	0	27	30
data\source\npc\quest\w1351_monster_yanhueyu\w1351_monster_yanhueyu_yifu_001.mesh	OK	34148	476	506	1	10532	14584	1	1	0	476	506
data\source\npc\quest\w1351_monster_yanziwuzhuangding\w1351_monster_yanziwuzhuangding_lian_001.mesh	OK	14060	102	154	1	2040	9588	1	0	0	102	154
data\source\npc\quest\w1351_monster_yanziwuzhuangding\w1351_monster_yanziwuzhuangding_shoutao_001.mesh	OK	10522	50	47	1	1000	8356	1	0	0	50	47
data\source\npc\quest\w1351_monster_yanziwuzhuangding\w1351_monster_yanziwuzhuangding_yifu_001.mesh	OK	33216	425	568	1	8500	15924	1	0	0	425	568
data\source\npc\quest\w1351_monster_yaobodang\w1351_monster_yaobodang_lian_001.mesh	OK	18696	166	198	1	3320	11912	1	0	0	166	198
data\source\npc\quest\w1351_monster_yaobodang\w1351_monster_yaobodang_shoutao_001.mesh	OK	12026	53	61	1	1060	9680	1	0	0	53	61
data\source\npc\quest\w1351_monster_yaobodang\w1351_monster_yaobodang_yifu_001.mesh	OK	36080	480	606	1	9600	16800	1	0	0	480	606
data\source\npc\quest\w1351_monster_yaoxiezhizhu\w1351_monster_yaoxiezhizhu.mesh	OK	42392	456	656	1	9120	23580	1	0	0	456	656
data\source\npc\quest\w1351_monster_yelvyan\w1351_monster_yelvyan_lian_001.mesh	OK	19072	168	220	1	3800	11652	1	1	0	168	220
data\source\npc\quest\w1351_monster_yelvyan\w1351_monster_yelvyan_shoutao_001.mesh	OK	12376	41	42	1	904	10444	1	1	0	41	42
data\source\npc\quest\w1351_monster_yelvyan\w1351_monster_yelvyan_toufa_001.mesh	OK	17632	132	184	1	3008	11652	1	1	0	132	184
data\source\npc\quest\w1351_monster_yelvyan\w1351_monster_yelvyan_xiezi_002.mesh	OK	17296	132	172	1	2984	11412	1	1	0	132	172
data\source\npc\quest\w1351_monster_yelvyan\w1351_monster_yelvyan_yifu_001.mesh	OK	30296	376	478	1	8476	14156	1	1	0	376	478
data\source\npc\quest\w1351_monster_yeyanshiren\w1351_monster_huagangshiren.mesh	OK	46464	613	902	1	12260	21152	1	0	0	613	902
data\source\npc\quest\w1351_monster_yeyanshiren\w1351_monster_longxueshiren.mesh	OK	46464	613	902	1	12260	21152	1	0	0	613	902
data\source\npc\quest\w1351_monster_yeyanshiren\w1351_monster_nvwashiren.mesh	OK	46464	613	902	1	12260	21152	1	0	0	613	902
data\source\npc\quest\w1351_monster_yeyanshiren\w1351_monster_shanshen.mesh	OK	46464	613	902	1	12260	21152	1	0	0	613	902
data\source\npc\quest\w1351_monster_yeyanshiren\w1351_monster_yeyanshiren.mesh	OK	46464	613	902	1	12260	21152	1	0	0	613	902
data\source\npc\quest\w1351_monster_yeyanshiren\w1351_monster_yunmushiren.mesh	OK	46464	613	902	1	12260	21152	1	0	0	613	902
data\source\npc\quest\w1351_monster_yinbaoxiang\w1351_monster_yinbaoxiang.mesh	OK	35588	742	576	1	15992	6952	1	1	0	742	576
data\source\npc\quest\w1351_monster_yingshuilang\w1351_monster_yingshuilang.mesh	OK	41572	552	628	1	11040	19856	1	0	0	552	628
data\source\npc\quest\w1351_monster_yiniu\w1351_monster_yiniu_lian_001.mesh	OK	31960	310	438	1	6200	19128	1	0	0	310	438
data\source\npc\quest\w1351_monster_yiniu\w1351_monster_yiniu_shoutao_001.mesh	OK	20824	108	142	1	2160	16232	1	0	0	108	142
data\source\npc\quest\w1351_monster_yiniu\w1351_monster_yiniu_yifu_001.mesh	OK	80680	1056	1530	1	21120	37424	1	0	0	1056	1530
data\source\npc\quest\w1351_monster_yintongzi\w1351_monster_yintongzi.mesh	OK	83368	1123	1334	1	22460	39144	1	0	0	1123	1334
data\source\npc\quest\w1351_monster_yuanyangguai001\w1351_monster_yuanyangguai001.mesh	OK	9404	98	192	1	1960	4832	1	0	0	98	192
data\source\npc\quest\w1351_monster_yunwaipiao001\w1351_monster_yunwaipiao001.mesh	OK	9404	98	192	1	1960	4832	1	0	0	98	192
data\source\npc\quest\w1351_monster_zaochuanshuigui\w1351_monster_zaochuanshuigui_lian_001.mesh	OK	14696	121	160	1	2420	9580	1	0	0	121	160
data\source\npc\quest\w1351_monster_zaochuanshuigui\w1351_monster_zaochuanshuigui_shoutao_001.mesh	OK	11500	62	50	1	1240	8932	1	0	0	62	50
data\source\npc\quest\w1351_monster_zaochuanshuigui\w1351_monster_zaochuanshuigui_yifu_001.mesh	OK	29204	380	490	1	7600	13820	1	0	0	380	490
data\source\npc\quest\w1351_monster_zhaozeeyu\w1351_monster_zhaozeeyu_toufa_001w1351_monster_zhaozeeyu_toufa_001.mesh	OK	11376	28	30	1	560	10016	1	0	0	28	30
data\source\npc\quest\w1351_monster_zhaozeeyu\w1351_monster_zhaozeeyu_yifu_001.mesh	OK	35604	476	508	1	9520	17040	1	0	0	476	508
data\source\npc\quest\w1351_monster_zhiliaoqi\w1351_monster_zhiliaoqi.mesh	OK	176900	3113	3092	1	62260	58448	1	0	0	3113	3092
data\source\npc\quest\w1351_monster_zhongjiamanggai\w1351_monster_zhongjiamanggai_lian_001.mesh	OK	15348	54	88	1	1080	12808	1	0	0	54	88
data\source\npc\quest\w1351_monster_zhongjiamanggai\w1351_monster_zhongjiamanggai_yifu_001.mesh	OK	36640	441	566	1	8820	18848	1	0	0	441	566
data\source\npc\quest\w1351_monster_zhuifengmafei\w1351_monster_zhuifengmafei_lian_001.mesh	OK	24856	146	216	1	3352	18172	1	1	0	146	216
data\source\npc\quest\w1351_monster_zhuifengmafei\w1351_monster_zhuifengmafei_xiezi_001.mesh	OK	38240	382	554	1	8748	21300	1	1	0	382	554
data\source\npc\quest\w1351_monster_zhuifengmafei\w1351_monster_zhuifengmafei_yifu_001.mesh	OK	40888	447	571	1	10082	21732	0	0	4718	447	571
data\source\npc\quest\w1351_monster_zhuque\w1351_monster_zhuque_xiezi_001.mesh	OK	6548	98	82	1	1960	2636	1	0	0	98	82
data\source\npc\quest\w1351_monster_zhuque\w1351_monster_zhuque_yifu_001.mesh	OK	78652	1570	1970	1	31400	16308	1	0	0	1570	1970
data\source\npc\quest\w1351_monster_zonghuoshuigui\w1351_monster_zonghuoshuigui_lian_001.mesh	OK	15836	161	188	1	3220	9272	1	0	0	161	188
data\source\npc\quest\w1351_monster_zonghuoshuigui\w1351_monster_zonghuoshuigui_shoutao_001.mesh	OK	9156	23	20	1	460	8016	1	0	0	23	20
data\source\npc\quest\w1351_monster_zonghuoshuigui\w1351_monster_zonghuoshuigui_yifu_001.mesh	OK	27992	362	474	1	7240	13280	1	0	0	362	474
data\source\npc\quest\w1351_new_lishierniang\w1351_new_lishierniang.mesh	OK	58876	867	1374	1	20088	19856	1	1	0	867	1374
data\source\npc\quest\w1351_new_npc_aihu\w1351_new_npc_aihu.mesh	OK	58852	892	1250	1	20340	20024	1	1	0	892	1250
data\source\npc\quest\w1351_new_npc_azhu\w1351_new_npc_azhu.mesh	OK	375404	6090	8102	4	138004	115412	1	1	0	6090	4930+314+2336+522
data\source\npc\quest\w1351_new_npc_benshen\w1351_new_npc_benshen.mesh	OK	107732	1802	2468	1	40976	30040	0	0	40976	0	2468
data\source\npc\quest\w1351_new_npc_chenguyan\w1351_new_npc_chenguyan.mesh	OK	101204	1732	2174	1	38988	28104	0	0	38988	0	2174
data\source\npc\quest\w1351_new_npc_daobaifeng\w1351_new_npc_daobaifeng.mesh	OK	389684	5805	7994	4	132088	139676	1	1	0	5805	5734+1862+162+236
data\source\npc\quest\w1351_new_npc_dingchunqiu\w1351_new_npc_dingchunqiu.mesh	OK	312216	4613	6222	1	104704	114540	1	1	0	4613	6222
data\source\npc\quest\w1351_new_npc_duanyanqing\w1351_new_npc_duanyanqing.mesh	OK	295460	4769	6536	1	108452	90280	1	1	0	4769	6536
data\source\npc\quest\w1351_new_npc_duanyanqing\w1351_new_wuqi_duanyanqing.mesh	OK	57940	546	580	1	12080	35544	1	1	0	546	580
data\source\npc\quest\w1351_new_npc_fangbaihua\w1351_new_npc_fangbaihua.mesh	OK	95384	1582	2091	1	35822	27748	0	0	35822	0	2091
data\source\npc\quest\w1351_new_npc_haolaizi\w1351_new_npc_haolaizi.mesh	OK	137028	2029	2560	1	45700	51336	0	0	45700	0	2560
data\source\npc\quest\w1351_new_npc_huilun\w1351_new_npc_huilun.mesh	OK	99668	1606	2394	1	36908	28840	0	0	36908	0	2394
data\source\npc\quest\w1351_new_npc_jiumozhi\w1351_new_npc_jiumozhi.mesh	OK	281012	4108	5997	1	94154	101296	0	0	44858	4108	5997
data\source\npc\quest\w1351_new_npc_jujian\w1351_new_npc_jujian.mesh	OK	123736	2093	2772	1	47404	34300	0	0	47404	0	2772
data\source\npc\quest\w1351_new_npc_kurongdashi\w1351_new_npc_kurongdashi.mesh	OK	98996	1349	1798	1	30576	41160	0	0	30576	0	1798
data\source\npc\quest\w1351_new_npc_linyan_01\w1351_new_npc_linyan_01.mesh	OK	120808	1830	2474	1	41548	42172	0	0	41548	0	2474
data\source\npc\quest\w1351_new_npc_liqinglu\w1351_new_npc_liqinglu.mesh	OK	376812	6313	7850	5	141960	111696	1	1	0	6313	6202+369+468+332+479
data\source\npc\quest\w1351_new_npc_liuzhongfu\w1351_new_npc_liuzhongfu.mesh	OK	96312	1344	1820	1	30520	38460	0	0	30520	0	1820
data\source\npc\quest\w1351_new_npc_mengqingqing\w1351_new_npc_mengqingqing.mesh	OK	90324	1419	1742	1	31864	30696	0	0	31864	0	1742
data\source\npc\quest\w1351_new_npc_muwanqing\w1351_new_npc_muwanqing.mesh	OK	400520	6433	7876	5	144412	131356	1	1	0	6433	5285+1332+598+417+244
data\source\npc\quest\w1351_new_npc_pochen\w1351_new_npc_pochen.mesh	OK	59284	886	1258	1	20236	20584	1	1	0	886	1258
data\source\npc\quest\w1351_new_npc_potan\w1351_new_npc_potan.mesh	OK	157024	2377	2930	1	53400	57236	0	0	53400	0	2930
data\source\npc\quest\w1351_new_npc_saodiseng\w1351_new_npc_saodiseng.mesh	OK	98316	1493	1898	1	33656	35072	0	0	33656	0	1898
data\source\npc\quest\w1351_new_npc_shenhanxiang\w1351_new_npc_shenhanxiang.mesh	OK	134940	2071	3010	1	47440	44304	0	0	47440	0	3010
data\source\npc\quest\w1351_new_npc_shibao\w1351_new_npc_shibao.mesh	OK	118488	1780	2430	1	40460	41804	0	0	40460	0	2430
data\source\npc\quest\w1351_new_npc_shisao\w1351_new_npc_shisao.mesh	OK	96568	1552	2070	1	35180	30060	0	0	35180	0	2070
data\source\npc\quest\w1351_new_npc_tianshantonglao\w1351_new_npc_tianshantonglao.mesh	OK	409028	7039	8999	3	158778	111496	0	0	74310	7039	7899+504+596
data\source\npc\quest\w1351_new_npc_wuyazi\w1351_new_npc_wuyazi.mesh	OK	68060	1006	1336	1	22792	24896	1	1	0	1006	1336
data\source\npc\quest\w1351_new_npc_xiaodaoshi\w1351_new_npc_xiaodaoshi.mesh	OK	61508	904	1212	1	20504	22600	1	1	0	904	1212
data\source\npc\quest\w1351_new_npc_xiaoshi\w1351_new_npc_xiaoshi.mesh	OK	188788	3338	4262	1	75284	47592	0	0	75284	0	4262
data\source\npc\quest\w1351_new_npc_xinazi\w1351_new_npc_xinazi.mesh	OK	352204	5433	7309	3	123278	119584	0	0	58082	5433	6768+319+222
data\source\npc\quest\w1351_new_npc_xuanci\w1351_new_npc_xuanci.mesh	OK	140916	2172	2380	1	48200	52088	0	0	48200	0	2380
data\source\npc\quest\w1351_new_npc_youtanzhi\w1351_new_npc_youtanzhi.mesh	OK	306012	4886	6519	1	110758	97224	0	0	52126	4886	6519
data\source\npc\quest\w1351_new_npc_yunfeifei\w1351_new_npc_yunfeifei.mesh	OK	62856	939	1339	1	21458	21812	0	0	10190	939	1339
data\source\npc\quest\w1351_new_npc_yunsier\w1351_new_npc_yunsier.mesh	OK	75244	1238	1586	1	27932	22656	1	1	0	1238	1586
data\source\npc\quest\w1351_new_npc_zhaixingzi\w1351_new_npc_zhaixingzi.mesh	OK	118136	1724	2302	1	39084	44268	0	0	39084	0	2302
data\source\npc\quest\w1351_new_npc_zhanghuo\w1351_new_npc_zhanghuo.mesh	OK	103464	1709	2090	1	38360	31772	0	0	38360	0	2090
data\source\npc\quest\w1351_new_npc_zhongling\w1351_new_npc_zhongling_shoutao_001.mesh	OK	141688	1855	2818	1	42736	59500	0	0	42736	0	2818
data\source\npc\quest\w1351_new_npc_zhongling\w1351_new_npc_zhongling_yifu_001.mesh	OK	340824	5643	7111	1	127082	103076	0	0	127082	0	7111
data\source\npc\quest\w1351_npc_abi\w1351_npc_abi_lian_001.mesh	OK	23484	213	286	1	4260	14668	1	0	0	213	286
data\source\npc\quest\w1351_npc_abi\w1351_npc_abi_yifu_001.mesh	OK	33236	387	526	1	7740	17412	1	0	0	387	526
data\source\npc\quest\w1351_npc_afei\w1351_npc_afei_lian_001.mesh	OK	16740	158	216	1	3160	10104	1	0	0	158	216
data\source\npc\quest\w1351_npc_afei\w1351_npc_afei_shoutao_001.mesh	OK	12816	97	94	1	1940	8864	1	0	0	97	94
data\source\npc\quest\w1351_npc_afei\w1351_npc_afei_yifu_001.mesh	OK	33288	416	582	1	8320	16200	1	0	0	416	582
data\source\npc\quest\w1351_npc_aierdike\w1351_npc_aierdike_lian_001.mesh	OK	11292	61	110	1	1220	8396	1	0	0	61	110
data\source\npc\quest\w1351_npc_aierdike\w1351_npc_aierdike_yifu_001.mesh	OK	28676	332	426	1	6640	15212	1	0	0	332	426
data\source\npc\quest\w1351_npc_ailianghe\w1351_npc_ailianghe_yifu_001.mesh	OK	140206	1729	2213	1	34580	71316	1	0	0	1729	2213
data\source\npc\quest\w1351_npc_aimoer\w1351_npc_aimoer_lian_001.mesh	OK	19406	137	181	1	2740	13652	1	0	0	137	181
data\source\npc\quest\w1351_npc_aimoer\w1351_npc_aimoer_yifu_001.mesh	OK	38984	498	616	1	9960	19068	1	0	0	498	616
data\source\npc\quest\w1351_npc_ali\w1351_npc_ali_lian_001.mesh	OK	12608	89	140	1	1780	8636	1	0	0	89	140
data\source\npc\quest\w1351_npc_ali\w1351_npc_ali_yifu_001.mesh	OK	29200	406	508	1	8120	12876	1	0	0	406	508
data\source\npc\quest\w1351_npc_ali\w1351_npc_yehang_lian_001.mesh	OK	12480	89	140	1	1780	8508	1	0	0	89	140
data\source\npc\quest\w1351_npc_ali\w1351_npc_yehang_yifu_001.mesh	OK	29072	406	508	1	8120	12748	1	0	0	406	508
data\source\npc\quest\w1351_npc_anyixuan\w1351_npc_anyixuan_lian_001.mesh	OK	42196	516	686	1	10320	21284	1	0	0	516	686
data\source\npc\quest\w1351_npc_anyixuan\w1351_npc_anyixuan_yifu_001.mesh	OK	60668	697	1062	1	13940	31708	1	0	0	697	1062
data\source\npc\quest\w1351_npc_anyixuan02\w1351_npc_anyixuan02_yifu_001.mesh	OK	76372	961	1462	1	19220	36564	1	0	0	961	1462
data\source\npc\quest\w1351_npc_anyixuan04\w1351_npc_anyixuan04_lian_001.mesh	OK	42132	487	610	1	9740	22604	1	0	0	487	610
data\source\npc\quest\w1351_npc_anyixuan04\w1351_npc_anyixuan04_yifu_001.mesh	OK	52312	567	876	1	11340	28628	1	0	0	567	876
data\source\npc\quest\w1351_npc_atijie\w1351_npc_atijie_lian_001.mesh	OK	14722	119	167	1	2380	9628	1	0	0	119	167
data\source\npc\quest\w1351_npc_atijie\w1351_npc_atijie_yifu_001.mesh	OK	29660	382	542	1	7640	13900	1	0	0	382	542
data\source\npc\quest\w1351_npc_ating\w1351_npc_ating.mesh	OK	53100	844	1156	1	19192	16560	1	1	0	844	1156
data\source\npc\quest\w1351_npc_atong\w1351_npc_atong.mesh	OK	52952	836	1134	1	18988	16844	1	1	0	836	1134
data\source\npc\quest\w1351_npc_attack_dahuangfeng\w1351_npc_attack_dahuangfeng01_a.mesh	OK	19528	230	272	1	4600	10252	1	0	0	230	272
data\source\npc\quest\w1351_npc_attack_dahuangfeng\w1351_npc_attack_dahuangfeng01_b.mesh	OK	9292	40	30	1	800	7548	1	0	0	40	30
data\source\npc\quest\w1351_npc_attack_dahuangfeng\w1351_npc_attack_dahuangfeng02_a.mesh	OK	19528	230	272	1	4600	10252	1	0	0	230	272
data\source\npc\quest\w1351_npc_attack_dahuangfeng\w1351_npc_attack_dahuangfeng02_b.mesh	OK	9292	40	30	1	800	7548	1	0	0	40	30
data\source\npc\quest\w1351_npc_attack_dahuangfeng\w1351_npc_attack_dahuangfeng03_a.mesh	OK	19528	230	272	1	4600	10252	1	0	0	230	272
data\source\npc\quest\w1351_npc_attack_dahuangfeng\w1351_npc_attack_dahuangfeng03_b.mesh	OK	9292	40	30	1	800	7548	1	0	0	40	30
data\source\npc\quest\w1351_npc_attack_dahuangfeng\w1351_npc_attack_dahuangfeng04_a.mesh	OK	19528	230	272	1	4600	10252	1	0	0	230	272
data\source\npc\quest\w1351_npc_attack_dahuangfeng\w1351_npc_attack_dahuangfeng04_b.mesh	OK	9292	40	30	1	800	7548	1	0	0	40	30
data\source\npc\quest\w1351_npc_attack_dahuangfeng\w1351_npc_attack_dahuangfeng_a.mesh	OK	19528	230	272	1	4600	10252	1	0	0	230	272
data\source\npc\quest\w1351_npc_attack_dahuangfeng\w1351_npc_attack_dahuangfeng_b.mesh	OK	9292	40	30	1	800	7548	1	0	0	40	30
data\source\npc\quest\w1351_npc_attack_gaoshanbaiyuan01\w1351_npc_attack_gaoshanbaiyuan01.mesh	OK	49332	725	886	1	14500	20532	1	0	0	725	886
data\source\npc\quest\w1351_npc_attack_gaoshanbaiyuan01\w1351_npc_attack_gaoshanbaiyuan02.mesh	OK	49332	725	886	1	14500	20532	1	0	0	725	886
data\source\npc\quest\w1351_npc_attack_gaoshanbaiyuan01\w1351_npc_attack_gaoshanbaiyuan03.mesh	OK	49332	725	886	1	14500	20532	1	0	0	725	886
data\source\npc\quest\w1351_npc_attack_gaoshanbaiyuan01\w1351_npc_attack_gaoshanbaiyuan04.mesh	OK	49332	725	886	1	14500	20532	1	0	0	725	886
data\source\npc\quest\w1351_npc_attack_gaoshanbaiyuan01\w1351_npc_attack_gaoshanbaiyuan05.mesh	OK	49332	725	886	1	14500	20532	1	0	0	725	886
data\source\npc\quest\w1351_npc_attack_gaoshanbaiyuan01\w1351_npc_attack_gaoshanbaiyuan06.mesh	OK	49332	725	886	1	14500	20532	1	0	0	725	886
data\source\npc\quest\w1351_npc_attack_gaoshanbaiyuan01\w1351_npc_attack_gaoshanbaiyuan07.mesh	OK	49332	725	886	1	14500	20532	1	0	0	725	886
data\source\npc\quest\w1351_npc_attack_gaoshanbaiyuan01\w1351_npc_attack_gaoshanbaiyuan08.mesh	OK	49332	725	886	1	14500	20532	1	0	0	725	886
data\source\npc\quest\w1351_npc_attack_gaoshanbaiyuan01\w1351_npc_attack_gaoshanbaiyuan09.mesh	OK	49332	725	886	1	14500	20532	1	0	0	725	886
data\source\npc\quest\w1351_npc_attack_gaoshanbaiyuan01\w1351_npc_attack_gaoshanbaiyuan10.mesh	OK	49332	725	886	1	14500	20532	1	0	0	725	886
data\source\npc\quest\w1351_npc_attack_gaoshanbaiyuan01\w1351_npc_attack_gaoshanbaiyuan11.mesh	OK	49332	725	886	1	14500	20532	1	0	0	725	886
data\source\npc\quest\w1351_npc_attack_luweicaoren\w1351_npc_attack_luweicaoren_lian_001.mesh	OK	10228	56	66	1	1120	7756	1	0	0	56	66
data\source\npc\quest\w1351_npc_attack_luweicaoren\w1351_npc_attack_luweicaoren_yifu_001.mesh	OK	21728	263	338	2	5260	10996	1	0	0	263	329+9
data\source\npc\quest\w1351_npc_attack_shandianbao\w1351_npc_attack_shandianbao.mesh	OK	39588	467	592	1	9340	20808	1	0	0	467	592
data\source\npc\quest\w1351_npc_attack_shanyuedaoke\w1351_npc_attack_shanyuedaoke_lian_001.mesh	OK	12544	83	118	1	1660	8896	1	0	0	83	118
data\source\npc\quest\w1351_npc_attack_shanyuedaoke\w1351_npc_attack_shanyuedaoke_shoutao_001.mesh	OK	10666	48	41	1	960	8600	1	0	0	48	41
data\source\npc\quest\w1351_npc_attack_shanyuedaoke\w1351_npc_attack_shanyuedaoke_yifu_001.mesh	OK	35684	506	696	1	10120	15032	1	0	0	506	696
data\source\npc\quest\w1351_npc_attack_shanyuedaoke\w1351_npc_duzhangxiaoguailinghun_a.mesh	OK	12544	83	118	1	1660	8896	1	0	0	83	118
data\source\npc\quest\w1351_npc_attack_shanyuedaoke\w1351_npc_duzhangxiaoguailinghun_b.mesh	OK	10666	48	41	1	960	8600	1	0	0	48	41
data\source\npc\quest\w1351_npc_attack_shanyuedaoke\w1351_npc_duzhangxiaoguailinghun_c.mesh	OK	35684	506	696	1	10120	15032	1	0	0	506	696
data\source\npc\quest\w1351_npc_attack_shanzhu01\w1351_npc_attack_shanzhu01.mesh	OK	42392	456	656	1	9120	23580	1	0	0	456	656
data\source\npc\quest\w1351_npc_attack_shanzhu01\w1351_npc_attack_shanzhu02.mesh	OK	42392	456	656	1	9120	23580	1	0	0	456	656
data\source\npc\quest\w1351_npc_attack_shanzhu01\w1351_npc_attack_shanzhu03.mesh	OK	42392	456	656	1	9120	23580	1	0	0	456	656
data\source\npc\quest\w1351_npc_attack_shanzhu01\w1351_npc_attack_shanzhu04.mesh	OK	42392	456	656	1	9120	23580	1	0	0	456	656
data\source\npc\quest\w1351_npc_attack_shanzhu01\w1351_npc_attack_shanzhu05.mesh	OK	42392	456	656	1	9120	23580	1	0	0	456	656
data\source\npc\quest\w1351_npc_attack_shanzhu01\w1351_npc_attack_shanzhu06.mesh	OK	42392	456	656	1	9120	23580	1	0	0	456	656
data\source\npc\quest\w1351_npc_attack_shanzhu01\w1351_npc_attack_shanzhu07.mesh	OK	42392	456	656	1	9120	23580	1	0	0	456	656
data\source\npc\quest\w1351_npc_attack_shanzhu01\w1351_npc_attack_shanzhu08.mesh	OK	42392	456	656	1	9120	23580	1	0	0	456	656
data\source\npc\quest\w1351_npc_attack_shanzhu01\w1351_npc_attack_shanzhu09.mesh	OK	42392	456	656	1	9120	23580	1	0	0	456	656
data\source\npc\quest\w1351_npc_attack_shanzhu01\w1351_npc_attack_shanzhu10.mesh	OK	42392	456	656	1	9120	23580	1	0	0	456	656
data\source\npc\quest\w1351_npc_attack_shanzhu01\w1351_npc_attack_shanzhu11.mesh	OK	42392	456	656	1	9120	23580	1	0	0	456	656
data\source\npc\quest\w1351_npc_attack_shanzhu01\w1351_npc_attack_shanzhu12.mesh	OK	42392	456	656	1	9120	23580	1	0	0	456	656
data\source\npc\quest\w1351_npc_attack_shanzhu01\w1351_npc_attack_shanzhu13.mesh	OK	42392	456	656	1	9120	23580	1	0	0	456	656
data\source\npc\quest\w1351_npc_attack_tongren\w1351_npc_attack_tongren_lian_01.mesh	OK	13412	119	162	1	2380	8348	1	0	0	119	162
data\source\npc\quest\w1351_npc_attack_tongren\w1351_npc_attack_tongren_yifu_01.mesh	OK	29660	397	522	1	7940	13540	1	0	0	397	522
data\source\npc\quest\w1351_npc_attack_xiaozei\w1351_npc_attack_xiaozei_lian_001.mesh	OK	12676	87	148	1	1740	8720	1	0	0	87	148
data\source\npc\quest\w1351_npc_attack_xiaozei\w1351_npc_attack_xiaozei_shoutao_001.mesh	OK	9484	28	20	1	560	8184	1	0	0	28	20
data\source\npc\quest\w1351_npc_attack_xiaozei\w1351_npc_attack_xiaozei_yifu_001.mesh	OK	33556	409	536	1	8180	16968	1	0	0	409	536
data\source\npc\quest\w1351_npc_azi\w1351_npc_azi.mesh	OK	62196	913	1198	2	18260	25504	1	0	0	913	922+276
data\source\npc\quest\w1351_npc_bagaili\w1351_npc_bagaili_lian_001.mesh	OK	17296	193	228	1	3860	9468	1	0	0	193	228
data\source\npc\quest\w1351_npc_bagaili\w1351_npc_bagaili_yifu_001.mesh	OK	32412	452	578	1	9040	14196	1	0	0	452	578
data\source\npc\quest\w1351_npc_baishanyang\w1351_npc_baishanyang.mesh	OK	25236	299	432	1	6844	11928	1	1	0	299	432
data\source\npc\quest\w1351_npc_baishijing\w1351_npc_baishijing_lian_001.mesh	OK	20120	152	194	1	3040	13808	1	0	0	152	194
data\source\npc\quest\w1351_npc_baishijing\w1351_npc_baishijing_shoutao_001.mesh	OK	16216	84	54	1	1680	12920	1	0	0	84	54
data\source\npc\quest\w1351_npc_baishijing\w1351_npc_baishijing_yifu_001.mesh	OK	30904	340	422	1	6800	17208	1	0	0	340	422
data\source\npc\quest\w1351_npc_baitieliu\w1351_npc_baitieliu_lian_001.mesh	OK	18248	146	180	1	2920	12212	1	0	0	146	180
data\source\npc\quest\w1351_npc_baitieliu\w1351_npc_baitieliu_shoutao_001.mesh	OK	13976	82	84	1	1640	10564	1	0	0	82	84
data\source\npc\quest\w1351_npc_baitieliu\w1351_npc_baitieliu_yifu_001.mesh	OK	35648	439	504	1	8780	18292	1	0	0	439	504
data\source\npc\quest\w1351_npc_baiyingzhong\w1351_npc_baiyingzhong_lian_001.mesh	OK	14200	125	172	1	2500	8884	1	0	0	125	172
data\source\npc\quest\w1351_npc_baiyingzhong\w1351_npc_baiyingzhong_yifu_001.mesh	OK	28424	369	468	1	7380	13524	1	0	0	369	468
data\source\npc\quest\w1351_npc_baoruoxing\w1351_npc_baoruoxing.mesh	OK	65220	1021	1168	1	22756	22920	1	1	0	1021	1168
data\source\npc\quest\w1351_npc_benfan\w1351_npc_benfan_lian_001.mesh	OK	17828	125	150	1	2500	12644	1	0	0	125	150
data\source\npc\quest\w1351_npc_benfan\w1351_npc_benfan_yifu_001.mesh	OK	26476	281	386	1	5620	14884	1	0	0	281	386
data\source\npc\quest\w1351_npc_benran\w1351_npc_benran_yifu_001.mesh	OK	121208	1598	1938	1	31960	58160	1	0	0	1598	1938
data\source\npc\quest\w1351_npc_benxi\w1351_npc_benxi_yifu_001.mesh	OK	98016	1544	2304	1	30880	34500	1	0	0	1544	2304
data\source\npc\quest\w1351_npc_biaoche1\w1351_npc_biaoche1.mesh	OK	189136	2939	3231	1	65242	68956	0	0	29974	2939	3231
data\source\npc\quest\w1351_npc_biaoche2\w1351_npc_biaoche2.mesh	OK	304724	5327	5102	2	116744	93156	1	1	0	5327	2584+2518
data\source\npc\quest\w1351_npc_biaoche3\w1351_npc_biaoche3.mesh	OK	739144	12852	12041	2	281122	231264	0	0	126898	12852	5626+6415
data\source\npc\quest\w1351_npc_biaoche4\w1351_npc_biaoche4.mesh	OK	997032	18096	16161	2	394242	288384	0	0	177090	18096	8957+7204
data\source\npc\quest\w1351_npc_biaoche5\w1351_npc_biaoche5.mesh	OK	677456	11004	10394	2	240868	241888	1	1	0	11004	4738+5656
data\source\npc\quest\w1351_npc_biluosanren\w1351_npc_biluosanren_yifu_001.mesh	OK	164800	2104	2880	1	42080	79908	1	0	0	2104	2880
data\source\npc\quest\w1351_npc_bisheng\w1351_npc_bisheng_lian_001.mesh	OK	16388	100	136	1	2000	12088	1	0	0	100	136
data\source\npc\quest\w1351_npc_bisheng\w1351_npc_bisheng_shoutao_001.mesh	OK	12892	32	20	1	640	11464	1	0	0	32	20
data\source\npc\quest\w1351_npc_bisheng\w1351_npc_bisheng_yifu_001.mesh	OK	30724	351	424	1	7020	16664	1	0	0	351	424
data\source\npc\quest\w1351_npc_boer\w1351_npc_boer_lian_001.mesh	OK	13104	98	144	1	1960	8820	1	0	0	98	144
data\source\npc\quest\w1351_npc_boer\w1351_npc_boer_yifu_001.mesh	OK	23376	271	400	1	5420	12020	1	0	0	271	400
data\source\npc\quest\w1351_npc_buhuiqi_001\w1351_npc_buhuiqi_001.mesh	OK	56412	817	1076	4	16340	23516	1	0	0	817	732+112+12+220
data\source\npc\quest\w1351_npc_chechuanyi\w1351_npc_chechuanyi_yifu_001.mesh	OK	32052	405	520	3	8100	15680	1	0	0	405	358+12+150
data\source\npc\quest\w1351_npc_chechuanzhi\w1351_npc_chechuanzhi_yifu_001.mesh	OK	38396	558	602	2	11160	16640	1	0	0	558	406+196
data\source\npc\quest\w1351_npc_chenfuzhi\w1351_npc_chenfuzhi_yifu_001.mesh	OK	29508	368	528	2	7360	14276	1	0	0	368	392+136
data\source\npc\quest\w1351_npc_chengqingshuang\w1351_npc_chengqingshuang_lian_001.mesh	OK	19484	138	206	1	2760	13548	1	0	0	138	206
data\source\npc\quest\w1351_npc_chengqingshuang\w1351_npc_chengqingshuang_yifu_001.mesh	OK	38524	488	630	1	9760	18844	1	0	0	488	630
data\source\npc\quest\w1351_npc_chengshuijing01\w1351_npc_chengshuijing01_lian_001.mesh	OK	26836	482	640	1	9640	7288	1	0	0	482	640
data\source\npc\quest\w1351_npc_chengshuijing01\w1351_npc_chengshuijing01_yifu_001.mesh	OK	99724	2108	1948	1	42160	20296	1	0	0	2108	1948
data\source\npc\quest\w1351_npc_chengshuijing02\w1351_npc_chengshuijing02_lian_001.mesh	OK	99724	2108	1948	1	42160	20296	1	0	0	2108	1948
data\source\npc\quest\w1351_npc_chengshuijing02\w1351_npc_chengshuijing02_yifu_001.mesh	OK	26836	482	640	1	9640	7288	1	0	0	482	640
data\source\npc\quest\w1351_npc_chenguyan\w1351_npc_chenguyan_lian_001.mesh	OK	19484	167	202	1	3340	12644	1	0	0	167	202
data\source\npc\quest\w1351_npc_chenguyan\w1351_npc_chenguyan_yifu_001.mesh	OK	29540	340	422	1	6800	15844	1	0	0	340	422
data\source\npc\quest\w1351_npc_chengyi\w1351_npc_chengyi_yifu_001.mesh	OK	36332	451	554	2	9020	18288	1	0	0	451	394+160
data\source\npc\quest\w1351_npc_chenyongren\w1351_npc_chenyongren_lian_001.mesh	OK	14492	141	162	1	3144	8400	1	1	0	141	162
data\source\npc\quest\w1351_npc_chenyongren\w1351_npc_chenyongren_shoutao_001.mesh	OK	10858	53	61	1	1060	8512	1	0	0	53	61
data\source\npc\quest\w1351_npc_chenyongren\w1351_npc_chenyongren_yifu_001.mesh	OK	33036	464	551	1	10382	13496	0	0	4814	464	551
data\source\npc\quest\w1351_npc_chilunda\w1351_npc_chilunda.mesh	OK	34088	698	494	2	13960	8500	1	0	0	698	230+264
data\source\npc\quest\w1351_npc_chilunda02\w1351_npc_chilunda02.mesh	OK	34184	698	494	2	13960	8596	1	0	0	698	198+296
data\source\npc\quest\w1351_npc_chilunxiao\w1351_npc_chilunxiao.mesh	OK	19834	421	315	2	8420	4184	1	0	0	421	123+192
data\source\npc\quest\w1351_npc_chiyoufenxiangta\w1351_npc_chiyoufenxiangta.mesh	OK	107372	2199	2004	1	47988	20688	1	1	0	2199	2004
data\source\npc\quest\w1351_npc_chiyouluoxingta\w1351_npc_chiyouluoxingta.mesh	OK	114336	2378	1882	1	51324	22900	1	1	0	2378	1882
data\source\npc\quest\w1351_npc_chiyouzhanchebai\w1351_npc_chiyouzhanchebai.mesh	OK	70748	1421	1316	1	31052	14464	1	1	0	1421	1316
data\source\npc\quest\w1351_npc_chiyouzhanchebai\w1351_npc_chiyouzhanchehong.mesh	OK	70748	1421	1316	1	31052	14464	1	1	0	1421	1316
data\source\npc\quest\w1351_npc_chiyouzhanchebai\w1351_npc_chiyouzhanchehuang.mesh	OK	70748	1421	1316	1	31052	14464	1	1	0	1421	1316
data\source\npc\quest\w1351_npc_chiyouzhanchebai\w1351_npc_chiyouzhanchelan.mesh	OK	70748	1421	1316	1	31052	14464	1	1	0	1421	1316
data\source\npc\quest\w1351_npc_chiyouzhanchebai\w1351_npc_chiyouzhanchezi.mesh	OK	70748	1421	1316	1	31052	14464	1	1	0	1421	1316
data\source\npc\quest\w1351_npc_chiyouzhanqi\w1351_npc_chiyouzhanqi.mesh	OK	68604	1320	1491	1	29382	14152	0	0	13542	1320	1491
data\source\npc\quest\w1351_npc_chuyi\w1351_npc_chuyi_lian_001.mesh	OK	17700	116	150	1	2320	12804	1	0	0	116	150
data\source\npc\quest\w1351_npc_chuyi\w1351_npc_chuyi_shoutao_001.mesh	OK	11612	8	10	1	160	11012	1	0	0	8	10
data\source\npc\quest\w1351_npc_chuyi\w1351_npc_chuyi_yifu_001.mesh	OK	28620	316	422	1	6320	15692	1	0	0	316	422
data\source\npc\quest\w1351_npc_cuifengjiu\w1351_npc_cuifengjiu_lian_001.mesh	OK	12396	85	126	1	1700	8636	1	0	0	85	126
data\source\npc\quest\w1351_npc_cuifengjiu\w1351_npc_cuifengjiu_shoutao_001.mesh	OK	9576	28	36	1	560	8180	1	0	0	28	36
data\source\npc\quest\w1351_npc_cuifengjiu\w1351_npc_cuifengjiu_yifu_001.mesh	OK	26388	334	414	1	6680	12932	1	0	0	334	414
data\source\npc\quest\w1351_npc_daidaiqiu\w1351_npc_daidaiqiu_toufa_001.mesh	OK	12052	36	31	1	782	10368	0	0	350	36	31
data\source\npc\quest\w1351_npc_daidaiqiu\w1351_npc_daidaiqiu_yifu_001.mesh	OK	30692	315	502	1	7304	16312	1	1	0	315	502
data\source\npc\quest\w1351_npc_daidaiqiu\w1351_pets_dandanji_b3_lian_001.mesh	OK	11596	28	24	1	608	10224	1	1	0	28	24
data\source\npc\quest\w1351_npc_daixiaoliu\w1351_npc_daixiaoliu_lian_001.mesh	OK	15004	112	142	2	2240	10280	1	0	0	112	132+10
data\source\npc\quest\w1351_npc_daixiaoliu\w1351_npc_daixiaoliu_toufa_001.mesh	OK	29332	448	484	1	8960	11808	1	0	0	448	484
data\source\npc\quest\w1351_npc_daixiaoliu\w1351_npc_daixiaoliu_xiezi_001.mesh	OK	20796	276	208	1	5520	10432	1	0	0	276	208
data\source\npc\quest\w1351_npc_daixiaoliu\w1351_npc_daixiaoliu_yifu_001.mesh	OK	32136	404	474	1	8080	16080	1	0	0	404	474
data\source\npc\quest\w1351_npc_dalaozeng\w1351_npc_dalaozeng_lian_001.mesh	OK	13368	108	170	1	2160	8608	1	0	0	108	170
data\source\npc\quest\w1351_npc_dalaozeng\w1351_npc_dalaozeng_toufa_001.mesh	OK	9644	44	64	1	880	7568	1	0	0	44	64
data\source\npc\quest\w1351_npc_dalaozeng\w1351_npc_dalaozeng_xiezi_001.mesh	OK	15968	158	226	1	3160	9272	1	0	0	158	226
data\source\npc\quest\w1351_npc_dalaozeng\w1351_npc_dalaozeng_yifu_001.mesh	OK	20448	234	306	1	4680	10840	1	0	0	234	306
data\source\npc\quest\w1351_npc_daliaoshiguan\w1351_npc_daliaoshiguan_shoutao_001.mesh	OK	10092	58	94	1	1348	7200	1	1	0	58	94
data\source\npc\quest\w1351_npc_daliaoshiguan\w1351_npc_daliaoshiguan_toufa_001.mesh	OK	14220	138	200	1	3160	7920	1	1	0	138	200
data\source\npc\quest\w1351_npc_daliaoshiguan\w1351_npc_daliaoshiguan_yifu_001.mesh	OK	23596	301	422	1	6864	10304	1	1	0	301	422
data\source\npc\quest\w1351_npc_dantaiziyu\w1351_npc_dantaiziyu.mesh	OK	144340	2370	3372	1	54144	41240	0	0	54144	0	3372
data\source\npc\quest\w1351_npc_daocaoren\w1351_npc_daocaoren_lian_001.mesh	OK	10676	56	66	1	1120	8204	1	0	0	56	66
data\source\npc\quest\w1351_npc_daocaoren\w1351_npc_daocaoren_yifu_001.mesh	OK	21728	263	338	2	5260	10996	1	0	0	263	329+9
data\source\npc\quest\w1351_npc_daoyingluo\w1351_npc_daoyingluo_lian_001.mesh	OK	13600	106	196	1	2120	8748	1	0	0	106	196
data\source\npc\quest\w1351_npc_daoyingluo\w1351_npc_daoyingluo_xiezi_001.mesh	OK	17524	173	250	1	3460	10204	1	0	0	173	250
data\source\npc\quest\w1351_npc_daoyingluo\w1351_npc_daoyingluo_yifu_001.mesh	OK	28426	318	431	1	6360	15380	1	0	0	318	431
data\source\npc\quest\w1351_npc_dingchunqiu\w1351_npc_dingchunqiu_lian_001.mesh	OK	19044	141	202	1	2820	13036	1	0	0	141	202
data\source\npc\quest\w1351_npc_dingchunqiu\w1351_npc_dingchunqiu_yifu_001.mesh	OK	27040	270	368	1	5400	15908	1	0	0	270	368
data\source\npc\quest\w1351_npc_dongchang\w1351_npc_dongchang_lian_001.mesh	OK	16078	97	145	1	1940	11820	1	0	0	97	145
data\source\npc\quest\w1351_npc_dongchang\w1351_npc_dongchang_yifu_001.mesh	OK	28964	321	454	1	6420	15684	1	0	0	321	454
data\source\npc\quest\w1351_npc_dongdong\w1351_npc_dongdong_lian_001.mesh	OK	13972	103	168	1	2060	9384	1	0	0	103	168
data\source\npc\quest\w1351_npc_dongdong\w1351_npc_dongdong_xiezi_001.mesh	OK	17856	171	246	1	3420	10624	1	0	0	171	246
data\source\npc\quest\w1351_npc_dongdong\w1351_npc_dongdong_yifu_001.mesh	OK	22140	229	308	1	4580	12680	1	0	0	229	308
data\source\npc\quest\w1351_npc_doudou\w1351_npc_doudou.mesh	OK	22348	257	316	1	5140	11944	1	0	0	257	316
data\source\npc\quest\w1351_npc_duantai01\w1351_npc_duantai01.mesh	OK	159376	4435	2858	7	88700	0	1	0	0	4435	254+34+270+766+1090+190+254
data\source\npc\quest\w1351_npc_duantai02\w1351_npc_duantai02.mesh	OK	158760	4423	2820	6	88460	0	1	0	0	4423	389+1074+766+271+34+286
data\source\npc\quest\w1351_npc_duantai03\w1351_npc_duantai03.mesh	OK	142664	3962	2596	6	79240	0	1	0	0	3962	1650+380+8+458+88+12
data\source\npc\quest\w1351_npc_duantai04\w1351_npc_duantai04.mesh	OK	155104	4350	2600	6	87000	0	1	0	0	4350	392+1712+212+168+104+12
data\source\npc\quest\w1351_npc_duantai05\w1351_npc_duantai05.mesh	OK	186576	5201	3306	7	104020	0	1	0	0	5201	802+258+26+176+16+8+2020
data\source\npc\quest\w1351_npc_duanyanqing\w1351_npc_duanyanqing.mesh	OK	120432	1922	2984	2	38440	40736	1	0	0	1922	1904+1080
data\source\npc\quest\w1351_npc_duanzhengchun\w1351_npc_duanzhengchun_lian_001.mesh	OK	18696	216	242	1	4320	10048	1	0	0	216	242
data\source\npc\quest\w1351_npc_duanzhengchun\w1351_npc_duanzhengchun_shoutao_001.mesh	OK	10924	53	72	1	1060	8512	1	0	0	53	72
data\source\npc\quest\w1351_npc_duanzhengchun\w1351_npc_duanzhengchun_yifu_001.mesh	OK	26284	311	400	1	6220	13648	1	0	0	311	400
data\source\npc\quest\w1351_npc_duanzhengming\w1351_npc_duanzhengming_lian_001.mesh	OK	15780	139	166	1	2780	10052	1	0	0	139	166
data\source\npc\quest\w1351_npc_duanzhengming\w1351_npc_duanzhengming_yifu_001.mesh	OK	30880	419	512	1	8380	14116	1	0	0	419	512
data\source\npc\quest\w1351_npc_dushaokang\w1351_npc_dushaokang_yifu_001.mesh	OK	133572	1678	2168	1	33560	66584	1	0	0	1678	2168
data\source\npc\quest\w1351_npc_duziteng\w1351_npc_duziteng_lian_001.mesh	OK	14028	72	108	1	1440	10792	1	0	0	72	108
data\source\npc\quest\w1351_npc_duziteng\w1351_npc_duziteng_yifu_001.mesh	OK	27168	303	438	1	6060	14560	1	0	0	303	438
data\source\npc\quest\w1351_npc_fanbailing\w1351_npc_fanbailing_lian_001.mesh	OK	17718	137	181	1	2740	11964	1	0	0	137	181
data\source\npc\quest\w1351_npc_fanbailing\w1351_npc_fanbailing_shoutao_001.mesh	OK	11656	12	12	1	240	10916	1	0	0	12	12
data\source\npc\quest\w1351_npc_fanbailing\w1351_npc_fanbailing_yifu_001.mesh	OK	29144	336	436	1	6720	15492	1	0	0	336	436
data\source\npc\quest\w1351_npc_fanchunli\w1351_npc_fanchunli_lian_001.mesh	OK	14752	115	152	1	2300	9876	1	0	0	115	152
data\source\npc\quest\w1351_npc_fanchunli\w1351_npc_fanchunli_yifu_001.mesh	OK	23612	296	398	1	5920	11468	1	0	0	296	398
data\source\npc\quest\w1351_npc_fangjufang01\w1351_npc_fangjufang01.mesh	OK	44420	1235	768	3	24700	0	1	0	0	1235	116+572+80
data\source\npc\quest\w1351_npc_fangjufang02\w1351_npc_fangjufang02.mesh	OK	64588	1790	1150	8	35800	96	1	0	0	1790	214+42+428+10+292+126+2+36
data\source\npc\quest\w1351_npc_fangjufang04\w1351_npc_fangjufang04.mesh	OK	52330	1441	985	7	28820	0	1	0	0	1441	321+18+50+192+198+182+24
data\source\npc\quest\w1351_npc_fangjufang05\w1351_npc_fangjufang05.mesh	OK	35880	981	698	5	19620	0	1	0	0	981	38+286+286+4+84
data\source\npc\quest\w1351_npc_fangqifo\w1351_npc_fangqifo_lian_001.mesh	OK	15248	142	200	1	2840	9220	1	0	0	142	200
data\source\npc\quest\w1351_npc_fangqifo\w1351_npc_fangqifo_shoutao_001.mesh	OK	9336	24	44	1	480	8020	1	0	0	24	44
data\source\npc\quest\w1351_npc_fangqifo\w1351_npc_fangqifo_yifu_001.mesh	OK	26640	312	428	1	6240	13804	1	0	0	312	428
data\source\npc\quest\w1351_npc_fangtianding\w1351_npc_fangtianding_lian_001.mesh	OK	14516	131	194	1	2620	8876	1	0	0	131	194
data\source\npc\quest\w1351_npc_fangtianding\w1351_npc_fangtianding_shoutao_001.mesh	OK	9336	24	44	1	480	8020	1	0	0	24	44
data\source\npc\quest\w1351_npc_fangtianding\w1351_npc_fangtianding_yifu_001.mesh	OK	25384	312	428	1	6240	12548	1	0	0	312	428
data\source\npc\quest\w1351_npc_fangxuanlao\w1351_npc_fangxuanlao_lian_001.mesh	OK	26108	361	406	1	7220	11836	1	0	0	361	406
data\source\npc\quest\w1351_npc_fangxuanlao\w1351_npc_fangxuanlao_yifu_001.mesh	OK	25312	271	380	1	5420	14076	1	0	0	271	380
data\source\npc\quest\w1351_npc_fengasan\w1351_npc_fengasan_lian_001.mesh	OK	16404	91	134	1	1820	12404	1	0	0	91	134
data\source\npc\quest\w1351_npc_fengasan\w1351_npc_fengasan_shoutao_001.mesh	OK	18052	154	110	1	3080	12180	1	0	0	154	110
data\source\npc\quest\w1351_npc_fengasan\w1351_npc_fengasan_yifu_001.mesh	OK	30080	342	448	1	6840	16164	1	0	0	342	448
data\source\npc\quest\w1351_npc_fengboe\w1351_npc_fengboe_lian_001.mesh	OK	15436	142	194	1	2840	9444	1	0	0	142	194
data\source\npc\quest\w1351_npc_fengboe\w1351_npc_fengboe_shoutao_001.mesh	OK	11080	67	48	1	1340	8364	1	0	0	67	48
data\source\npc\quest\w1351_npc_fengboe\w1351_npc_fengboe_yifu_001.mesh	OK	32760	454	560	1	9080	14588	1	0	0	454	560
data\source\npc\quest\w1351_npc_fenghuangzhaixiaohai\w1351_npc_fenghuangzhaixiaohai_lian_001.mesh	OK	13908	113	162	1	2260	9036	1	0	0	113	162
data\source\npc\quest\w1351_npc_fenghuangzhaixiaohai\w1351_npc_fenghuangzhaixiaohai_yifu_001.mesh	OK	29468	391	514	1	7820	13588	1	0	0	391	514
data\source\npc\quest\w1351_npc_fengqianli\w1351_npc_fengqianli.mesh	OK	56908	792	1067	1	17974	22744	0	0	8470	792	1067
data\source\npc\quest\w1351_npc_fengxiao\w1351_npc_fengxiao.mesh	OK	63836	1023	1134	1	22728	21744	1	1	0	1023	1134
data\source\npc\quest\w1351_npc_fengzhutie\w1351_npc_fengzhutie_lian_001.mesh	OK	12756	84	102	1	1680	9172	1	0	0	84	102
data\source\npc\quest\w1351_npc_fengzhutie\w1351_npc_fengzhutie_yifu_001.mesh	OK	29168	386	504	1	7720	13508	1	0	0	386	504
data\source\npc\quest\w1351_npc_foyin\w1351_npc_foyin_lian_001.mesh	OK	15552	74	128	1	1480	12132	1	0	0	74	128
data\source\npc\quest\w1351_npc_foyin\w1351_npc_foyin_yifu_001.mesh	OK	29880	339	428	1	6780	16180	1	0	0	339	428
data\source\npc\quest\w1351_npc_fuminyi\w1351_npc_fuminyi_lian_001.mesh	OK	26108	262	318	1	5240	15532	1	0	0	262	318
data\source\npc\quest\w1351_npc_fuminyi\w1351_npc_fuminyi_shoutao_001.mesh	OK	21776	222	98	4	4440	13788	1	0	0	222	12+2+12+72
data\source\npc\quest\w1351_npc_fuminyi\w1351_npc_fuminyi_yifu_001.mesh	OK	36278	441	585	1	8820	18372	1	0	0	441	585
data\source\npc\quest\w1351_npc_gaiqianming\w1351_npc_gaiqianming_yifu_001.mesh	OK	68190	836	1129	3	16720	34372	1	0	0	836	870+61+198
data\source\npc\quest\w1351_npc_ganbaobao\w1351_npc_ganbaobao_lian_001.mesh	OK	19830	255	269	1	5100	9772	1	0	0	255	269
data\source\npc\quest\w1351_npc_ganbaobao\w1351_npc_ganbaobao_yifu_001.mesh	OK	38988	560	746	1	11200	16308	1	0	0	560	746
data\source\npc\quest\w1351_npc_gaoqiu\w1351_npc_gaoqiu_lian_001.mesh	OK	16052	103	138	1	2060	11644	1	0	0	103	138
data\source\npc\quest\w1351_npc_gaoqiu\w1351_npc_gaoqiu_shoutao_001.mesh	OK	12432	26	48	1	520	11028	1	0	0	26	48
data\source\npc\quest\w1351_npc_gaoqiu\w1351_npc_gaoqiu_yifu_001.mesh	OK	30732	352	470	1	7040	16364	1	0	0	352	470
data\source\npc\quest\w1351_npc_gaoshengtai\w1351_npc_gaoshengtai_toufa_001.mesh	OK	16520	117	150	1	2340	11592	1	0	0	117	150
data\source\npc\quest\w1351_npc_gaoshengtai\w1351_npc_gaoshengtai_yifu_001.mesh	OK	32568	337	422	1	6740	18968	1	0	0	337	422
data\source\npc\quest\w1351_npc_gaoshengxiang\w1351_npc_gaoshengxiang_lian_001.mesh	OK	13932	119	150	1	2380	8940	1	0	0	119	150
data\source\npc\quest\w1351_npc_gaoshengxiang\w1351_npc_gaoshengxiang_yifu_001.mesh	OK	22572	260	358	1	5200	11820	1	0	0	260	358
data\source\npc\quest\w1351_npc_guanhanshou\w1351_npc_guanhanshou_lian_001.mesh	OK	15140	128	188	1	2560	9632	1	0	0	128	188
data\source\npc\quest\w1351_npc_guanhanshou\w1351_npc_guanhanshou_shoutao_001.mesh	OK	10006	44	43	1	880	8056	1	0	0	44	43
data\source\npc\quest\w1351_npc_guanhanshou\w1351_npc_guanhanshou_yifu_001.mesh	OK	49744	717	742	1	14340	22064	1	0	0	717	742
data\source\npc\quest\w1351_npc_guanyuzhihun\w1351_npc_guanyuzhihun_shoutao_001.mesh	OK	27218	205	301	1	4100	18568	1	0	0	205	301
data\source\npc\quest\w1351_npc_guanyuzhihun\w1351_npc_guanyuzhihun_yifu_001.mesh	OK	116508	1885	2624	1	37700	40160	1	0	0	1885	2624
data\source\npc\quest\w1351_npc_haifengzi\w1351_npc_haifengzi_lian_001.mesh	OK	14088	103	172	1	2060	9476	1	0	0	103	172
data\source\npc\quest\w1351_npc_haifengzi\w1351_npc_haifengzi_xiezi_001.mesh	OK	17340	164	226	1	3280	10452	1	0	0	164	226
data\source\npc\quest\w1351_npc_haifengzi\w1351_npc_haifengzi_yifu_001.mesh	OK	22632	261	332	1	5220	12004	1	0	0	261	332
data\source\npc\quest\w1351_npc_hanshizhong\w1351_npc_hanshizhong_lian_001.mesh	OK	14797	140	204	1	2800	8809	1	0	0	140	204
data\source\npc\quest\w1351_npc_hanshizhong\w1351_npc_hanshizhong_yifu_001.mesh	OK	24641	278	370	1	5560	13241	1	0	0	278	370
data\source\npc\quest\w1351_npc_hanshizhong\w1351_npc_liuzhongfu_xiezi_001.mesh	OK	14445	132	172	1	2640	8905	1	0	0	132	172
data\source\npc\quest\w1351_npc_haolaizi\w1351_npc_haolaizi_yifu_001.mesh	OK	228310	3133	4085	1	62660	103260	1	0	0	3133	4085
data\source\npc\quest\w1351_npc_hehongling\w1351_npc_hehongling_lian_001.mesh	OK	15648	156	186	1	3492	8884	1	1	0	156	186
data\source\npc\quest\w1351_npc_hehongling\w1351_npc_hehongling_yifu_001.mesh	OK	31000	399	546	1	9072	13580	1	1	0	399	546
data\source\npc\quest\w1351_npc_heimiaomeinv\w1351_npc_heimiaomeinv_lian_001.mesh	OK	14528	117	136	1	2340	9684	1	0	0	117	136
data\source\npc\quest\w1351_npc_heimiaomeinv\w1351_npc_heimiaomeinv_yifu_001.mesh	OK	32876	465	490	1	9300	14772	1	0	0	465	490
data\source\npc\quest\w1351_npc_heimiaoxiaohai\w1351_npc_heimiaoxiaohai_lian_001.mesh	OK	13652	113	162	1	2260	8780	1	0	0	113	162
data\source\npc\quest\w1351_npc_heimiaoxiaohai\w1351_npc_heimiaoxiaohai_yifu_001.mesh	OK	29324	399	526	1	7980	13116	1	0	0	399	526
data\source\npc\quest\w1351_npc_heiyirendage\w1351_npc_heiyirendage.mesh	OK	617226	12039	4175	1	240780	206644	1	0	0	12039	4175
data\source\npc\quest\w1351_npc_heiyirenfushou\w1351_npc_heiyirenfushou.mesh	OK	159216	2553	3214	1	51060	57952	1	0	0	2553	3214
data\source\npc\quest\w1351_npc_heiyirenlouluo_dao\w1351_npc_heiyirenlouluo_dao.mesh	OK	148554	2454	3135	1	49080	50932	1	0	0	2454	3135
data\source\npc\quest\w1351_npc_heiyirenlouluo_jian\w1351_npc_heiyirenlouluo_jian.mesh	OK	138080	2266	3096	1	45320	46708	1	0	0	2266	3096
data\source\npc\quest\w1351_npc_heiyirenlouluo_qiang\w1351_npc_heiyirenlouluo_qiang.mesh	OK	160280	2659	3228	1	53180	55540	1	0	0	2659	3228
data\source\npc\quest\w1351_npc_helingzhi\w1351_npc_helingzhi_lian_001.mesh	OK	19112	199	228	1	3980	11092	1	0	0	199	228
data\source\npc\quest\w1351_npc_helingzhi\w1351_npc_helingzhi_yifu_001.mesh	OK	25376	300	436	1	6000	12876	1	0	0	300	436
data\source\npc\quest\w1351_npc_heshengjin\w1351_npc_heshengjin_lian_001.mesh	OK	12504	94	140	1	1880	8372	1	0	0	94	140
data\source\npc\quest\w1351_npc_heshengjin\w1351_npc_heshengjin_yifu_001.mesh	OK	25244	305	398	1	6100	12812	1	0	0	305	398
data\source\npc\quest\w1351_npc_hongcaiyun\w1351_npc_hongcaiyun_lian_001.mesh	OK	19928	178	228	1	4016	12124	1	1	0	178	228
data\source\npc\quest\w1351_npc_hongcaiyun\w1351_npc_hongcaiyun_yifu_001.mesh	OK	29720	338	462	1	7684	14924	1	1	0	338	462
data\source\npc\quest\w1351_npc_hongdagui\w1351_npc_hongdagui_lian_001.mesh	OK	15324	161	162	1	3544	8592	1	1	0	161	162
data\source\npc\quest\w1351_npc_hongdagui\w1351_npc_hongdagui_shoutao_001.mesh	OK	10858	53	61	1	1060	8512	1	0	0	53	61
data\source\npc\quest\w1351_npc_hongdagui\w1351_npc_hongdagui_yifu_001.mesh	OK	33036	464	551	1	10382	13496	0	0	4814	464	551
data\source\npc\quest\w1351_npc_hongtong\w1351_npc_hongtong_lian_001.mesh	OK	15960	173	216	1	3892	8412	1	1	0	173	216
data\source\npc\quest\w1351_npc_hongtong\w1351_npc_hongtong_shoutao_001.mesh	OK	8688	28	36	1	632	7220	1	1	0	28	36
data\source\npc\quest\w1351_npc_hongtong\w1351_npc_hongtong_yifu_001.mesh	OK	22872	282	408	1	6456	10300	1	1	0	282	408
data\source\npc\quest\w1351_npc_hongyu\w1351_npc_hongyu_lian_001.mesh	OK	26132	259	346	1	5180	15484	1	0	0	259	346
data\source\npc\quest\w1351_npc_hongyu\w1351_npc_hongyu_yifu_001.mesh	OK	38428	488	654	1	9760	18604	1	0	0	488	654
data\source\npc\quest\w1351_npc_huaibing\w1351_npc_huaibing_lian_001.mesh	OK	15296	74	128	1	1480	11876	1	0	0	74	128
data\source\npc\quest\w1351_npc_huaibing\w1351_npc_huaibing_yifu_001.mesh	OK	29640	339	428	1	6780	15940	1	0	0	339	428
data\source\npc\quest\w1351_npc_huamei\w1351_npc_huamei_toufa_001.mesh	OK	31012	284	430	1	5680	19060	1	0	0	284	430
data\source\npc\quest\w1351_npc_huamei\w1351_npc_huamei_yifu_001.mesh	OK	88488	1289	1616	1	25780	37260	1	0	0	1289	1616
data\source\npc\quest\w1351_npc_huanggongdao\w1351_npc_huanggongdao_lian_001.mesh	OK	16608	107	156	1	2140	11964	1	0	0	107	156
data\source\npc\quest\w1351_npc_huanggongdao\w1351_npc_huanggongdao_yifu_001.mesh	OK	29880	340	428	1	6800	16148	1	0	0	340	428
data\source\npc\quest\w1351_npc_huanglingbo\w1351_npc_huanglingbo_lian_001.mesh	OK	20624	205	244	1	4100	12316	1	0	0	205	244
data\source\npc\quest\w1351_npc_huanglingbo\w1351_npc_huanglingbo_yifu_001.mesh	OK	25376	300	436	1	6000	12876	1	0	0	300	436
data\source\npc\quest\w1351_npc_huangshuijing01\w1351_npc_huangshuijing01_lian_001.mesh	OK	12484	175	208	1	3500	5352	1	0	0	175	208
data\source\npc\quest\w1351_npc_huangshuijing01\w1351_npc_huangshuijing01_yifu_001.mesh	OK	9332	110	116	1	2200	4832	1	0	0	110	116
data\source\npc\quest\w1351_npc_huangshuijing02\w1351_npc_huangshuijing02_lian_001.mesh	OK	12452	175	208	1	3500	5320	1	0	0	175	208
data\source\npc\quest\w1351_npc_huangshuijing02\w1351_npc_huangshuijing02_lian_002.mesh	OK	12452	175	208	1	3500	5320	1	0	0	175	208
data\source\npc\quest\w1351_npc_huangshuijing02\w1351_npc_huangshuijing02_yifu_001.mesh	OK	9300	110	116	1	2200	4800	1	0	0	110	116
data\source\npc\quest\w1351_npc_huayao01\w1351_npc_huayao01.mesh	OK	24996	159	190	1	3180	18484	1	0	0	159	190
data\source\npc\quest\w1351_npc_huayao01\w1351_npc_huayao01_a.mesh	OK	46316	565	666	1	11300	23956	1	0	0	565	666
data\source\npc\quest\w1351_npc_huayao01\w1351_npc_huayao02.mesh	OK	24996	159	190	1	3180	18484	1	0	0	159	190
data\source\npc\quest\w1351_npc_huayao01\w1351_npc_huayao02_a.mesh	OK	46316	565	666	1	11300	23956	1	0	0	565	666
data\source\npc\quest\w1351_npc_huayao01\w1351_npc_huayao03.mesh	OK	24996	159	190	1	3180	18484	1	0	0	159	190
data\source\npc\quest\w1351_npc_huayao01\w1351_npc_huayao03_a.mesh	OK	46316	565	666	1	11300	23956	1	0	0	565	666
data\source\npc\quest\w1351_npc_huayao01\w1351_npc_huayao04.mesh	OK	24996	159	190	1	3180	18484	1	0	0	159	190
data\source\npc\quest\w1351_npc_huayao01\w1351_npc_huayao04_a.mesh	OK	46316	565	666	1	11300	23956	1	0	0	565	666
data\source\npc\quest\w1351_npc_huhuoshi\w1351_npc_huhuoshi_shoutao_001.mesh	OK	58928	803	672	1	16060	28916	1	0	0	803	672
data\source\npc\quest\w1351_npc_huhuoshi\w1351_npc_huhuoshi_toufa_001.mesh	OK	88736	1000	1064	1	20000	50068	1	0	0	1000	1064
data\source\npc\quest\w1351_npc_huhuoshi\w1351_npc_huhuoshi_xiezi_001.mesh	OK	82560	972	1028	1	19440	45004	1	0	0	972	1028
data\source\npc\quest\w1351_npc_huhuoshi\w1351_npc_huhuoshi_yifu_001.mesh	OK	79804	803	1102	1	16060	47212	1	0	0	803	1102
data\source\npc\quest\w1351_npc_huhuoshi_01\w1351_npc_huhuoshi_01_lian_001.mesh	OK	37800	133	204	1	2660	32036	1	0	0	133	204
data\source\npc\quest\w1351_npc_huhuoshi_01\w1351_npc_huhuoshi_01_toufa_001.mesh	OK	40298	204	239	1	4080	32052	1	0	0	204	239
data\source\npc\quest\w1351_npc_huhuoshi_01\w1351_npc_huhuoshi_01_xiezi_001.mesh	OK	90360	972	1028	1	19440	52804	1	0	0	972	1028
data\source\npc\quest\w1351_npc_huhuoshi_01\w1351_npc_huhuoshi_01_yifu_001.mesh	OK	72488	689	992	1	13780	44204	1	0	0	689	992
data\source\npc\quest\w1351_npc_huiyi\w1351_npc_huiyi_lian_001.mesh	OK	14608	111	154	1	2220	9848	1	0	0	111	154
data\source\npc\quest\w1351_npc_huiyi\w1351_npc_huiyi_shoutao_001.mesh	OK	11552	59	58	1	1180	9032	1	0	0	59	58
data\source\npc\quest\w1351_npc_huiyi\w1351_npc_huiyi_yifu_001.mesh	OK	28800	379	474	1	7580	13544	1	0	0	379	474
data\source\npc\quest\w1351_npc_huohuoji\w1351_npc_huohuoji_yifu_001.mesh	OK	40680	576	768	2	11520	17352	1	0	0	576	568+200
data\source\npc\quest\w1351_npc_husijingang_01\w1351_npc_husijingang_01_lian_001.mesh	OK	31896	126	204	1	2520	26356	1	0	0	126	204
data\source\npc\quest\w1351_npc_husijingang_01\w1351_npc_husijingang_01_toufa_001.mesh	OK	36412	225	198	1	4500	27740	1	0	0	225	198
data\source\npc\quest\w1351_npc_husijingang_01\w1351_npc_husijingang_01_xiezi_001.mesh	OK	68048	723	868	1	14460	39420	1	0	0	723	868
data\source\npc\quest\w1351_npc_husijingang_01\w1351_npc_husijingang_01_yifu_001.mesh	OK	69824	750	1048	1	15000	39252	1	0	0	750	1048
data\source\npc\quest\w1351_npc_husijingang_02\w1351_npc_husijingang_02_lian_001.mesh	OK	59884	677	858	1	13540	32788	1	0	0	677	858
data\source\npc\quest\w1351_npc_husijingang_02\w1351_npc_husijingang_02_xiezi_001.mesh	OK	68048	723	868	1	14460	39420	1	0	0	723	868
data\source\npc\quest\w1351_npc_husijingang_02\w1351_npc_husijingang_02_yifu_001.mesh	OK	60212	591	806	1	11820	36180	1	0	0	591	806
data\source\npc\quest\w1351_npc_husiluohan\w1351_npc_husiluohan_lian_001.mesh	OK	79796	992	1144	1	19840	40904	1	0	0	992	1144
data\source\npc\quest\w1351_npc_husiluohan\w1351_npc_husiluohan_shoutao_001.mesh	OK	38380	423	376	1	8460	22304	1	0	0	423	376
data\source\npc\quest\w1351_npc_husiluohan\w1351_npc_husiluohan_xiezi_001.mesh	OK	47088	512	618	1	10240	26712	1	0	0	512	618
data\source\npc\quest\w1351_npc_husiluohan\w1351_npc_husiluohan_yifu_001.mesh	OK	103284	1186	1696	1	23720	54872	1	0	0	1186	1696
data\source\npc\quest\w1351_npc_husiluohan_01\w1351_npc_husiluohan_01_lian_001.mesh	OK	33596	125	204	1	2500	28088	1	0	0	125	204
data\source\npc\quest\w1351_npc_husiluohan_01\w1351_npc_husiluohan_01_toufa_001.mesh	OK	36462	204	239	1	4080	28216	1	0	0	204	239
data\source\npc\quest\w1351_npc_husiluohan_01\w1351_npc_husiluohan_01_xiezi_001.mesh	OK	55024	512	618	1	10240	34648	1	0	0	512	618
data\source\npc\quest\w1351_npc_husiluohan_01\w1351_npc_husiluohan_01_yifu_001.mesh	OK	84392	951	1306	1	19020	45840	1	0	0	951	1306
data\source\npc\quest\w1351_npc_huweidizi\w1351_npc_huweidizi_lian_001.mesh	OK	16158	106	145	1	2120	11612	1	0	0	106	145
data\source\npc\quest\w1351_npc_huweidizi\w1351_npc_huweidizi_yifu_001.mesh	OK	26448	280	416	1	5600	14708	1	0	0	280	416
data\source\npc\quest\w1351_npc_huyanbao\w1351_npc_huyanbao_lian_001.mesh	OK	15300	125	156	1	2500	10080	1	0	0	125	156
data\source\npc\quest\w1351_npc_huyanbao\w1351_npc_huyanbao_shoutao_001.mesh	OK	10750	44	43	1	880	8800	1	0	0	44	43
data\source\npc\quest\w1351_npc_huyanbao\w1351_npc_huyanbao_yifu_001.mesh	OK	28460	369	416	1	7380	13872	1	0	0	369	416
data\source\npc\quest\w1351_npc_huyanqing\w1351_npc_huyanqing_toufa_001.mesh	OK	14864	117	160	1	2340	9876	1	0	0	117	160
data\source\npc\quest\w1351_npc_huyanqing\w1351_npc_huyanqing_yifu_001.mesh	OK	26952	290	404	1	5800	14964	1	0	0	290	404
data\source\npc\quest\w1351_npc_huyuanzunzhe_01\w1351_npc_huyuanzunzhe_01_lian_001.mesh	OK	30700	110	192	1	2584	25360	1	1	0	110	192
data\source\npc\quest\w1351_npc_huyuanzunzhe_01\w1351_npc_huyuanzunzhe_01_xiezi_001.mesh	OK	66532	796	920	1	17760	33416	1	1	0	796	920
data\source\npc\quest\w1351_npc_huyuanzunzhe_01\w1351_npc_huyuanzunzhe_01_yifu_001.mesh	OK	78436	979	1268	1	22116	36680	1	1	0	979	1268
data\source\npc\quest\w1351_npc_huyuanzunzhe_02\w1351_npc_huyuanzunzhe_02_lian_001.mesh	OK	78598	942	1169	1	18840	41156	1	0	0	942	1169
data\source\npc\quest\w1351_npc_huyuanzunzhe_02\w1351_npc_huyuanzunzhe_02_xiezi_001.mesh	OK	68552	798	920	1	15960	37212	1	0	0	798	920
data\source\npc\quest\w1351_npc_huyuanzunzhe_02\w1351_npc_huyuanzunzhe_02_yifu_001.mesh	OK	96752	1167	1684	1	23340	49020	1	0	0	1167	1684
data\source\npc\quest\w1351_npc_huzhuanglaotai\w1351_npc_huzhuanglaotai.mesh	OK	112240	2191	901	1	45622	34636	0	0	19330	2191	901
data\source\npc\quest\w1351_npc_jialaosi\w1351_npc_jialaosi_lian_001.mesh	OK	23356	135	164	1	2700	17768	1	0	0	135	164
data\source\npc\quest\w1351_npc_jialaosi\w1351_npc_jialaosi_xiezi_001.mesh	OK	32884	315	468	1	6300	19712	1	0	0	315	468
data\source\npc\quest\w1351_npc_jialaosi\w1351_npc_jialaosi_yifu_001.mesh	OK	38364	382	556	1	7640	22520	1	0	0	382	556
data\source\npc\quest\w1351_npc_jiangping\w1351_npc_jiangping_lian_001.mesh	OK	19484	153	194	1	3060	13140	1	0	0	153	194
data\source\npc\quest\w1351_npc_jiangping\w1351_npc_jiangping_yifu_001.mesh	OK	28344	313	404	1	6260	15620	1	0	0	313	404
data\source\npc\quest\w1351_npc_jiangyu\w1351_npc_jiangyu_lian_001.mesh	OK	15612	145	174	1	2900	9644	1	0	0	145	174
data\source\npc\quest\w1351_npc_jiangyu\w1351_npc_jiangyu_toufa_001.mesh	OK	18280	194	196	1	3880	10612	1	0	0	194	196
data\source\npc\quest\w1351_npc_jiangyu\w1351_npc_jiangyu_yifu_001.mesh	OK	24248	278	392	1	5560	12716	1	0	0	278	392
data\source\npc\quest\w1351_npc_jiaochang01\w1351_npc_jiaochang01.mesh	OK	147232	4112	2558	5	82240	0	1	0	0	4112	960+602+558+376+62
data\source\npc\quest\w1351_npc_jiaochang02\w1351_npc_jiaochang02.mesh	OK	136134	3802	2361	6	76040	0	1	0	0	3802	364+330+71+600+228+768
data\source\npc\quest\w1351_npc_jiaochang03\w1351_npc_jiaochang03.mesh	OK	85642	2384	1509	5	47680	0	1	0	0	2384	192+474+90+504+249
data\source\npc\quest\w1351_npc_jiaochang04\w1351_npc_jiaochang04.mesh	OK	88990	2478	1565	6	49560	0	1	0	0	2478	192+468+245+6+106+548
data\source\npc\quest\w1351_npc_jiaochang05\w1351_npc_jiaochang05.mesh	OK	129866	3609	2343	10	72180	0	1	0	0	3609	192+36+594+88+940+200+6+16+10+261
data\source\npc\quest\w1351_npc_jiaofu\w1351_npc_jiaofu.mesh	OK	80680	965	1324	1	19300	41572	1	0	0	965	1324
data\source\npc\quest\w1351_npc_jiaofu01\w1351_npc_jiaofu01.mesh	OK	80680	965	1324	1	19300	41572	1	0	0	965	1324
data\source\npc\quest\w1351_npc_jiebaimuzhuo_001\w1351_npc_jiebaimuzhuo_001.mesh	OK	174946	3645	4361	1	72900	31856	1	0	0	3645	4361
data\source\npc\quest\w1351_npc_jifang01\w1351_npc_jifang01.mesh	OK	108848	2979	2204	4	59580	0	1	0	0	2979	1118+4+276+806
data\source\npc\quest\w1351_npc_jifang02\w1351_npc_jifang02.mesh	OK	29106	803	519	4	16060	0	1	0	0	803	70+425+20+4
data\source\npc\quest\w1351_npc_jifang03\w1351_npc_jifang03.mesh	OK	28436	783	514	4	15660	0	1	0	0	783	44+4+362+104
data\source\npc\quest\w1351_npc_jifang04\w1351_npc_jifang04.mesh	OK	28728	792	514	5	15840	0	1	0	0	792	44+4+16+408+42
data\source\npc\quest\w1351_npc_jifang05\w1351_npc_jifang05.mesh	OK	41124	1140	724	5	22800	0	1	0	0	1140	44+124+12+32+512
data\source\npc\quest\w1351_npc_jili\w1351_npc_jili_toufa_001.mesh	OK	32288	496	512	1	9920	13060	1	0	0	496	512
data\source\npc\quest\w1351_npc_jili\w1351_npc_jili_yifu_001.mesh	OK	53134	838	1177	1	16760	18972	1	0	0	838	1177
data\source\npc\quest\w1351_npc_jingchusanren\w1351_npc_jingchusanren_lian_001.mesh	OK	15852	134	176	1	2680	10224	1	0	0	134	176
data\source\npc\quest\w1351_npc_jingchusanren\w1351_npc_jingchusanren_shoutao_001.mesh	OK	12944	97	94	1	1940	8992	1	0	0	97	94
data\source\npc\quest\w1351_npc_jingchusanren\w1351_npc_jingchusanren_yifu_001.mesh	OK	31532	396	552	1	7920	15264	1	0	0	396	552
data\source\npc\quest\w1351_npc_jinhuatie\w1351_npc_jinhuatie_lian_001.mesh	OK	17376	113	152	1	2260	12564	1	0	0	113	152
data\source\npc\quest\w1351_npc_jinhuatie\w1351_npc_jinhuatie_shoutao_001.mesh	OK	13200	42	32	1	840	11380	1	0	0	42	32
data\source\npc\quest\w1351_npc_jinhuatie\w1351_npc_jinhuatie_xiezi_001.mesh	OK	11720	8	12	1	160	11108	1	0	0	8	12
data\source\npc\quest\w1351_npc_jinhuatie\w1351_npc_jinhuatie_yifu_001.mesh	OK	29192	313	412	1	6260	16420	1	0	0	313	412
data\source\npc\quest\w1351_npc_jiusi02\w1351_npc_jiusi02.mesh	OK	119162	3309	2161	7	66180	0	1	0	0	3309	166+438+3+104+358+802+290
data\source\npc\quest\w1351_npc_jiusi04\w1351_npc_jiusi04.mesh	OK	65280	1799	1234	7	35980	0	1	0	0	1799	744+4+52+16+102+268+48
data\source\npc\quest\w1351_npc_jiusi05\w1351_npc_jiusi05.mesh	OK	190834	5159	4241	5	103180	0	1	0	0	5159	840+3036+220+101+44
data\source\npc\quest\w1351_npc_jiuzhuo\w1351_npc_jiuzhuo.mesh	OK	38820	805	734	2	16100	8368	1	0	0	805	74+660
data\source\npc\quest\w1351_npc_juluohua\w1351_npc_juluohua_yifu_001.mesh	OK	181264	2706	3876	1	54120	71132	1	0	0	2706	3876
data\source\npc\quest\w1351_npc_kangmin\w1351_npc_kangmin.mesh	OK	397796	6711	8507	3	151234	114696	0	0	70702	6711	5557+2174+776
data\source\npc\quest\w1351_npc_kaoguan\w1351_npc_kaoguan_lian_001.mesh	OK	17360	136	174	1	2720	11680	1	0	0	136	174
data\source\npc\quest\w1351_npc_kaoguan\w1351_npc_kaoguan_yifu_001.mesh	OK	35364	419	544	1	8380	18408	1	0	0	419	544
data\source\npc\quest\w1351_npc_kelimu\w1351_npc_kelimu_yifu_001.mesh	OK	49856	766	852	1	17024	18244	1	1	0	766	852
data\source\npc\quest\w1351_npc_kongmo_001\w1351_npc_kongmo_001.mesh	OK	1392	12	6	1	240	688	1	0	0	12	6
data\source\npc\quest\w1351_npc_kongmo_002\w1351_npc_kongmo_002.mesh	OK	1392	12	6	1	240	688	1	0	0	12	6
data\source\npc\quest\w1351_npc_kongzongyuan\w1351_npc_kongzongyuan_lian_001.mesh	OK	17888	124	160	1	2480	12676	1	0	0	124	160
data\source\npc\quest\w1351_npc_kongzongyuan\w1351_npc_kongzongyuan_yifu_001.mesh	OK	27570	299	399	1	5980	15324	1	0	0	299	399
data\source\npc\quest\w1351_npc_kurongdashi\w1351_npc_kurongdashi_lian_001.mesh	OK	17016	171	198	1	3420	10072	1	0	0	171	198
data\source\npc\quest\w1351_npc_kurongdashi\w1351_npc_kurongdashi_yifu_001.mesh	OK	22396	273	368	1	5460	11168	1	0	0	273	368
data\source\npc\quest\w1351_npc_lanhuoji\w1351_npc_lanhuoji_lian_001.mesh	OK	17748	123	158	1	2460	12580	1	0	0	123	158
data\source\npc\quest\w1351_npc_lanhuoji\w1351_npc_lanhuoji_shoutao_001.mesh	OK	13000	40	28	1	800	11268	1	0	0	40	28
data\source\npc\quest\w1351_npc_lanhuoji\w1351_npc_lanhuoji_yifu_001.mesh	OK	26732	281	386	1	5620	15140	1	0	0	281	386
data\source\npc\quest\w1351_npc_lanlan\w1351_npc_lanlan_lian_001.mesh	OK	19990	207	237	1	4140	11660	1	0	0	207	237
data\source\npc\quest\w1351_npc_lanlan\w1351_npc_lanlan_yifu_001.mesh	OK	32832	440	568	1	8800	15060	1	0	0	440	568
data\source\npc\quest\w1351_npc_lansiluote\w1351_npc_lansiluote_lian_001.mesh	OK	13096	99	144	1	1980	8780	1	0	0	99	144
data\source\npc\quest\w1351_npc_lansiluote\w1351_npc_lansiluote_yifu_001.mesh	OK	22168	251	360	1	5020	11692	1	0	0	251	360
data\source\npc\quest\w1351_npc_laogu\w1351_npc_laogu_lian_001.mesh	OK	14724	119	150	1	2380	9732	1	0	0	119	150
data\source\npc\quest\w1351_npc_laogu\w1351_npc_laogu_shoutao_001.mesh	OK	15362	167	95	1	3340	9164	1	0	0	167	95
data\source\npc\quest\w1351_npc_laogu\w1351_npc_laogu_yifu_001.mesh	OK	29372	387	506	1	7740	13668	1	0	0	387	506
data\source\npc\quest\w1351_npc_laosuntou\w1351_npc_laosuntou_lian_001.mesh	OK	25756	158	186	1	3160	19300	1	0	0	158	186
data\source\npc\quest\w1351_npc_laosuntou\w1351_npc_laosuntou_xiezi_001.mesh	OK	47280	512	656	1	10240	26676	1	0	0	512	656
data\source\npc\quest\w1351_npc_laosuntou\w1351_npc_laosuntou_yifu_001.mesh	OK	39696	378	512	1	7560	24244	1	0	0	378	512
data\source\npc\quest\w1351_npc_laowai\w1351_npc_laowai_lian_001.mesh	OK	14944	95	130	1	1900	10840	1	0	0	95	130
data\source\npc\quest\w1351_npc_laowai\w1351_npc_laowai_shoutao_001.mesh	OK	11216	25	26	1	500	9976	1	0	0	25	26
data\source\npc\quest\w1351_npc_laowai\w1351_npc_laowai_yifu_001.mesh	OK	35864	472	610	1	9440	16816	1	0	0	472	610
data\source\npc\quest\w1351_npc_liangchen\w1351_npc_liangchen_lian_001.mesh	OK	15512	114	148	1	2280	10692	1	0	0	114	148
data\source\npc\quest\w1351_npc_liangchen\w1351_npc_liangchen_shoutao_001.mesh	OK	15256	122	204	1	2440	9844	1	0	0	122	204
data\source\npc\quest\w1351_npc_liangchen\w1351_npc_liangchen_yifu_001.mesh	OK	33480	389	440	1	7780	18108	1	0	0	389	440
data\source\npc\quest\w1351_npc_liannuta\w1351_npc_liannuta_yifu_001.mesh	OK	75836	1404	1184	1	28080	23520	1	0	0	1404	1184
data\source\npc\quest\w1351_npc_lianzhouzi\w1351_npc_lianzhouzi_yifu_001.mesh	OK	174520	2243	2840	1	44860	85420	1	0	0	2243	2840
data\source\npc\quest\w1351_npc_lidazui\w1351_npc_lidazui_lian_001.mesh	OK	13980	72	108	1	1440	10744	1	0	0	72	108
data\source\npc\quest\w1351_npc_lidazui\w1351_npc_lidazui_yifu_001.mesh	OK	27168	303	438	1	6060	14560	1	0	0	303	438
data\source\npc\quest\w1351_npc_ligongbu\w1351_npc_ligongbu_yifu_001.mesh	OK	42028	565	704	4	11300	19428	1	0	0	565	574+120+8+2
data\source\npc\quest\w1351_npc_likuilei\w1351_npc_likuilei_lian_001.mesh	OK	16958	121	161	1	2420	11836	1	0	0	121	161
data\source\npc\quest\w1351_npc_likuilei\w1351_npc_likuilei_shoutao_001.mesh	OK	11776	32	12	1	664	10372	1	1	0	32	12
data\source\npc\quest\w1351_npc_likuilei\w1351_npc_likuilei_yifu_001.mesh	OK	28432	321	432	1	6420	15284	1	0	0	321	432
data\source\npc\quest\w1351_npc_lileshi\w1351_npc_lileshi_lian_001.mesh	OK	15428	89	106	1	1780	11660	1	0	0	89	106
data\source\npc\quest\w1351_npc_lileshi\w1351_npc_lileshi_yifu_001.mesh	OK	25288	258	328	1	5160	14780	1	0	0	258	328
data\source\npc\quest\w1351_npc_limama\w1351_npc_limama_lian_001.mesh	OK	14432	114	166	1	2280	9504	1	0	0	114	166
data\source\npc\quest\w1351_npc_limama\w1351_npc_limama_shoutao_001.mesh	OK	12912	91	150	1	1820	8816	1	0	0	91	150
data\source\npc\quest\w1351_npc_limama\w1351_npc_limama_yifu_001.mesh	OK	29904	390	582	1	7800	13648	1	0	0	390	582
data\source\npc\quest\w1351_npc_linchaoxiong\w1351_npc_linchaoxiong_lian_001.mesh	OK	16154	145	203	1	2900	10012	1	0	0	145	203
data\source\npc\quest\w1351_npc_linchaoxiong\w1351_npc_linchaoxiong_yifu_001.mesh	OK	27224	330	440	1	6600	13740	1	0	0	330	440
data\source\npc\quest\w1351_npc_linyan_01\w1351_npc_linyan_01_lian_001.mesh	OK	14704	121	182	1	2420	9456	1	0	0	121	182
data\source\npc\quest\w1351_npc_linyan_01\w1351_npc_linyan_01_shoutao_001.mesh	OK	11256	58	94	1	1160	8552	1	0	0	58	94
data\source\npc\quest\w1351_npc_linyan_01\w1351_npc_linyan_01_yifu_001.mesh	OK	28608	376	478	1	7520	13424	1	0	0	376	478
data\source\npc\quest\w1351_npc_linyan_02\w1351_npc_linyan_02_yifu_001.mesh	OK	166778	2199	2745	1	43980	79656	1	0	0	2199	2745
data\source\npc\quest\w1351_npc_lishierniang\w1351_npc_lishierniang.mesh	OK	16644	114	166	1	2280	11716	1	0	0	114	166
data\source\npc\quest\w1351_npc_lishierniang\w1351_npc_lishierniang_b.mesh	OK	32116	390	582	1	7800	15860	1	0	0	390	582
data\source\npc\quest\w1351_npc_lishierniang\w1351_npc_lishierniang_c.mesh	OK	14684	80	150	1	1600	10940	1	0	0	80	150
data\source\npc\quest\w1351_npc_lishishi\w1351_npc_lishishi_lian_001.mesh	OK	21144	171	220	1	3420	14068	1	0	0	171	220
data\source\npc\quest\w1351_npc_lishishi\w1351_npc_lishishi_toufa_001.mesh	OK	16028	94	86	1	1880	12220	1	0	0	94	86
data\source\npc\quest\w1351_npc_lishishi\w1351_npc_lishishi_yifu_001.mesh	OK	29360	325	404	1	6500	16252	1	0	0	325	404
data\source\npc\quest\w1351_npc_liudun\w1351_npc_liudun_lian_001.mesh	OK	16308	142	202	1	2840	10268	1	0	0	142	202
data\source\npc\quest\w1351_npc_liudun\w1351_npc_liudun_yifu_001.mesh	OK	33040	398	540	1	7960	16780	1	0	0	398	540
data\source\npc\quest\w1351_npc_liuguniang\w1351_npc_liuguniang_lian_001.mesh	OK	19848	199	266	1	3980	11600	1	0	0	199	266
data\source\npc\quest\w1351_npc_liuguniang\w1351_npc_liuguniang_shoutao_001.mesh	OK	10164	42	40	1	840	8296	1	0	0	42	40
data\source\npc\quest\w1351_npc_liuguniang\w1351_npc_liuguniang_yifu_001.mesh	OK	31880	386	594	1	7720	15680	1	0	0	386	594
data\source\npc\quest\w1351_npc_liujinu\w1351_npc_liujinu_lian_001.mesh	OK	17008	113	172	1	2260	12076	1	0	0	113	172
data\source\npc\quest\w1351_npc_liujinu\w1351_npc_liujinu_yifu_001.mesh	OK	38028	493	558	1	9860	18620	1	0	0	493	558
data\source\npc\quest\w1351_npc_liuzhongfu\w1351_npc_liuzhongfu_lian_001.mesh	OK	18100	118	144	1	2360	13176	1	0	0	118	144
data\source\npc\quest\w1351_npc_liuzhongfu\w1351_npc_liuzhongfu_yifu_001.mesh	OK	26772	287	384	1	5740	15000	1	0	0	287	384
data\source\npc\quest\w1351_npc_lizhaoyu\w1351_npc_lizhaoyu_lian_001.mesh	OK	18636	131	186	1	2620	13044	1	0	0	131	186
data\source\npc\quest\w1351_npc_lizhaoyu\w1351_npc_lizhaoyu_yifu_001.mesh	OK	28804	318	422	1	6360	15812	1	0	0	318	422
data\source\npc\quest\w1351_npc_longsanshao\w1351_npc_longsanshao_lian_001.mesh	OK	18476	128	186	1	2560	12980	1	0	0	128	186
data\source\npc\quest\w1351_npc_longsanshao\w1351_npc_longsanshao_yifu_001.mesh	OK	28208	307	416	1	6140	15604	1	0	0	307	416
data\source\npc\quest\w1351_npc_lulaoda\w1351_npc_lulaoda_yifu_001.mesh	OK	84784	1053	1364	1	21060	42620	1	0	0	1053	1364
data\source\npc\quest\w1351_npc_luping\w1351_npc_luping_lian_001.mesh	OK	15932	149	238	1	2980	9452	1	0	0	149	238
data\source\npc\quest\w1351_npc_luping\w1351_npc_luping_yifu_001.mesh	OK	32964	454	594	1	9080	14588	1	0	0	454	594
data\source\npc\quest\w1351_npc_lusanniang\w1351_npc_lusanniang.mesh	OK	18960	227	260	1	5060	9332	1	1	0	227	260
data\source\npc\quest\w1351_npc_lusanniang\w1351_npc_lusanniang_b.mesh	OK	34672	468	582	1	10524	14756	1	1	0	468	582
data\source\npc\quest\w1351_npc_luyuting\w1351_npc_luyuting_lian_001.mesh	OK	21668	180	246	1	3600	14148	1	0	0	180	246
data\source\npc\quest\w1351_npc_luyuting\w1351_npc_luyuting_yifu_001.mesh	OK	39900	511	650	1	10220	19364	1	0	0	511	650
data\source\npc\quest\w1351_npc_lvshuijing01\w1351_npc_lvshuijing01_lian_001.mesh	OK	27392	475	640	1	9500	8068	1	0	0	475	640
data\source\npc\quest\w1351_npc_lvshuijing01\w1351_npc_lvshuijing01_yifu_001.mesh	OK	43528	880	752	1	17600	10572	1	0	0	880	752
data\source\npc\quest\w1351_npc_lvshuijing02\w1351_npc_lvshuijing02_lian_001.mesh	OK	27392	475	640	1	9500	8068	1	0	0	475	640
data\source\npc\quest\w1351_npc_lvshuijing02\w1351_npc_lvshuijing02_yifu_001.mesh	OK	43528	880	752	1	17600	10572	1	0	0	880	752
data\source\npc\quest\w1351_npc_malan\w1351_npc_malan_yifu_001.mesh	OK	64436	1010	1066	1	20200	25436	1	0	0	1010	1066
data\source\npc\quest\w1351_npc_meijian\w1351_npc_meijian_lian_001.mesh	OK	19580	147	198	1	2940	13404	1	0	0	147	198
data\source\npc\quest\w1351_npc_meijian\w1351_npc_meijian_shoutao_001.mesh	OK	14540	60	98	1	1200	11748	1	0	0	60	98
data\source\npc\quest\w1351_npc_meijian\w1351_npc_meijian_yifu_001.mesh	OK	34070	409	553	1	8180	17380	1	0	0	409	553
data\source\npc\quest\w1351_npc_menglong\w1351_npc_menglong.mesh	OK	17652	158	210	1	3160	11052	1	0	0	158	210
data\source\npc\quest\w1351_npc_menglong\w1351_npc_menglong_b.mesh	OK	33208	402	504	1	8040	17036	1	0	0	402	504
data\source\npc\quest\w1351_npc_mengqingqing\w1351_npc_mengqingqing_lian_001.mesh	OK	24360	308	332	1	6824	11564	1	1	0	308	332
data\source\npc\quest\w1351_npc_mengqingqing\w1351_npc_mengqingqing_yifu_001.mesh	OK	35800	483	650	1	10960	14860	1	1	0	483	650
data\source\npc\quest\w1351_npc_micang01\w1351_npc_micang01.mesh	OK	84110	2330	1541	6	46600	0	1	0	0	2330	312+249+56+104+532+288
data\source\npc\quest\w1351_npc_micang02\w1351_npc_micang02.mesh	OK	124448	3428	2406	9	68560	0	1	0	0	3428	522+280+312+180+777+48+54+84+149
data\source\npc\quest\w1351_npc_micang03\w1351_npc_micang03.mesh	OK	119508	3280	2374	6	65600	0	1	0	0	3280	80+758+22+684+100+730
data\source\npc\quest\w1351_npc_micang04\w1351_npc_micang04.mesh	OK	62796	1713	1278	8	34260	0	1	0	0	1713	32+268+704+12+128+4+98+32
data\source\npc\quest\w1351_npc_micang05\w1351_npc_micang05.mesh	OK	120116	3349	2106	8	66980	0	1	0	0	3349	1646+8+20+54+218+30+98+32
data\source\npc\quest\w1351_npc_mohuaerche\w1351_npc_mohuaerche_yifu_001.mesh	OK	53128	766	852	1	15320	23220	1	0	0	766	852
data\source\npc\quest\w1351_npc_mosigui\w1351_npc_mosigui_yifu_001.mesh	OK	208876	2690	3524	1	53800	101368	1	0	0	2690	3524
data\source\npc\quest\w1351_npc_moyuhu\w1351_npc_moyuhu.mesh	OK	40256	543	796	1	12452	16228	1	1	0	543	796
data\source\npc\quest\w1351_npc_murongbo\w1351_npc_murongbi_lian_001.mesh	OK	17560	122	188	1	2440	12244	1	0	0	122	188
data\source\npc\quest\w1351_npc_murongbo\w1351_npc_murongbo_yifu_001.mesh	OK	33856	425	496	1	8500	16996	1	0	0	425	496
data\source\npc\quest\w1351_npc_murongchui\w1351_npc_murongchui.mesh	OK	68636	1005	1482	1	23064	24336	1	1	0	1005	1482
data\source\npc\quest\w1351_npc_murongjieyinshi\w1351_npc_murongjieyinshi.mesh	OK	125248	2042	2247	2	45334	41640	0	0	20830	2042	1732+515
data\source\npc\quest\w1351_npc_murongqingshan\w1351_npc_murongqingshan.mesh	OK	55488	795	1045	1	17990	21404	0	0	8450	795	1045
data\source\npc\quest\w1351_npc_muwanqing\w1351_npc_muwanqing_lian_001.mesh	OK	17004	130	190	1	2600	11420	1	0	0	130	190
data\source\npc\quest\w1351_npc_muwanqing\w1351_npc_muwanqing_shoutao_001.mesh	OK	14224	97	112	1	1940	10164	1	0	0	97	112
data\source\npc\quest\w1351_npc_muwanqing\w1351_npc_muwanqing_toufa_001.mesh	OK	10776	24	24	1	480	9580	1	0	0	24	24
data\source\npc\quest\w1351_npc_muwanqing\w1351_npc_muwanqing_yifu_001.mesh	OK	35736	494	636	1	9880	15828	1	0	0	494	636
data\source\npc\quest\w1351_npc_muziling\w1351_npc_muziling_lian_001.mesh	OK	14044	113	126	1	2260	9388	1	0	0	113	126
data\source\npc\quest\w1351_npc_muziling\w1351_npc_muziling_toufa_001.mesh	OK	18104	194	196	1	3880	10436	1	0	0	194	196
data\source\npc\quest\w1351_npc_muziling\w1351_npc_muziling_yifu_001.mesh	OK	24232	278	392	1	5560	12700	1	0	0	278	392
data\source\npc\quest\w1351_npc_naersiding\w1351_npc_naersiding_lian_001.mesh	OK	17296	193	228	1	3860	9468	1	0	0	193	228
data\source\npc\quest\w1351_npc_naersiding\w1351_npc_naersiding_yifu_001.mesh	OK	32412	452	578	1	9040	14196	1	0	0	452	578
data\source\npc\quest\w1351_npc_nanhaixiaohai\w1351_npc_nanhaixiaohai_lian_001.mesh	OK	15692	129	222	1	2580	9948	1	0	0	129	222
data\source\npc\quest\w1351_npc_nanhaixiaohai\w1351_npc_nanhaixiaohai_xiezi_001.mesh	OK	19836	173	250	1	3460	12516	1	0	0	173	250
data\source\npc\quest\w1351_npc_nanhaixiaohai\w1351_npc_nanhaixiaohai_yifu_001.mesh	OK	25740	280	350	1	5600	14396	1	0	0	280	350
data\source\npc\quest\w1351_npc_niezheng\w1351_npc_niezheng_lian_001.mesh	OK	15428	89	106	1	1780	11660	1	0	0	89	106
data\source\npc\quest\w1351_npc_niezheng\w1351_npc_niezheng_yifu_001.mesh	OK	25256	258	328	1	5160	14748	1	0	0	258	328
data\source\npc\quest\w1351_npc_ningxusanren\w1351_npc_ningxusanren_lian_001.mesh	OK	14160	119	172	1	2380	9036	1	0	0	119	172
data\source\npc\quest\w1351_npc_ningxusanren\w1351_npc_ningxusanren_yifu_001.mesh	OK	29760	372	524	1	7440	14428	1	0	0	372	524
data\source\npc\quest\w1351_npc_niulang_001\w1351_npc_niulang_001.mesh	OK	206036	3357	4495	1	76130	62368	0	0	35846	3357	4495
data\source\npc\quest\w1351_npc_panganshi\w1351_npc_panganshi_lian_001.mesh	OK	16536	129	158	1	2580	11176	1	0	0	129	158
data\source\npc\quest\w1351_npc_panganshi\w1351_npc_panganshi_yifu_001.mesh	OK	28628	313	388	1	6260	16000	1	0	0	313	388
data\source\npc\quest\w1351_npc_panqingqing\w1351_npc_panqingqing_lian_001.mesh	OK	24192	262	318	1	5876	12980	1	1	0	262	318
data\source\npc\quest\w1351_npc_panqingqing\w1351_npc_panqingqing_shoutao_001.mesh	OK	18024	158	98	1	3356	11900	1	1	0	158	98
data\source\npc\quest\w1351_npc_panqingqing\w1351_npc_panqingqing_yifu_001.mesh	OK	36112	440	585	1	9970	17068	0	0	4690	440	585
data\source\npc\quest\w1351_npc_paweiqi\w1351_npc_paweiqi_yifu_001.mesh	OK	29844	377	494	2	7540	14528	1	0	0	377	384+110
data\source\npc\quest\w1351_npc_pochen\w1351_npc_pochen_lian_001.mesh	OK	14988	64	114	1	1280	11972	1	0	0	64	114
data\source\npc\quest\w1351_npc_pochen\w1351_npc_pochen_yifu_001.mesh	OK	30068	360	454	1	7200	15540	1	0	0	360	454
data\source\npc\quest\w1351_npc_potan\w1351_npc_potan_lian_001.mesh	OK	20220	166	170	1	3320	13604	1	0	0	166	170
data\source\npc\quest\w1351_npc_potan\w1351_npc_potan_shoutao_001.mesh	OK	13776	58	36	3	1160	11412	1	0	0	58	12+1+23
data\source\npc\quest\w1351_npc_potan\w1351_npc_potan_yifu_001.mesh	OK	26552	278	368	1	5560	15164	1	0	0	278	368
data\source\npc\quest\w1351_npc_qiangwei\w1351_npc_qiangwei_yifu_001.mesh	OK	35764	515	630	2	10300	15216	1	0	0	515	446+184
data\source\npc\quest\w1351_npc_qianlong\w1351_npc_qianlong_lian_001.mesh	OK	16080	85	132	1	1700	12284	1	0	0	85	132
data\source\npc\quest\w1351_npc_qianlong\w1351_npc_qianlong_yifu_001.mesh	OK	26500	266	378	1	5320	15436	1	0	0	266	378
data\source\npc\quest\w1351_npc_qianzhuang01\w1351_npc_qianzhuang01.mesh	OK	67720	1880	1210	5	37600	0	1	0	0	1880	178+96+100+448+388
data\source\npc\quest\w1351_npc_qianzhuang02\w1351_npc_qianzhuang02.mesh	OK	68492	1905	1206	4	38100	0	1	0	0	1905	98+92+704+312
data\source\npc\quest\w1351_npc_qianzhuang03\w1351_npc_qianzhuang03.mesh	OK	65668	1795	1320	7	35900	0	1	0	0	1795	8+12+542+562+62+74+60
data\source\npc\quest\w1351_npc_qianzhuang04\w1351_npc_qianzhuang04.mesh	OK	68480	1874	1368	6	37480	0	1	0	0	1874	44+596+36+24+74+594
data\source\npc\quest\w1351_npc_qianzhuang05\w1351_npc_qianzhuang05.mesh	OK	71382	1998	1191	5	39960	0	1	0	0	1998	54+36+750+178+173
data\source\npc\quest\w1351_npc_qiaofeng\w1351_npc_qiaofeng.mesh	OK	296396	4500	6671	1	103342	98744	0	0	103342	0	6671
data\source\npc\quest\w1351_npc_qimeng\w1351_npc_qimeng_toufa_001.mesh	OK	32288	496	512	1	9920	13060	1	0	0	496	512
data\source\npc\quest\w1351_npc_qimeng\w1351_npc_qimeng_yifu_001.mesh	OK	53134	838	1177	1	16760	18972	1	0	0	838	1177
data\source\npc\quest\w1351_npc_qingguan\w1351_npc_qingguan_lian_001.mesh	OK	16862	121	161	1	2420	11740	1	0	0	121	161
data\source\npc\quest\w1351_npc_qingguan\w1351_npc_qingguan_shoutao_001.mesh	OK	12248	28	20	1	560	10948	1	0	0	28	20
data\source\npc\quest\w1351_npc_qingguan\w1351_npc_qingguan_yifu_001.mesh	OK	28876	328	434	1	6560	15492	1	0	0	328	434
data\source\npc\quest\w1351_npc_qingqiuhu\w1351_npc_qingqiuhu.mesh	OK	50504	718	956	1	16272	19596	1	1	0	718	956
data\source\npc\quest\w1351_npc_qinyanluo\w1351_npc_qinyanluo_yifu_001.mesh	OK	189134	2385	3003	1	47700	94512	1	0	0	2385	3003
data\source\npc\quest\w1351_npc_qiubite\w1351_npc_qiubite_lian_001.mesh	OK	13876	99	176	1	1980	9368	1	0	0	99	176
data\source\npc\quest\w1351_npc_qiubite\w1351_npc_qiubite_xiezi_001.mesh	OK	17512	171	238	1	3420	10328	1	0	0	171	238
data\source\npc\quest\w1351_npc_qiubite\w1351_npc_qiubite_yifu_001.mesh	OK	22360	242	302	1	4840	12520	1	0	0	242	302
data\source\npc\quest\w1351_npc_qiuerga\w1351_npc_qiuerga_lian_001.mesh	OK	23724	89	146	1	1780	19716	1	0	0	89	146
data\source\npc\quest\w1351_npc_qiuerga\w1351_npc_qiuerga_shoutao_001.mesh	OK	44448	422	652	1	8440	26748	1	0	0	422	652
data\source\npc\quest\w1351_npc_qiuerga\w1351_npc_qiuerga_toufa_001.mesh	OK	19632	9	8	1	180	19012	1	0	0	9	8
data\source\npc\quest\w1351_npc_qiuerga\w1351_npc_qiuerga_xiezi_001.mesh	OK	26568	134	172	1	2680	20964	1	0	0	134	172
data\source\npc\quest\w1351_npc_qiuerga\w1351_npc_qiuerga_yifu_001.mesh	OK	36844	323	430	1	6460	23644	1	0	0	323	430
data\source\npc\quest\w1351_npc_qizhi02\w1351_npc_qizhi02_lian_001.mesh	OK	14596	188	212	1	3760	7024	1	0	0	188	212
data\source\npc\quest\w1351_npc_qizhi02\w1351_npc_qizhi02_yifu_001.mesh	OK	42700	836	732	1	16720	11272	1	0	0	836	732
data\source\npc\quest\w1351_npc_ruanxingzhu\w1351_npc_ruanxingzhu_lian_001.mesh	OK	19180	203	254	1	4060	10876	1	0	0	203	254
data\source\npc\quest\w1351_npc_ruanxingzhu\w1351_npc_ruanxingzhu_yifu_001.mesh	OK	31800	429	556	1	8580	14452	1	0	0	429	556
data\source\npc\quest\w1351_npc_saodihu\w1351_npc_saodihu.mesh	OK	44200	602	882	1	13804	17596	1	1	0	602	882
data\source\npc\quest\w1351_npc_saodiseng\w1351_npc_saodiseng_yifu_001.mesh	OK	51046	793	957	1	15860	19644	1	0	0	793	957
data\source\npc\quest\w1351_npc_saodishenseng\w1351_npc_saodishenseng_lian_001.mesh	OK	20224	178	196	1	3560	13068	1	0	0	178	196
data\source\npc\quest\w1351_npc_saodishenseng\w1351_npc_saodishenseng_yifu_001.mesh	OK	35498	468	523	1	9360	17100	1	0	0	468	523
data\source\npc\quest\w1351_npc_sasaohu\w1351_npc_sasaohu.mesh	OK	46664	652	936	1	14912	18028	1	1	0	652	936
data\source\npc\quest\w1351_npc_shaodiseng\w1351_npc_shaodiseng.mesh	OK	49080	793	957	1	17774	15764	0	0	8258	793	957
data\source\npc\quest\w1351_npc_shenchanjuan\w1351_npc_shenchanjuan_lian_001.mesh	OK	20840	125	186	1	2500	15440	1	0	0	125	186
data\source\npc\quest\w1351_npc_shenchanjuan\w1351_npc_shenchanjuan_yifu_001.mesh	OK	56476	654	882	2	13080	29968	1	0	0	654	794+88
data\source\npc\quest\w1351_npc_shenhanxiang\w1351_npc_shenhanxiang.mesh	OK	20008	188	196	1	4152	12140	1	1	0	188	196
data\source\npc\quest\w1351_npc_shenhanxiang\w1351_npc_shenhanxiang_b.mesh	OK	34736	436	584	1	9888	15828	1	1	0	436	584
data\source\npc\quest\w1351_npc_shenmishangren\w1351_npc_shenmishangren_lian_001.mesh	OK	13940	114	160	1	2280	9048	1	0	0	114	160
data\source\npc\quest\w1351_npc_shenmishangren\w1351_npc_shenmishangren_yifu_001.mesh	OK	28756	367	516	1	7340	13632	1	0	0	367	516
data\source\npc\quest\w1351_npc_shenyeyu\w1351_npc_shenyeyu_toufa_001.mesh	OK	15604	144	72	1	2880	10280	1	0	0	144	72
data\source\npc\quest\w1351_npc_shenyeyu\w1351_npc_shenyeyu_yifu_001.mesh	OK	122406	1649	1795	1	32980	58584	1	0	0	1649	1795
data\source\npc\quest\w1351_npc_shibao\w1351_npc_shibao_lian_001.mesh	OK	15280	142	200	1	2840	9252	1	0	0	142	200
data\source\npc\quest\w1351_npc_shibao\w1351_npc_shibao_yifu_001.mesh	OK	32160	408	544	1	8160	15556	1	0	0	408	544
data\source\npc\quest\w1351_npc_shigang\w1351_npc_shigang_lian_001.mesh	OK	15280	142	200	1	2840	9252	1	0	0	142	200
data\source\npc\quest\w1351_npc_shigang\w1351_npc_shigang_yifu_001.mesh	OK	32160	408	544	1	8160	15556	1	0	0	408	544
data\source\npc\quest\w1351_npc_shiqinglu\w1351_npc_shiqinglu_lian_001.mesh	OK	15496	153	176	1	3412	8908	1	1	0	153	176
data\source\npc\quest\w1351_npc_shiqinglu\w1351_npc_shiqinglu_shoutao_001.mesh	OK	10416	55	52	1	1204	7956	1	1	0	55	52
data\source\npc\quest\w1351_npc_shiqinglu\w1351_npc_shiqinglu_yifu_001.mesh	OK	30000	387	526	1	8792	13124	1	1	0	387	526
data\source\npc\quest\w1351_npc_shirenkuilei\w1351_npc_shirenkuilei.mesh	OK	41608	437	562	1	8740	23968	1	0	0	437	562
data\source\npc\quest\w1351_npc_shizhongyan\w1351_npc_shizhongyan_lian_001.mesh	OK	15186	132	123	1	2640	9940	1	0	0	132	123
data\source\npc\quest\w1351_npc_shizhongyan\w1351_npc_shizhongyan_yifu_001.mesh	OK	26620	338	450	1	6760	12820	1	0	0	338	450
data\source\npc\quest\w1351_npc_shizhuang\w1351_npc_shizhuang_lian_001.mesh	OK	21138	193	231	1	3860	13292	1	0	0	193	231
data\source\npc\quest\w1351_npc_shizhuang\w1351_npc_shizhuang_yifu_001.mesh	OK	36800	451	576	1	9020	18628	1	0	0	451	576
data\source\npc\quest\w1351_npc_shufang01\w1351_npc_shufang01.mesh	OK	85220	2361	1562	4	47220	0	1	0	0	2361	143+495+352+572
data\source\npc\quest\w1351_npc_shufang02\w1351_npc_shufang02.mesh	OK	83072	2301	1524	4	46020	0	1	0	0	2301	324+1176+16+8
data\source\npc\quest\w1351_npc_shufang03\w1351_npc_shufang03.mesh	OK	39848	1090	778	5	21800	0	1	0	0	1090	422+302+4+8+42
data\source\npc\quest\w1351_npc_shufang04\w1351_npc_shufang04.mesh	OK	42510	1166	817	4	23320	0	1	0	0	1166	371+166+272+8
data\source\npc\quest\w1351_npc_shufang05\w1351_npc_shufang05.mesh	OK	42614	1181	755	3	23620	0	1	0	0	1181	172+507+76
data\source\npc\quest\w1351_npc_shuiche_001\w1351_npc_shuiche_001.mesh	OK	67840	1382	1120	1	27640	16612	1	0	0	1382	1120
data\source\npc\quest\w1351_npc_suge\w1351_npc_suge_yifu_001.mesh	OK	141210	2066	2627	2	41320	59048	1	0	0	2066	2443+184
data\source\npc\quest\w1351_npc_sunbaye\w1351_npc_sunbaye_lian_001.mesh	OK	13872	68	114	1	1360	10728	1	0	0	68	114
data\source\npc\quest\w1351_npc_sunbaye\w1351_npc_sunbaye_shoutao_001.mesh	OK	11804	29	32	1	580	10400	1	0	0	29	32
data\source\npc\quest\w1351_npc_sunbaye\w1351_npc_sunbaye_yifu_001.mesh	OK	26028	282	392	1	5640	14368	1	0	0	282	392
data\source\npc\quest\w1351_npc_sunerniang\w1351_npc_sunerniang.mesh	OK	35412	409	546	1	8180	18764	1	0	0	409	546
data\source\npc\quest\w1351_npc_sunerniang\w1351_npc_sunerniang_a.mesh	OK	20076	177	206	1	3540	12892	1	0	0	177	206
data\source\npc\quest\w1351_npc_sunshan\w1351_npc_sunshan_lian_001.mesh	OK	17160	131	177	1	2974	11268	0	0	1402	131	177
data\source\npc\quest\w1351_npc_sunshan\w1351_npc_sunshan_shoutao_001.mesh	OK	11680	28	20	1	600	10340	1	1	0	28	20
data\source\npc\quest\w1351_npc_sunshan\w1351_npc_sunshan_yifu_001.mesh	OK	30760	355	450	1	8000	15516	1	1	0	355	450
data\source\npc\quest\w1351_npc_sunshan_wulingjun\w1351_npc_sunshan_wulingjun_lian_001.mesh	OK	16846	121	161	1	2420	11724	1	0	0	121	161
data\source\npc\quest\w1351_npc_sunshan_wulingjun\w1351_npc_sunshan_wulingjun_shoutao_001.mesh	OK	12976	40	40	1	800	11172	1	0	0	40	40
data\source\npc\quest\w1351_npc_sunshan_wulingjun\w1351_npc_sunshan_wulingjun_yifu_001.mesh	OK	28148	308	434	1	6160	15404	1	0	0	308	434
data\source\npc\quest\w1351_npc_suolin\w1351_npc_suolin_lian_001.mesh	OK	16696	148	182	1	2960	10584	1	0	0	148	182
data\source\npc\quest\w1351_npc_suolin\w1351_npc_suolin_shoutao_001.mesh	OK	10304	40	34	1	800	8536	1	0	0	40	34
data\source\npc\quest\w1351_npc_suolin\w1351_npc_suolin_yifu_001.mesh	OK	40076	604	572	1	12080	17032	1	0	0	604	572
data\source\npc\quest\w1351_npc_tanjingtian\w1351_npc_tanjingtian_lian_001.mesh	OK	17352	125	172	1	2500	12036	1	0	0	125	172
data\source\npc\quest\w1351_npc_tanjingtian\w1351_npc_tanjingtian_yifu_001.mesh	OK	31536	369	468	1	7380	16636	1	0	0	369	468
data\source\npc\quest\w1351_npc_tianlangzii\w1351_npc_tianlangzi_lian_001.mesh	OK	13800	98	172	1	1960	9348	1	0	0	98	172
data\source\npc\quest\w1351_npc_tianlangzii\w1351_npc_tianlangzi_xiezi_001.mesh	OK	17512	161	224	1	3220	10732	1	0	0	161	224
data\source\npc\quest\w1351_npc_tianlangzii\w1351_npc_tianlangzii_yifu_001.mesh	OK	24412	275	354	1	5500	13204	1	0	0	275	354
data\source\npc\quest\w1351_npc_tianshannandizi\w1351_npc_tianshannandizi_lian_001.mesh	OK	19296	166	216	1	3320	12404	1	0	0	166	216
data\source\npc\quest\w1351_npc_tianshannandizi\w1351_npc_tianshannandizi_yifu_001.mesh	OK	28448	313	432	1	6260	15556	1	0	0	313	432
data\source\npc\quest\w1351_npc_tianshannvdizi\w1351_npc_tianshannvdizi_lian_001.mesh	OK	22036	186	226	1	3720	14444	1	0	0	186	226
data\source\npc\quest\w1351_npc_tianshannvdizi\w1351_npc_tianshannvdizi_shoutao_001.mesh	OK	14740	60	98	1	1200	11948	1	0	0	60	98
data\source\npc\quest\w1351_npc_tianshannvdizi\w1351_npc_tianshannvdizi_yifu_001.mesh	OK	33312	395	496	1	7900	17412	1	0	0	395	496
data\source\npc\quest\w1351_npc_tianshantonglao\w1351_npc_tianshantonglao_lian_001.mesh	OK	18394	184	229	1	3680	10848	1	0	0	184	229
data\source\npc\quest\w1351_npc_tianshantonglao\w1351_npc_tianshantonglao_yifu_001.mesh	OK	31014	395	527	1	7900	14928	1	0	0	395	527
data\source\npc\quest\w1351_npc_tiantianhelonglong\w1351_npc_tiantianhelonglong_shoutao_001.mesh	OK	67496	694	982	1	13880	39112	1	0	0	694	982
data\source\npc\quest\w1351_npc_tiantianhelonglong\w1351_npc_tiantianhelonglong_yifu_001.mesh	OK	64792	644	906	1	12880	38464	1	0	0	644	906
data\source\npc\quest\w1351_npc_tianxianmeimei\w1351_npc_tianxianmeimei_lian_001.mesh	OK	18496	149	152	1	2980	12532	1	0	0	149	152
data\source\npc\quest\w1351_npc_tianxianmeimei\w1351_npc_tianxianmeimei_yifu_001.mesh	OK	33892	437	462	1	8740	16852	1	0	0	437	462
data\source\npc\quest\w1351_npc_tianxuanzi\w1351_npc_tianxuanzi_lian_001.mesh	OK	15408	128	192	1	2560	9876	1	0	0	128	192
data\source\npc\quest\w1351_npc_tianxuanzi\w1351_npc_tianxuanzi_xiezi_001.mesh	OK	16416	150	184	1	3000	10228	1	0	0	150	184
data\source\npc\quest\w1351_npc_tianxuanzi\w1351_npc_tianxuanzi_yifu_001.mesh	OK	23908	245	346	1	4900	13708	1	0	0	245	346
data\source\npc\quest\w1351_npc_tingting\w1351_npc_tingting.mesh	OK	74516	1244	1447	1	27774	22848	0	0	12846	1244	1447
data\source\npc\quest\w1351_npc_tongshuai1\w1351_npc_tongshuai1_shoutao_001.mesh	OK	30892	136	128	1	2720	25488	1	0	0	136	128
data\source\npc\quest\w1351_npc_tongshuai1\w1351_npc_tongshuai1_toufa_001.mesh	OK	28612	131	144	1	2620	23272	1	0	0	131	144
data\source\npc\quest\w1351_npc_tongshuai1\w1351_npc_tongshuai1_xiezi_001.mesh	OK	53116	552	690	2	11040	31024	1	0	0	552	618+72
data\source\npc\quest\w1351_npc_tongshuai1\w1351_npc_tongshuai1_yifu_001.mesh	OK	65304	757	970	1	15140	34976	1	0	0	757	970
data\source\npc\quest\w1351_npc_tongshuai2\w1351_npc_tongshuai2_lian_001.mesh	OK	26856	118	152	1	2360	21884	1	0	0	118	152
data\source\npc\quest\w1351_npc_tongshuai2\w1351_npc_tongshuai2_shoutao_001.mesh	OK	30722	218	203	1	4360	22244	1	0	0	218	203
data\source\npc\quest\w1351_npc_tongshuai2\w1351_npc_tongshuai2_toufa_001.mesh	OK	28096	132	184	1	2640	22484	1	0	0	132	184
data\source\npc\quest\w1351_npc_tongshuai2\w1351_npc_tongshuai2_xiezi_001.mesh	OK	49908	506	674	1	10120	29388	1	0	0	506	674
data\source\npc\quest\w1351_npc_tongshuai2\w1351_npc_tongshuai2_yifu_001.mesh	OK	44600	411	484	1	8220	28260	1	0	0	411	484
data\source\npc\quest\w1351_npc_tumihua\w1351_npc_tumihua.mesh	OK	31212	445	385	1	9670	13608	0	0	4330	445	385
data\source\npc\quest\w1351_npc_wanganshi\w1351_npc_wanganshi_lian_001.mesh	OK	17164	106	162	1	2120	12516	1	0	0	106	162
data\source\npc\quest\w1351_npc_wanganshi\w1351_npc_wanganshi_shoutao_001.mesh	OK	12184	24	20	1	480	11012	1	0	0	24	20
data\source\npc\quest\w1351_npc_wanganshi\w1351_npc_wanganshi_yifu_001.mesh	OK	27492	300	370	1	6000	15388	1	0	0	300	370
data\source\npc\quest\w1351_npc_wangruoyu\w1351_npc_wangruoyu_lian_001.mesh	OK	15556	102	134	1	2040	11204	1	0	0	102	134
data\source\npc\quest\w1351_npc_wangruoyu\w1351_npc_wangruoyu_shoutao_001.mesh	OK	10180	8	10	1	160	9580	1	0	0	8	10
data\source\npc\quest\w1351_npc_wangruoyu\w1351_npc_wangruoyu_yifu_001.mesh	OK	28324	322	426	1	6440	15180	1	0	0	322	426
data\source\npc\quest\w1351_npc_wangxiaoya\w1351_npc_wangxiaoya_lian_001.mesh	OK	17100	152	238	1	3040	10524	1	0	0	152	238
data\source\npc\quest\w1351_npc_wangxiaoya\w1351_npc_wangxiaoya_xiezi_001.mesh	OK	17560	172	248	1	3440	10284	1	0	0	172	248
data\source\npc\quest\w1351_npc_wangxiaoya\w1351_npc_wangxiaoya_yifu_001.mesh	OK	21336	224	292	1	4480	12132	1	0	0	224	292
data\source\npc\quest\w1351_npc_wanjiegu_jiedian05\w1351_npc_wanjiegu_jiedian05.mesh	OK	1912	20	12	1	400	916	1	0	0	20	12
data\source\npc\quest\w1351_npc_wanyanaguda\w1351_npc_wanyanaguda_lian_001.mesh	OK	16816	144	172	1	2880	10892	1	0	0	144	172
data\source\npc\quest\w1351_npc_wanyanaguda\w1351_npc_wanyanaguda_shoutao_001.mesh	OK	13424	80	96	1	1600	10004	1	0	0	80	96
data\source\npc\quest\w1351_npc_wanyanaguda\w1351_npc_wanyanaguda_yifu_001.mesh	OK	35416	496	608	1	9920	15612	1	0	0	496	608
data\source\npc\quest\w1351_npc_weibing1\w1351_npc_weibing1_lian_001.mesh	OK	13712	109	142	1	2180	9088	1	0	0	109	142
data\source\npc\quest\w1351_npc_weibing1\w1351_npc_weibing1_shoutao_001.mesh	OK	10694	49	39	1	980	8608	1	0	0	49	39
data\source\npc\quest\w1351_npc_weibing1\w1351_npc_weibing1_yifu_001.mesh	OK	23264	277	394	1	5540	11752	1	0	0	277	394
data\source\npc\quest\w1351_npc_weibing3\w1351_npc_weibing3_lian_001.mesh	OK	12652	97	140	1	1940	8424	1	0	0	97	140
data\source\npc\quest\w1351_npc_weibing3\w1351_npc_weibing3_shoutao_001.mesh	OK	10736	58	94	1	1160	8032	1	0	0	58	94
data\source\npc\quest\w1351_npc_weibing3\w1351_npc_weibing3_yifu_001.mesh	OK	24392	301	422	1	6020	11944	1	0	0	301	422
data\source\npc\quest\w1351_npc_weibing4\w1351_npc_weibing4_lian_001.mesh	OK	15524	128	188	1	2560	10016	1	0	0	128	188
data\source\npc\quest\w1351_npc_weibing4\w1351_npc_weibing4_shoutao_001.mesh	OK	11944	77	82	1	1540	8704	1	0	0	77	82
data\source\npc\quest\w1351_npc_weibing4\w1351_npc_weibing4_yifu_001.mesh	OK	47048	723	750	1	14460	19128	1	0	0	723	750
data\source\npc\quest\w1351_npc_wuciren\w1351_npc_wuciren_yifu_001.mesh	OK	32628	439	586	2	8780	14776	1	0	0	439	436+150
data\source\npc\quest\w1351_npc_wudechang\w1351_npc_wudechang_lian_001.mesh	OK	12396	85	126	1	1700	8636	1	0	0	85	126
data\source\npc\quest\w1351_npc_wudechang\w1351_npc_wudechang_shoutao_001.mesh	OK	9576	28	36	1	560	8180	1	0	0	28	36
data\source\npc\quest\w1351_npc_wudechang\w1351_npc_wudechang_yifu_001.mesh	OK	26388	334	414	1	6680	12932	1	0	0	334	414
data\source\npc\quest\w1351_npc_wuding\w1351_npc_wuding_lian_001.mesh	OK	14432	138	186	1	3132	8244	1	1	0	138	186
data\source\npc\quest\w1351_npc_wuding\w1351_npc_wuding_yifu_001.mesh	OK	22480	271	400	1	6220	10324	1	1	0	271	400
data\source\npc\quest\w1351_npc_wufang01\w1351_npc_wufang01.mesh	OK	197888	5532	3428	4	110640	0	1	0	0	5532	294+694+1650+790
data\source\npc\quest\w1351_npc_wufang02\w1351_npc_wufang02.mesh	OK	97568	2686	1886	5	53720	0	1	0	0	2686	668+926+194+12+86
data\source\npc\quest\w1351_npc_wufang03\w1351_npc_wufang03.mesh	OK	98740	2722	1890	4	54440	0	1	0	0	2722	1122+72+648+48
data\source\npc\quest\w1351_npc_wufang04\w1351_npc_wufang04.mesh	OK	100616	2780	1892	6	55600	0	1	0	0	2780	648+4+926+128+94+92
data\source\npc\quest\w1351_npc_wufang05\w1351_npc_wufang05.mesh	OK	190962	5315	3429	7	106300	0	1	0	0	5315	24+156+829+250+34+540+1596
data\source\npc\quest\w1351_npc_wujufang01\w1351_npc_wujufang01.mesh	OK	64344	1796	1096	4	35920	0	1	0	0	1796	124+640+176+156
data\source\npc\quest\w1351_npc_wujufang02\w1351_npc_wujufang02.mesh	OK	115994	3253	1933	5	65060	0	1	0	0	3253	875+472+430+58+98
data\source\npc\quest\w1351_npc_wujufang04\w1351_npc_wujufang04.mesh	OK	124558	3475	2175	7	69500	0	1	0	0	3475	557+528+60+388+444+196+2
data\source\npc\quest\w1351_npc_wujufang05\w1351_npc_wujufang05.mesh	OK	161320	4526	2696	8	90520	0	1	0	0	4526	751+497+60+430+274+192+394+98
data\source\npc\quest\w1351_npc_wulaoda\w1351_npc_wulaoda_shoutao_001.mesh	OK	14972	124	144	1	2480	9856	1	0	0	124	144
data\source\npc\quest\w1351_npc_wulaoda\w1351_npc_wulaoda_toufa_001.mesh	OK	15980	99	160	1	1980	11568	1	0	0	99	160
data\source\npc\quest\w1351_npc_wulaoda\w1351_npc_wulaoda_yifu_001.mesh	OK	45964	545	688	1	10900	24112	1	0	0	545	688
data\source\npc\quest\w1351_npc_wulongzhu\w1351_npc_huilongzhu.mesh	OK	61052	1227	1399	1	27338	10312	0	0	12614	1227	1399
data\source\npc\quest\w1351_npc_wulongzhu\w1351_npc_huolongzhu.mesh	OK	61052	1227	1399	1	27338	10312	0	0	12614	1227	1399
data\source\npc\quest\w1351_npc_wulongzhu\w1351_npc_jinlongzhu.mesh	OK	61052	1227	1399	1	27338	10312	0	0	12614	1227	1399
data\source\npc\quest\w1351_npc_wulongzhu\w1351_npc_mulongzhu.mesh	OK	61052	1227	1399	1	27338	10312	0	0	12614	1227	1399
data\source\npc\quest\w1351_npc_wulongzhu\w1351_npc_shuilongzhu.mesh	OK	61052	1227	1399	1	27338	10312	0	0	12614	1227	1399
data\source\npc\quest\w1351_npc_wulongzhu\w1351_npc_tulongzhu.mesh	OK	61052	1227	1399	1	27338	10312	0	0	12614	1227	1399
data\source\npc\quest\w1351_npc_wumiaomiao\w1351_npc_wumiaomiao_yifu_001.mesh	OK	85198	1036	1379	1	20720	43488	1	0	0	1036	1379
data\source\npc\quest\w1351_npc_wumingqin\w1351_npc_wumingqin_lian_001.mesh	OK	20840	125	186	1	2500	15440	1	0	0	125	186
data\source\npc\quest\w1351_npc_wumingqin\w1351_npc_wumingqin_yifu_001.mesh	OK	56476	654	882	2	13080	29968	1	0	0	654	794+88
data\source\npc\quest\w1351_npc_wusen\w1351_npc_wusen_lian_001.mesh	OK	12620	82	136	1	1640	8896	1	0	0	82	136
data\source\npc\quest\w1351_npc_wusen\w1351_npc_wusen_shoutao_001.mesh	OK	29356	463	432	1	9260	11664	1	0	0	463	432
data\source\npc\quest\w1351_npc_wusen\w1351_npc_wusen_yifu_001.mesh	OK	30504	421	526	1	8420	13592	1	0	0	421	526
data\source\npc\quest\w1351_npc_wusensen\w1351_npc_wusensen_yifu_001.mesh	OK	98446	1156	1737	1	23120	50748	1	0	0	1156	1737
data\source\npc\quest\w1351_npc_wuxuejiao\w1351_npc_wuxuejiao_lian_001.mesh	OK	13644	111	154	1	2220	8884	1	0	0	111	154
data\source\npc\quest\w1351_npc_wuxuejiao\w1351_npc_wuxuejiao_yifu_001.mesh	OK	32104	432	576	1	8640	14540	1	0	0	432	576
data\source\npc\quest\w1351_npc_wuyazi\w1351_npc_wuyazi_shoutao_001.mesh	OK	16696	136	156	1	2720	11124	1	0	0	136	156
data\source\npc\quest\w1351_npc_wuyazi\w1351_npc_wuyazi_yifu_001.mesh	OK	56556	806	1066	1	16120	24084	1	0	0	806	1066
data\source\npc\quest\w1351_npc_wuzhuhu\w1351_npc_wuzhuhu.mesh	OK	48232	647	948	1	14836	19660	1	1	0	647	948
data\source\npc\quest\w1351_npc_xiangfang01\w1351_npc_xiangfang01.mesh	OK	44288	1222	814	5	24440	0	1	0	0	1222	188+158+220+4+244
data\source\npc\quest\w1351_npc_xiangfang02\w1351_npc_xiangfang02.mesh	OK	40816	1122	770	3	22440	0	1	0	0	1122	132+432+206
data\source\npc\quest\w1351_npc_xiangfang03\w1351_npc_xiangfang03.mesh	OK	33864	935	608	4	18700	0	1	0	0	935	504+32+36+36
data\source\npc\quest\w1351_npc_xiangfang04\w1351_npc_xiangfang04.mesh	OK	32868	909	580	5	18180	0	1	0	0	909	12+492+28+24+24
data\source\npc\quest\w1351_npc_xiangfang05\w1351_npc_xiangfang05.mesh	OK	41718	1158	727	5	23160	0	1	0	0	1158	16+303+74+308+26
data\source\npc\quest\w1351_npc_xianya01\w1351_npc_xianya01.mesh	OK	90800	2512	1684	8	50240	0	1	0	0	2512	744+136+32+354+118+160+84+56
data\source\npc\quest\w1351_npc_xianya02\w1351_npc_xianya02.mesh	OK	99068	2776	1656	5	55520	0	1	0	0	2776	600+124+98+56+778
data\source\npc\quest\w1351_npc_xianya03\w1351_npc_xianya03.mesh	OK	86668	2423	1470	8	48460	0	1	0	0	2423	24+580+24+160+16+606+58+2
data\source\npc\quest\w1351_npc_xianya04\w1351_npc_xianya04.mesh	OK	162544	4518	2942	9	90360	0	1	0	0	4518	4+430+74+762+808+28+32+580+224
data\source\npc\quest\w1351_npc_xianya05\w1351_npc_xianya05.mesh	OK	313944	8626	6266	9	172520	0	1	0	0	8626	448+328+74+946+498+334+22+3154+462
data\source\npc\quest\w1351_npc_xiaochai\w1351_npc_xiaochai_lian_001.mesh	OK	16006	165	201	1	3300	9236	1	0	0	165	201
data\source\npc\quest\w1351_npc_xiaochai\w1351_npc_xiaochai_yifu_001.mesh	OK	35496	499	656	1	9980	15308	1	0	0	499	656
data\source\npc\quest\w1351_npc_xiaoheshang\w1351_npc_xiaoheshang_yifu_001.mesh	OK	29096	357	468	1	7140	14580	1	0	0	357	468
data\source\npc\quest\w1351_npc_xiaonvhai05\w1351_npc_xiaonvhai05.mesh	OK	483468	7750	10417	2	175834	151844	0	0	175834	0	9301+1116
data\source\npc\quest\w1351_npc_xiaonvhai05\w1351_npc_xiaonvhai05_yanjing.mesh	OK	62800	684	1224	1	16128	30836	0	0	16128	0	1224
data\source\npc\quest\w1351_npc_xiaoqiang\w1351_npc_xiaoqiang_lian_001.mesh	OK	20172	151	210	1	3020	13796	1	0	0	151	210
data\source\npc\quest\w1351_npc_xiaoqiang\w1351_npc_xiaoqiang_yifu_001.mesh	OK	34584	415	520	1	8300	17900	1	0	0	415	520
data\source\npc\quest\w1351_npc_xiaoqigai\w1351_npc_xiaoqigai_toufa_001.mesh	OK	18936	156	192	1	3120	12508	1	0	0	156	192
data\source\npc\quest\w1351_npc_xiaoqigai\w1351_npc_xiaoqigai_yifu_001.mesh	OK	27040	282	408	1	5640	15284	1	0	0	282	408
data\source\npc\quest\w1351_npc_xiaoshutong\w1351_npc_xiaoshutong_lian_001.mesh	OK	12996	90	154	1	1800	8908	1	0	0	90	154
data\source\npc\quest\w1351_npc_xiaoshutong\w1351_npc_xiaoshutong_xiezi_001.mesh	OK	17316	169	234	1	3380	10220	1	0	0	169	234
data\source\npc\quest\w1351_npc_xiaoshutong\w1351_npc_xiaoshutong_yifu_001.mesh	OK	19792	201	272	1	4020	11444	1	0	0	201	272
data\source\npc\quest\w1351_npc_xiaowei\w1351_npc_xiaowei_lian_001.mesh	OK	17428	125	156	1	2500	12208	1	0	0	125	156
data\source\npc\quest\w1351_npc_xiaowei\w1351_npc_xiaowei_shoutao_001.mesh	OK	15064	77	82	1	1540	11824	1	0	0	77	82
data\source\npc\quest\w1351_npc_xiaowei\w1351_npc_xiaowei_yifu_001.mesh	OK	31436	369	416	1	7380	16848	1	0	0	369	416
data\source\npc\quest\w1351_npc_xiaoyuanshan\w1351_npc_xiaoyuanshan.mesh	OK	291788	4084	6194	1	81680	123652	1	0	0	4084	6194
data\source\npc\quest\w1351_npc_xiaoyuanshanerzi\w1351_npc_xiaoyuanshanerzi.mesh	OK	54704	842	1366	1	16840	19280	1	0	0	842	1366
data\source\npc\quest\w1351_npc_xiaoyuanshanqizi\w1351_npc_xiaoyuanshanqizi.mesh	OK	215328	3647	5210	1	72940	67080	1	0	0	3647	5210
data\source\npc\quest\w1351_npc_xiaoyuanshanqizi01\w1351_npc_xiaoyuanshanqizi01.mesh	OK	277548	4489	6576	2	89780	94156	1	0	0	4489	5210+1366
data\source\npc\quest\w1351_npc_xiaqingqing\w1351_npc_xiaqingqing_lian_001.mesh	OK	23136	259	346	1	5180	12488	1	0	0	259	346
data\source\npc\quest\w1351_npc_xiaqingqing\w1351_npc_xiaqingqing_shoutao_001.mesh	OK	9956	26	48	1	520	8552	1	0	0	26	48
data\source\npc\quest\w1351_npc_xiaqingqing\w1351_npc_xiaqingqing_yifu_001.mesh	OK	35160	482	654	1	9640	15528	1	0	0	482	654
data\source\npc\quest\w1351_npc_xiguachuan_001\w1351_npc_xiguachuan_001.mesh	OK	322596	6735	6194	2	147088	57236	1	1	0	6735	494+5700
data\source\npc\quest\w1351_npc_xiguaguai_001\w1351_npc_xiguaguai_001.mesh	OK	162472	2599	3085	2	58150	54336	0	0	26962	2599	3002+83
data\source\npc\quest\w1351_npc_xiguaguai_001\w1351_npc_xiguaguai_002.mesh	OK	164856	2647	3119	2	59178	54912	0	0	27414	2647	83+3036
data\source\npc\quest\w1351_npc_xiguaguai_001\w1351_npc_xiguaguai_003.mesh	OK	169384	2728	3257	2	61074	55744	0	0	28338	2728	83+3174
data\source\npc\quest\w1351_npc_xiguaguai_001\w1351_npc_xiguaguai_004.mesh	OK	200280	3303	4055	2	74170	61856	0	0	34534	3303	83+3972
data\source\npc\quest\w1351_npc_xiguaguai_001\w1351_pets_renzheshengua_b0.mesh	OK	162472	2599	3085	2	58150	54336	0	0	26962	2599	3002+83
data\source\npc\quest\w1351_npc_xiguaguai_001\w1351_pets_renzheshengua_b3.mesh	OK	164856	2647	3119	2	59178	54912	0	0	27414	2647	83+3036
data\source\npc\quest\w1351_npc_xiguaguai_001\w1351_pets_renzheshengua_b5.mesh	OK	169384	2728	3257	2	61074	55744	0	0	28338	2728	83+3174
data\source\npc\quest\w1351_npc_xiguaguai_001\w1351_pets_renzheshengua_b7.mesh	OK	200280	3303	4055	2	74170	61856	0	0	34534	3303	83+3972
data\source\npc\quest\w1351_npc_xijingjinjun\w1351_npc_xijingjinjun_lian_001.mesh	OK	14334	152	197	1	3040	8004	1	0	0	152	197
data\source\npc\quest\w1351_npc_xijingjinjun\w1351_npc_xijingjinjun_shoutao_001.mesh	OK	8912	37	60	1	740	7084	1	0	0	37	60
data\source\npc\quest\w1351_npc_xijingjinjun\w1351_npc_xijingjinjun_xiezi_001.mesh	OK	8620	33	38	1	660	7052	1	0	0	33	38
data\source\npc\quest\w1351_npc_xijingjinjun\w1351_npc_xijingjinjun_yifu_001.mesh	OK	25844	338	462	1	6760	11972	1	0	0	338	462
data\source\npc\quest\w1351_npc_xinduanyu\w1351_npc_xinduanyu.mesh	OK	378684	5847	8090	1	133120	126576	1	1	0	5847	8090
data\source\npc\quest\w1351_npc_xingwenshizhe_01\w1351_npc_xingwenshizhe_01_lian_001.mesh	OK	35856	133	204	1	2660	30092	1	0	0	133	204
data\source\npc\quest\w1351_npc_xingwenshizhe_01\w1351_npc_xingwenshizhe_01_toufa_001.mesh	OK	42270	283	273	1	5660	31292	1	0	0	283	273
data\source\npc\quest\w1351_npc_xingwenshizhe_01\w1351_npc_xingwenshizhe_01_xiezi_001.mesh	OK	76028	848	918	1	16960	43100	1	0	0	848	918
data\source\npc\quest\w1351_npc_xingwenshizhe_01\w1351_npc_xingwenshizhe_01_yifu_001.mesh	OK	84228	931	1206	1	18620	46916	1	0	0	931	1206
data\source\npc\quest\w1351_npc_xingwenshizhe_02\w1351_npc_xingwenshizhe_02_lian_001.mesh	OK	88222	1017	1071	1	20340	48968	1	0	0	1017	1071
data\source\npc\quest\w1351_npc_xingwenshizhe_02\w1351_npc_xingwenshizhe_02_shoutao_001.mesh	OK	82084	1344	1168	1	26880	31784	1	0	0	1344	1168
data\source\npc\quest\w1351_npc_xingwenshizhe_02\w1351_npc_xingwenshizhe_02_xiezi_001.mesh	OK	68712	848	918	1	16960	35784	1	0	0	848	918
data\source\npc\quest\w1351_npc_xingwenshizhe_02\w1351_npc_xingwenshizhe_02_yifu_001.mesh	OK	84744	902	1198	1	18040	48408	1	0	0	902	1198
data\source\npc\quest\w1351_npc_xinmurongfu\w1351_npc_xinmurongfu.mesh	OK	370964	5945	7130	2	133160	123396	0	0	133160	0	6430+700
data\source\npc\quest\w1351_npc_xinxiaoyuanshan\w1351_npc_xinxiaoyuanshan.mesh	OK	428070	6047	7885	3	120940	186964	1	0	0	6047	5659+845+1381
data\source\npc\quest\w1351_npc_xinxiaoyuanshanerzi\w1351_npc_xinxiaoyuanshanerzi.mesh	OK	103432	1614	2518	1	32280	36392	1	0	0	1614	2518
data\source\npc\quest\w1351_npc_xinxiaoyuanshanqizi\w1351_npc_xinxiaoyuanshanqizi.mesh	OK	463924	7787	9996	2	155740	154476	1	0	0	7787	5462+4534
data\source\npc\quest\w1351_npc_xinxiaoyuanshanqizi01\w1351_npc_xinxiaoyuanshanerzi01.mesh	OK	126312	1614	2518	1	32280	59272	1	0	0	1614	2518
data\source\npc\quest\w1351_npc_xinxiaoyuanshanqizi01\w1351_npc_xinxiaoyuanshanqizi01.mesh	OK	465824	7787	9996	2	155740	156376	1	0	0	7787	5462+4534
data\source\npc\quest\w1351_npc_xisanqi\w1351_npc_xisanqi_lian_001.mesh	OK	19272	144	188	1	2880	13252	1	0	0	144	188
data\source\npc\quest\w1351_npc_xisanqi\w1351_npc_xisanqi_shoutao_001.mesh	OK	12568	28	36	1	560	11172	1	0	0	28	36
data\source\npc\quest\w1351_npc_xisanqi\w1351_npc_xisanqi_yifu_001.mesh	OK	27224	292	348	1	5840	15508	1	0	0	292	348
data\source\npc\quest\w1351_npc_xiuzhendaozhang_01\w1351_npc_xiuzhendaozhang_01_lian_001.mesh	OK	34852	126	204	1	2520	29312	1	0	0	126	204
data\source\npc\quest\w1351_npc_xiuzhendaozhang_01\w1351_npc_xiuzhendaozhang_01_toufa_001.mesh	OK	37754	206	239	2	4120	29440	1	0	0	206	230+9
data\source\npc\quest\w1351_npc_xiuzhendaozhang_01\w1351_npc_xiuzhendaozhang_01_xiezi_001.mesh	OK	48780	335	364	1	6700	35592	1	0	0	335	364
data\source\npc\quest\w1351_npc_xiuzhendaozhang_01\w1351_npc_xiuzhendaozhang_01_yifu_001.mesh	OK	77728	826	1146	1	16520	44136	1	0	0	826	1146
data\source\npc\quest\w1351_npc_xixiashiguan\w1351_npc_xixiashiguan_toufa_001.mesh	OK	17400	131	186	1	2992	11436	1	1	0	131	186
data\source\npc\quest\w1351_npc_xixiashiguan\w1351_npc_xixiashiguan_yifu_001.mesh	OK	28760	328	422	1	7404	14604	1	1	0	328	422
data\source\npc\quest\w1351_npc_xizhuangshi_001\w1351_npc_xizhuangshi_001.mesh	OK	8914	125	101	1	2500	4024	1	0	0	125	101
data\source\npc\quest\w1351_npc_xsc_mache\w1351_npc_xsc_mache_lian_001.mesh	OK	26992	113	126	1	2260	22336	1	0	0	113	126
data\source\npc\quest\w1351_npc_xsc_mache\w1351_npc_xsc_mache_toufa_001.mesh	OK	27200	99	130	1	1980	22968	1	0	0	99	130
data\source\npc\quest\w1351_npc_xsc_mache\w1351_npc_xsc_mache_xiezi_001.mesh	OK	141188	2362	2808	1	47240	48472	1	0	0	2362	2808
data\source\npc\quest\w1351_npc_xsc_mache\w1351_npc_xsc_mache_yifu_001.mesh	OK	38660	278	392	1	5560	27128	1	0	0	278	392
data\source\npc\quest\w1351_npc_xuanci\w1351_npc_xuanci_lian_001.mesh	OK	21364	203	220	2	4060	13260	1	0	0	203	202+18
data\source\npc\quest\w1351_npc_xuanci\w1351_npc_xuanci_shoutao_001.mesh	OK	13480	54	36	1	1080	11252	1	0	0	54	36
data\source\npc\quest\w1351_npc_xuanci\w1351_npc_xuanci_yifu_001.mesh	OK	29076	335	394	1	6700	15708	1	0	0	335	394
data\source\npc\quest\w1351_npc_xuanli\w1351_npc_xuanli_yifu_001.mesh	OK	99514	1268	1669	1	25360	48640	1	0	0	1268	1669
data\source\npc\quest\w1351_npc_xuannan\w1351_npc_xuannan_lian_001.mesh	OK	20168	178	196	1	3560	13012	1	0	0	178	196
data\source\npc\quest\w1351_npc_xuannan\w1351_npc_xuannan_yifu_001.mesh	OK	29076	335	394	1	6700	15708	1	0	0	335	394
data\source\npc\quest\w1351_npc_xuanyue\w1351_npc_xuanyue_shoutao_001.mesh	OK	29140	409	172	1	8180	14736	1	0	0	409	172
data\source\npc\quest\w1351_npc_xuanyue\w1351_npc_xuanyue_yifu_001.mesh	OK	100878	1284	1883	1	25680	48208	1	0	0	1284	1883
data\source\npc\quest\w1351_npc_xuedama\w1351_npc_xuedama_lian_001.mesh	OK	12928	86	144	1	1720	9028	1	0	0	86	144
data\source\npc\quest\w1351_npc_xuedama\w1351_npc_xuedama_yifu_001.mesh	OK	31660	425	578	1	8500	14308	1	0	0	425	578
data\source\npc\quest\w1351_npc_xuemuhua\w1351_npc_xuemuhua_lian_001.mesh	OK	17782	121	161	1	2420	12660	1	0	0	121	161
data\source\npc\quest\w1351_npc_xuemuhua\w1351_npc_xuemuhua_yifu_001.mesh	OK	29406	326	465	1	6520	15900	1	0	0	326	465
data\source\npc\quest\w1351_npc_xueren\w1351_npc_xueren.mesh	OK	58796	807	918	1	16140	27180	1	0	0	807	918
data\source\npc\quest\w1351_npc_xuetong\w1351_npc_xuetong_lian_001.mesh	OK	16988	102	134	1	2040	12636	1	0	0	102	134
data\source\npc\quest\w1351_npc_xuetong\w1351_npc_xuetong_shoutao_001.mesh	OK	11612	8	10	1	160	11012	1	0	0	8	10
data\source\npc\quest\w1351_npc_xuetong\w1351_npc_xuetong_yifu_001.mesh	OK	28588	316	422	1	6320	15660	1	0	0	316	422
data\source\npc\quest\w1351_npc_xunchengjinwei\w1351_npc_xunchengjinwei_lian_001.mesh	OK	13156	95	148	1	1900	8944	1	0	0	95	148
data\source\npc\quest\w1351_npc_xunchengjinwei\w1351_npc_xunchengjinwei_shoutao_001.mesh	OK	9920	33	38	1	660	8352	1	0	0	33	38
data\source\npc\quest\w1351_npc_xunchengjinwei\w1351_npc_xunchengjinwei_yifu_001.mesh	OK	25516	312	412	1	6240	12776	1	0	0	312	412
data\source\npc\quest\w1351_npc_xunshanxianv_01\w1351_npc_xunshanxianv_01_lian_001.mesh	OK	30704	136	226	1	2720	24712	1	0	0	136	226
data\source\npc\quest\w1351_npc_xunshanxianv_01\w1351_npc_xunshanxianv_01_toufa_001.mesh	OK	32302	188	203	1	3760	24784	1	0	0	188	203
data\source\npc\quest\w1351_npc_xunshanxianv_01\w1351_npc_xunshanxianv_01_xiezi_001.mesh	OK	67584	872	922	1	17440	33864	1	0	0	872	922
data\source\npc\quest\w1351_npc_xunshanxianv_01\w1351_npc_xunshanxianv_01_yifu_001.mesh	OK	84932	986	1356	1	19720	44960	1	0	0	986	1356
data\source\npc\quest\w1351_npc_xunshanxianv_02\w1351_npc_xunshanxianv_02_shoutao_001.mesh	OK	30944	312	340	1	6240	18636	1	0	0	312	340
data\source\npc\quest\w1351_npc_xunshanxianv_02\w1351_npc_xunshanxianv_02_toufa_001.mesh	OK	108696	1470	1412	1	29400	52900	1	0	0	1470	1412
data\source\npc\quest\w1351_npc_xunshanxianv_02\w1351_npc_xunshanxianv_02_xiezi_001.mesh	OK	60868	872	922	1	17440	27148	1	0	0	872	922
data\source\npc\quest\w1351_npc_xunshanxianv_02\w1351_npc_xunshanxianv_02_yifu_001.mesh	OK	95912	1119	1330	2	22380	51836	1	0	0	1119	1290+40
data\source\npc\quest\w1351_npc_xunshanxianzi_01\w1351_npc_xunshanxianzi_01.mesh	OK	51984	505	546	1	10100	32264	1	0	0	505	546
data\source\npc\quest\w1351_npc_xunshanxianzi_01\w1351_npc_xunshanxianzi_01_a.mesh	OK	38226	272	317	1	5440	27336	1	0	0	272	317
data\source\npc\quest\w1351_npc_xunshanxianzi_01\w1351_npc_xunshanxianzi_01_b.mesh	OK	68622	715	975	1	14300	39608	1	0	0	715	975
data\source\npc\quest\w1351_npc_xunshanxianzi_01\w1351_npc_xunshanxianzi_01_d.mesh	OK	32184	136	226	1	2720	26192	1	0	0	136	226
data\source\npc\quest\w1351_npc_xunshanxianzi_02\w1351_npc_xunshanxianzi_02.mesh	OK	52080	505	546	1	10100	32360	1	0	0	505	546
data\source\npc\quest\w1351_npc_xunshanxianzi_02\w1351_npc_xunshanxianzi_02_a.mesh	OK	83692	1053	1164	1	21060	42728	1	0	0	1053	1164
data\source\npc\quest\w1351_npc_xunshanxianzi_02\w1351_npc_xunshanxianzi_02_b.mesh	OK	74952	811	966	1	16220	42920	1	0	0	811	966
data\source\npc\quest\w1351_npc_xuzhu\w1351_npc_xuzhu.mesh	OK	287788	4367	6928	1	101196	92336	1	1	0	4367	6928
data\source\npc\quest\w1351_npc_yangan\w1351_npc_yangan_lian_001.mesh	OK	17108	109	152	1	2180	12424	1	0	0	109	152
data\source\npc\quest\w1351_npc_yangan\w1351_npc_yangan_shoutao_001.mesh	OK	12352	27	50	1	540	10904	1	0	0	27	50
data\source\npc\quest\w1351_npc_yangan\w1351_npc_yangan_yifu_001.mesh	OK	27636	285	364	1	5700	16048	1	0	0	285	364
data\source\npc\quest\w1351_npc_yangdiaoren\w1351_npc_yangdiaoren_lian_001.mesh	OK	13300	85	124	1	1700	9552	1	0	0	85	124
data\source\npc\quest\w1351_npc_yangdiaoren\w1351_npc_yangdiaoren_shoutao_001.mesh	OK	10336	41	38	1	820	8512	1	0	0	41	38
data\source\npc\quest\w1351_npc_yangdiaoren\w1351_npc_yangdiaoren_yifu_001.mesh	OK	34292	411	524	1	8220	17712	1	0	0	411	524
data\source\npc\quest\w1351_npc_yangxiping\w1351_npc_yangxiping_lian_001.mesh	OK	12308	89	106	1	1780	8540	1	0	0	89	106
data\source\npc\quest\w1351_npc_yangxiping\w1351_npc_yangxiping_yifu_001.mesh	OK	22168	258	328	1	5160	11660	1	0	0	258	328
data\source\npc\quest\w1351_npc_yanhuangfenxiangta\w1351_npc_yanhuangfenxiangta.mesh	OK	74488	1351	1256	1	29532	20924	1	1	0	1351	1256
data\source\npc\quest\w1351_npc_yanhuangluoxingta\w1351_npc_yanhuangluoxingta.mesh	OK	84624	1734	1453	1	37586	17228	0	0	16778	1734	1453
data\source\npc\quest\w1351_npc_yanhuangzhanchebai\w1351_npc_yanhuangzhanchebai.mesh	OK	110172	2381	1444	1	50508	22144	1	1	0	2381	1444
data\source\npc\quest\w1351_npc_yanhuangzhanchebai\w1351_npc_yanhuangzhanchehong.mesh	OK	110172	2381	1444	1	50508	22144	1	1	0	2381	1444
data\source\npc\quest\w1351_npc_yanhuangzhanchebai\w1351_npc_yanhuangzhanchehuang.mesh	OK	110172	2381	1444	1	50508	22144	1	1	0	2381	1444
data\source\npc\quest\w1351_npc_yanhuangzhanchebai\w1351_npc_yanhuangzhanchelan.mesh	OK	110172	2381	1444	1	50508	22144	1	1	0	2381	1444
data\source\npc\quest\w1351_npc_yanhuangzhanchebai\w1351_npc_yanhuangzhanchezi.mesh	OK	110172	2381	1444	1	50508	22144	1	1	0	2381	1444
data\source\npc\quest\w1351_npc_yanhuangzhanqi\w1351_npc_yanhuangzhanqi.mesh	OK	119188	2449	1849	1	52678	25744	0	0	23290	2449	1849
data\source\npc\quest\w1351_npc_yanqing\w1351_npc_yanqing_lian_001.mesh	OK	16120	140	204	1	2800	10132	1	0	0	140	204
data\source\npc\quest\w1351_npc_yanqing\w1351_npc_yanqing_xiezi_001.mesh	OK	15544	132	172	1	2640	10004	1	0	0	132	172
data\source\npc\quest\w1351_npc_yanqing\w1351_npc_yanqing_yifu_001.mesh	OK	24492	278	370	1	5560	13092	1	0	0	278	370
data\source\npc\quest\w1351_npc_yaodianlaoban\w1351_npc_yaodianlaoban_lian_001.mesh	OK	18006	121	161	1	2420	12884	1	0	0	121	161
data\source\npc\quest\w1351_npc_yaodianlaoban\w1351_npc_yaodianlaoban_yifu_001.mesh	OK	29630	326	465	1	6520	16124	1	0	0	326	465
data\source\npc\quest\w1351_npc_yaofu\w1351_npc_yaofu_lian_001.mesh	OK	14400	107	176	1	2140	9636	1	0	0	107	176
data\source\npc\quest\w1351_npc_yaofu\w1351_npc_yaofu_yifu_001.mesh	OK	27892	335	422	1	6700	14356	1	0	0	335	422
data\source\npc\quest\w1351_npc_yelvjieshao\w1351_npc_yelvjieshao_lian_001.mesh	OK	15596	146	206	1	2920	9404	1	0	0	146	206
data\source\npc\quest\w1351_npc_yelvjieshao\w1351_npc_yelvjieshao_shoutao_001.mesh	OK	9874	37	47	1	740	8124	1	0	0	37	47
data\source\npc\quest\w1351_npc_yelvjieshao\w1351_npc_yelvjieshao_yifu_001.mesh	OK	24676	301	422	1	6020	12228	1	0	0	301	422
data\source\npc\quest\w1351_npc_yelvyudu\w1351_npc_yelvyudu_lian_001.mesh	OK	14980	138	200	1	2760	9080	1	0	0	138	200
data\source\npc\quest\w1351_npc_yelvyudu\w1351_npc_yelvyudu_shoutao_001.mesh	OK	10736	58	94	1	1160	8032	1	0	0	58	94
data\source\npc\quest\w1351_npc_yelvyudu\w1351_npc_yelvyudu_yifu_001.mesh	OK	24496	301	422	1	6020	12048	1	0	0	301	422
data\source\npc\quest\w1351_npc_yigui\w1351_npc_yigui_lian_001.mesh	OK	24256	186	268	1	3720	16412	1	0	0	186	268
data\source\npc\quest\w1351_npc_yigui\w1351_npc_yigui_yifu_001.mesh	OK	91600	1265	1620	1	25300	41116	1	0	0	1265	1620
data\source\npc\quest\w1351_npc_yisha\w1351_npc_yisha_toufa_001.mesh	OK	32288	496	512	1	9920	13060	1	0	0	496	512
data\source\npc\quest\w1351_npc_yisha\w1351_npc_yisha_yifu_001.mesh	OK	53134	838	1177	1	16760	18972	1	0	0	838	1177
data\source\npc\quest\w1351_npc_yishe01\w1351_npc_yishe01.mesh	OK	33636	934	576	3	18680	0	1	0	0	934	68+356+152
data\source\npc\quest\w1351_npc_yishe02\w1351_npc_yishe02.mesh	OK	92750	2589	1599	7	51780	0	1	0	0	2589	756+56+8+12+132+420+215
data\source\npc\quest\w1351_npc_yishe04\w1351_npc_yishe04.mesh	OK	51286	1414	955	7	28280	0	1	0	0	1414	8+332+276+38+8+128+165
data\source\npc\quest\w1351_npc_yishe05\w1351_npc_yishe05.mesh	OK	57474	1592	1037	7	31840	0	1	0	0	1592	110+536+26+64+227+32+42
data\source\npc\quest\w1351_npc_yitiancai\w1351_npc_yitiancai.mesh	OK	90380	1331	1748	1	26620	37016	1	0	0	1331	1748
data\source\npc\quest\w1351_npc_youtanzhi\w1351_npc_youtanzhi_lian_001.mesh	OK	16440	148	192	1	2960	10268	1	0	0	148	192
data\source\npc\quest\w1351_npc_youtanzhi\w1351_npc_youtanzhi_yifu_001.mesh	OK	31612	406	546	1	8120	15060	1	0	0	406	546
data\source\npc\quest\w1351_npc_youyi\w1351_npc_youyi_lian_001.mesh	OK	14820	145	170	1	2900	8876	1	0	0	145	170
data\source\npc\quest\w1351_npc_youyi\w1351_npc_youyi_yifu_001.mesh	OK	27284	352	466	1	7040	12940	1	0	0	352	466
data\source\npc\quest\w1351_npc_youzuo\w1351_npc_youzuo_lian_001.mesh	OK	14432	119	150	1	2380	9440	1	0	0	119	150
data\source\npc\quest\w1351_npc_youzuo\w1351_npc_youzuo_yifu_001.mesh	OK	22312	260	358	1	5200	11560	1	0	0	260	358
data\source\npc\quest\w1351_npc_yudongshenshi_01\w1351_npc_yudongshenshi_01_lian_001.mesh	OK	33744	136	226	1	2720	27752	1	0	0	136	226
data\source\npc\quest\w1351_npc_yudongshenshi_01\w1351_npc_yudongshenshi_01_toufa_001.mesh	OK	43104	352	350	1	7040	29456	1	0	0	352	350
data\source\npc\quest\w1351_npc_yudongshenshi_01\w1351_npc_yudongshenshi_01_xiezi_001.mesh	OK	84732	1144	1160	1	22880	40880	1	0	0	1144	1160
data\source\npc\quest\w1351_npc_yudongshenshi_01\w1351_npc_yudongshenshi_01_yifu_001.mesh	OK	85500	997	1308	1	19940	45464	1	0	0	997	1308
data\source\npc\quest\w1351_npc_yudongshenshi_02\w1351_npc_yudongshenshi_02_lian_001.mesh	OK	85372	1075	1284	1	21500	42984	1	0	0	1075	1284
data\source\npc\quest\w1351_npc_yudongshenshi_02\w1351_npc_yudongshenshi_02_shoutao_001.mesh	OK	59568	917	630	1	18340	26160	1	0	0	917	630
data\source\npc\quest\w1351_npc_yudongshenshi_02\w1351_npc_yudongshenshi_02_xiezi_001.mesh	OK	77028	1144	1160	1	22880	33176	1	0	0	1144	1160
data\source\npc\quest\w1351_npc_yudongshenshi_02\w1351_npc_yudongshenshi_02_yifu_001.mesh	OK	92312	1053	1346	1	21060	50256	1	0	0	1053	1346
data\source\npc\quest\w1351_npc_yuelao\w1351_npc_yuelao_lian_001.mesh	OK	20516	267	290	1	5340	9948	1	0	0	267	290
data\source\npc\quest\w1351_npc_yuelao\w1351_npc_yuelao_shoutao_001.mesh	OK	12492	99	88	6	1980	8492	1	0	0	99	2+78+2+2+2+2
data\source\npc\quest\w1351_npc_yuelao\w1351_npc_yuelao_yifu_001.mesh	OK	30100	412	474	1	8240	13788	1	0	0	412	474
data\source\npc\quest\w1351_npc_yuewanwan\w1351_npc_yuewanwan_toufa_001.mesh	OK	32288	496	512	1	9920	13060	1	0	0	496	512
data\source\npc\quest\w1351_npc_yuewanwan\w1351_npc_yuewanwan_yifu_001.mesh	OK	53134	838	1177	1	16760	18972	1	0	0	838	1177
data\source\npc\quest\w1351_npc_yuezhongqiu\w1351_npc_yuezhongqiu_lian_001.mesh	OK	18684	130	202	1	2600	13028	1	0	0	130	202
data\source\npc\quest\w1351_npc_yuezhongqiu\w1351_npc_yuezhongqiu_yifu_001.mesh	OK	29692	331	442	1	6620	16164	1	0	0	331	442
data\source\npc\quest\w1351_npc_yujiulian\w1351_npc_yujiulian_lian_001.mesh	OK	46552	278	346	1	5560	35296	1	0	0	278	346
data\source\npc\quest\w1351_npc_yujiulian\w1351_npc_yujiulian_shoutao_001.mesh	OK	38108	122	200	1	2440	32720	1	0	0	122	200
data\source\npc\quest\w1351_npc_yujiulian\w1351_npc_yujiulian_toufa_001.mesh	OK	37772	108	104	1	2160	33408	1	0	0	108	104
data\source\npc\quest\w1351_npc_yujiulian\w1351_npc_yujiulian_xiezi_001.mesh	OK	53720	353	368	2	7060	39928	1	0	0	353	338+30
data\source\npc\quest\w1351_npc_yujiulian\w1351_npc_yujiuliani_yifu_001.mesh	OK	52456	357	526	1	7140	37592	1	0	0	357	526
data\source\npc\quest\w1351_npc_yunhaner\w1351_npc_yunhaner_lian_001.mesh	OK	19728	171	196	1	3420	12796	1	0	0	171	196
data\source\npc\quest\w1351_npc_yunhaner\w1351_npc_yunhaner_yifu_001.mesh	OK	36896	436	584	1	8720	19156	1	0	0	436	584
data\source\npc\quest\w1351_npc_yunjuejue\w1351_npc_yunjuejue_yifu_001.mesh	OK	152458	2416	3151	1	48320	55956	1	0	0	2416	3151
data\source\npc\quest\w1351_npc_yunlanzhou\w1351_npc_yunlanzhou.mesh	OK	118676	1858	2449	1	42058	39344	0	0	19762	1858	2449
data\source\npc\quest\w1351_npc_yunpiaopiao\w1351_npc_yunpiaopiao_yifu_001.mesh	OK	41630	546	685	2	10920	19760	1	0	0	546	442+243
data\source\npc\quest\w1351_npc_yunqingqing\w1351_npc_yunqingqing_lian_001.mesh	OK	18112	217	259	1	4858	8812	0	0	2254	217	259
data\source\npc\quest\w1351_npc_yunqingqing\w1351_npc_yunqingqing_yifu_001.mesh	OK	23312	300	436	1	6872	9940	1	1	0	300	436
data\source\npc\quest\w1351_npc_yunshanshan\w1351_npc_yunshanshan_lian_001.mesh	OK	25044	300	360	1	6000	13000	1	0	0	300	360
data\source\npc\quest\w1351_npc_yunshanshan\w1351_npc_yunshanshan_yifu_001.mesh	OK	28456	338	478	1	6760	14488	1	0	0	338	478
data\source\npc\quest\w1351_npc_yunxuee\w1351_npc_yunxuee_lian_001.mesh	OK	24344	268	344	1	5360	13420	1	0	0	268	344
data\source\npc\quest\w1351_npc_yunxuee\w1351_npc_yunxuee_yifu_001.mesh	OK	30996	376	510	1	7520	15620	1	0	0	376	510
data\source\npc\quest\w1351_npc_yupo\w1351_npc_yupo_lian_001.mesh	OK	16488	113	188	1	2636	11084	1	1	0	113	188
data\source\npc\quest\w1351_npc_yupo\w1351_npc_yupo_yifu_001.mesh	OK	32320	377	500	1	8540	15972	1	1	0	377	500
data\source\npc\quest\w1351_npc_yuwensu\w1351_npc_yuwensu_lian_001.mesh	OK	20784	230	276	1	4600	11484	1	0	0	230	276
data\source\npc\quest\w1351_npc_yuwensu\w1351_npc_yuwensu_yifu_001.mesh	OK	29972	400	558	1	8000	13540	1	0	0	400	558
data\source\npc\quest\w1351_npc_yuzhuzhi\w1351_npc_yuzhuzhi_lian_001.mesh	OK	17080	103	148	1	2060	12612	1	0	0	103	148
data\source\npc\quest\w1351_npc_yuzhuzhi\w1351_npc_yuzhuzhi_yifu_001.mesh	OK	27052	277	350	1	5540	15804	1	0	0	277	350
data\source\npc\quest\w1351_npc_zaixinzi\w1351_npc_zaixinzi_lian_001.mesh	OK	16912	151	232	1	3020	10404	1	0	0	151	232
data\source\npc\quest\w1351_npc_zaixinzi\w1351_npc_zaixinzi_yifu_001.mesh	OK	33444	426	582	1	8520	16036	1	0	0	426	582
data\source\npc\quest\w1351_npc_zengsanxing\w1351_npc_zengsanxing_lian_001.mesh	OK	14822	71	125	1	1420	11516	1	0	0	71	125
data\source\npc\quest\w1351_npc_zengsanxing\w1351_npc_zengsanxing_yifu_001.mesh	OK	26428	278	382	1	5560	14956	1	0	0	278	382
data\source\npc\quest\w1351_npc_zhanghanzhi\w1351_npc_zhanghanzhi_lian_001.mesh	OK	16972	155	222	1	3100	10396	1	0	0	155	222
data\source\npc\quest\w1351_npc_zhanghanzhi\w1351_npc_zhanghanzhi_yifu_001.mesh	OK	32776	422	596	1	8440	15412	1	0	0	422	596
data\source\npc\quest\w1351_npc_zhanghuo\w1351_npc_zhanghuo_lian_001.mesh	OK	15216	123	188	1	2460	9868	1	0	0	123	188
data\source\npc\quest\w1351_npc_zhanghuo\w1351_npc_zhanghuo_xiezi_001.mesh	OK	17080	156	208	1	3120	10556	1	0	0	156	208
data\source\npc\quest\w1351_npc_zhanghuo\w1351_npc_zhanghuo_yifu_001.mesh	OK	25764	302	418	1	6040	13308	1	0	0	302	418
data\source\npc\quest\w1351_npc_zhangshiping\w1351_npc_zhangshiping_lian_001.mesh	OK	14128	72	108	1	1440	10892	1	0	0	72	108
data\source\npc\quest\w1351_npc_zhangshiping\w1351_npc_zhangshiping_yifu_001.mesh	OK	26908	303	438	1	6060	14300	1	0	0	303	438
data\source\npc\quest\w1351_npc_zhangzhongxing\w1351_npc_zhangzhongxing_lian_001.mesh	OK	13820	141	176	1	3172	7616	1	1	0	141	176
data\source\npc\quest\w1351_npc_zhangzhongxing\w1351_npc_zhangzhongxing_yifu_001.mesh	OK	23628	285	360	1	6420	11344	1	1	0	285	360
data\source\npc\quest\w1351_npc_zhanqitai\w1351_npc_zhanqitai.mesh	OK	14324	306	163	1	6446	2944	0	0	2774	306	163
data\source\npc\quest\w1351_npc_zhaotianshi\w1351_npc_zhaotianshi.mesh	OK	179204	2693	3136	1	53860	73928	1	0	0	2693	3136
data\source\npc\quest\w1351_npc_zhaotianshi\w1351_npc_zhaotianshi_lian_001.mesh	OK	52914	368	421	1	7360	38328	1	0	0	368	421
data\source\npc\quest\w1351_npc_zhaotianshi\w1351_npc_zhaotianshi_shoutao_001.mesh	OK	44668	202	232	1	4040	36528	1	0	0	202	232
data\source\npc\quest\w1351_npc_zhaotianshi\w1351_npc_zhaotianshi_xiezi_001.mesh	OK	54252	309	356	1	6180	41944	1	0	0	309	356
data\source\npc\quest\w1351_npc_zhaotianshi\w1351_npc_zhaotianshi_yifu_001.mesh	OK	69676	465	660	1	9300	50552	1	0	0	465	660
data\source\npc\quest\w1351_npc_zhikegai\w1351_npc_zhikegai_lian_001.mesh	OK	18008	146	208	1	3336	11388	1	1	0	146	208
data\source\npc\quest\w1351_npc_zhikegai\w1351_npc_zhikegai_yifu_001.mesh	OK	28960	339	438	1	7656	14324	1	1	0	339	438
data\source\npc\quest\w1351_npc_zhinv_001\w1351_npc_zhinv_001.mesh	OK	271840	4525	5903	3	102306	79524	0	0	48006	4525	5091+168+644
data\source\npc\quest\w1351_npc_zhironghuwei\w1351_npc_zhironghuwei_lian_001.mesh	OK	18976	150	180	1	3000	12812	1	0	0	150	180
data\source\npc\quest\w1351_npc_zhironghuwei\w1351_npc_zhironghuwei_yifu_001.mesh	OK	38880	493	620	1	9860	19100	1	0	0	493	620
data\source\npc\quest\w1351_npc_zhirongseng\w1351_npc_zhirongseng_lian_001.mesh	OK	11620	68	122	1	1360	8428	1	0	0	68	122
data\source\npc\quest\w1351_npc_zhirongseng\w1351_npc_zhirongseng_yifu_001.mesh	OK	26944	350	392	1	7000	13108	1	0	0	350	392
data\source\npc\quest\w1351_npc_zhongshidao\w1351_npc_zhongshidao_yifu_001.mesh	OK	74312	887	1424	1	17740	37100	1	0	0	887	1424
data\source\npc\quest\w1351_npc_zhongwanchou\w1351_npc_zhongwanchou_lian_001.mesh	OK	20228	183	198	1	4056	12504	1	1	0	183	198
data\source\npc\quest\w1351_npc_zhongwanchou\w1351_npc_zhongwanchou_yifu_001.mesh	OK	33428	397	504	1	8948	16408	1	1	0	397	504
data\source\npc\quest\w1351_npc_zhongzhidashi\w1351_npc_zhongzhidashi_lian_001.mesh	OK	13888	111	154	1	2220	9128	1	0	0	111	154
data\source\npc\quest\w1351_npc_zhongzhidashi\w1351_npc_zhongzhidashi_shoutao_001.mesh	OK	10304	42	42	1	840	8424	1	0	0	42	42
data\source\npc\quest\w1351_npc_zhongzhidashi\w1351_npc_zhongzhidashi_yifu_001.mesh	OK	26644	334	416	1	6680	13176	1	0	0	334	416
data\source\npc\quest\w1351_npc_zhoubangyan\w1351_npc_zhoubangyan_lian_001.mesh	OK	24384	280	310	1	5600	13280	1	0	0	280	310
data\source\npc\quest\w1351_npc_zhoubangyan\w1351_npc_zhoubangyan_shoutao_001.mesh	OK	11236	62	48	1	1240	8680	1	0	0	62	48
data\source\npc\quest\w1351_npc_zhoubangyan\w1351_npc_zhoubangyan_yifu_001.mesh	OK	29168	350	426	1	7000	15128	1	0	0	350	426
data\source\npc\quest\w1351_npc_zhouran\w1351_npc_zhouran_lian_001.mesh	OK	17492	117	162	1	2340	12492	1	0	0	117	162
data\source\npc\quest\w1351_npc_zhouran\w1351_npc_zhouran_yifu_001.mesh	OK	33360	416	448	1	8320	17076	1	0	0	416	448
data\source\npc\quest\w1351_npc_zhudanchen\w1351_npc_zhudanchen_lian_001.mesh	OK	20132	174	266	1	3480	12684	1	0	0	174	266
data\source\npc\quest\w1351_npc_zhudanchen\w1351_npc_zhudanchen_shoutao_001.mesh	OK	12208	22	16	1	440	11124	1	0	0	22	16
data\source\npc\quest\w1351_npc_zhudanchen\w1351_npc_zhudanchen_yifu_001.mesh	OK	39472	482	624	1	9640	20020	1	0	0	482	624
data\source\npc\quest\w1351_npc_zhufugui\w1351_npc_zhufugui_lian_001.mesh	OK	12208	94	140	1	2160	7796	1	1	0	94	140
data\source\npc\quest\w1351_npc_zhufugui\w1351_npc_zhufugui_yifu_001.mesh	OK	24892	297	398	1	5940	12716	1	0	0	297	398
data\source\npc\quest\w1351_npc_zhugekongliang\w1351_npc_zhugekongliang_lian_001.mesh	OK	15072	90	128	1	2056	10884	1	1	0	90	128
data\source\npc\quest\w1351_npc_zhugekongliang\w1351_npc_zhugekongliang_yifu_001.mesh	OK	26536	280	386	1	6372	14204	1	1	0	280	386
data\source\npc\quest\w1351_npc_zhujian\w1351_npc_zhuijian_shoutao_001.mesh	OK	14540	60	98	1	1200	11748	1	0	0	60	98
data\source\npc\quest\w1351_npc_zhujian\w1351_npc_zhujian_lian_001.mesh	OK	20728	171	192	1	3420	13820	1	0	0	171	192
data\source\npc\quest\w1351_npc_zhujian\w1351_npc_zhujian_yifu_001.mesh	OK	30434	339	511	1	6780	16236	1	0	0	339	511
data\source\npc\quest\w1351_npc_zhulangsanren\w1351_npc_zhulangsanren_yifu_001.mesh	OK	129568	1553	2114	1	31060	66904	1	0	0	1553	2114
data\source\npc\quest\w1351_npc_zhusansi\w1351_npc_zhusansi_lian_001.mesh	OK	11292	61	110	1	1220	8396	1	0	0	61	110
data\source\npc\quest\w1351_npc_zhusansi\w1351_npc_zhusansi_yifu_001.mesh	OK	28676	332	426	1	6640	15212	1	0	0	332	426
data\source\npc\quest\w1351_npc_zhutong\w1351_npc_zhutong_lian_001.mesh	OK	15524	128	188	1	2560	10016	1	0	0	128	188
data\source\npc\quest\w1351_npc_zhutong\w1351_npc_zhutong_shoutao_001.mesh	OK	11944	77	82	1	1540	8704	1	0	0	77	82
data\source\npc\quest\w1351_npc_zhutong\w1351_npc_zhutong_yifu_001.mesh	OK	47048	723	750	1	14460	19128	1	0	0	723	750
data\source\npc\quest\w1351_npc_zhuwangli\w1351_npc_zhuwangli_lian_001.mesh	OK	15768	139	164	1	2780	10052	1	0	0	139	164
data\source\npc\quest\w1351_npc_zhuwangli\w1351_npc_zhuwangli_yifu_001.mesh	OK	25300	320	362	1	6400	12604	1	0	0	320	362
data\source\npc\quest\w1351_npc_zishuijing01\w1351_npc_zishuijing01.mesh	OK	38668	772	576	1	15440	10224	1	0	0	772	576
data\source\npc\quest\w1351_npc_zishuijing02\w1351_npc_zishuijing02.mesh	OK	38668	772	576	1	15440	10224	1	0	0	772	576
data\source\npc\quest\w1351_npc_zongkabu\w1351_npc_zongkabu_lian_001.mesh	OK	18848	148	220	1	2960	12508	1	0	0	148	220
data\source\npc\quest\w1351_npc_zongkabu\w1351_npc_zongkabu_yifu_001.mesh	OK	30140	356	446	1	7120	15788	1	0	0	356	446
data\source\npc\quest\w1351_pets_baihu_b1\w1351_pets_baihu_b1.mesh	OK	49796	728	848	1	14560	21128	1	0	0	728	848
data\source\npc\quest\w1351_pets_baozi_b0\w1351_pets_baozi_b0.mesh	OK	48824	665	784	1	13300	22556	1	0	0	665	784
data\source\npc\quest\w1351_pets_bawanglong_b0\w1351_pets_bawanglong_b0_yifu_001.mesh	OK	56336	719	920	1	14380	27524	1	0	0	719	920
data\source\npc\quest\w1351_pets_beijixiong_b0\w1351_pets_beijixiong_b0.mesh	OK	49064	612	778	1	13796	22972	1	1	0	612	778
data\source\npc\quest\w1351_pets_bianfu_b0\w1351_pets_bianfu_b0.mesh	OK	43780	488	502	1	9760	24868	1	0	0	488	502
data\source\npc\quest\w1351_pets_bingcan_b0\w1351_pets_bingcan_b0.mesh	OK	23672	228	306	1	4560	14256	1	0	0	228	306
data\source\npc\quest\w1351_pets_bingcan_b0\w1351_pets_bingcan_b1.mesh	OK	23672	228	306	1	4560	14256	1	0	0	228	306
data\source\npc\quest\w1351_pets_bingcan_b0\w1351_pets_bingcan_b2.mesh	OK	23672	228	306	1	4560	14256	1	0	0	228	306
data\source\npc\quest\w1351_pets_bingcan_b0\w1351_pets_bingcan_b3.mesh	OK	23672	228	306	1	4560	14256	1	0	0	228	306
data\source\npc\quest\w1351_pets_bingcan_b0\w1351_pets_bingcan_b4.mesh	OK	23672	228	306	1	4560	14256	1	0	0	228	306
data\source\npc\quest\w1351_pets_chaimao_b0\w1351_pets_chaimao_b0.mesh	OK	30100	355	490	1	7100	15516	1	0	0	355	490
data\source\npc\quest\w1351_pets_chufeng_b0\w1351_pets_chufeng_b0_yifu_001.mesh	OK	34652	398	464	1	7960	18848	1	0	0	398	464
data\source\npc\quest\w1351_pets_ciwei_b0\w1351_pets_ciwei_b0_lian_001.mesh	OK	25888	268	374	1	5360	14784	1	0	0	268	374
data\source\npc\quest\w1351_pets_ciwei_b0\w1351_pets_ciwei_b0_shoutao_001.mesh	OK	11788	18	24	1	360	10784	1	0	0	18	24
data\source\npc\quest\w1351_pets_ciwei_b0\w1351_pets_ciwei_b0_yifu_001.mesh	OK	17644	140	76	1	2800	12424	1	0	0	140	76
data\source\npc\quest\w1351_pets_daidainiu_b0\w1351_pets_daidainiu_b0.mesh	OK	45940	577	948	1	11540	21504	1	0	0	577	948
data\source\npc\quest\w1351_pets_daishu_b0\w1351_pets_daishu_b0.mesh	OK	42760	523	764	1	10460	21156	1	0	0	523	764
data\source\npc\quest\w1351_pets_dandanji_b0\w1351_pets_dandanji_b0_lian_001.mesh	OK	11732	30	26	1	652	10280	1	1	0	30	26
data\source\npc\quest\w1351_pets_dandanji_b0\w1351_pets_dandanji_b0_toufa_001.mesh	OK	12052	36	31	1	782	10368	0	0	350	36	31
data\source\npc\quest\w1351_pets_dandanji_b0\w1351_pets_dandanji_b0_yifu_001.mesh	OK	30700	315	502	1	7304	16320	1	1	0	315	502
data\source\npc\quest\w1351_pets_dandanji_b1\w1351_pets_dandanji_b1_lian_001.mesh	OK	12060	36	34	1	788	10352	1	1	0	36	34
data\source\npc\quest\w1351_pets_dandanji_b1\w1351_pets_dandanji_b1_toufa_001.mesh	OK	11580	28	24	1	608	10208	1	1	0	28	24
data\source\npc\quest\w1351_pets_dandanji_b1\w1351_pets_dandanji_b1_yifu_001.mesh	OK	33308	367	564	1	8468	16768	1	1	0	367	564
data\source\npc\quest\w1351_pets_dandanji_b2\w1351_pets_dandanji_b2_lian_001.mesh	OK	12052	36	31	1	782	10368	0	0	350	36	31
data\source\npc\quest\w1351_pets_dandanji_b2\w1351_pets_dandanji_b2_toufa_001.mesh	OK	11956	38	35	1	830	10176	0	0	374	38	35
data\source\npc\quest\w1351_pets_dandanji_b2\w1351_pets_dandanji_b2_yifu_001.mesh	OK	40932	501	818	1	11656	18072	1	1	0	501	818
data\source\npc\quest\w1351_pets_dandanji_b3\w1351_pets_dandanji_b3_toufa_001.mesh	OK	13326	36	35	1	720	11680	1	0	0	36	35
data\source\npc\quest\w1351_pets_dandanji_b3\w1351_pets_dandanji_b3_yifu_001.mesh	OK	36768	433	662	2	9984	17328	1	1	0	433	502+160
data\source\npc\quest\w1351_pets_dandanji_b4\w1351_pets_dandanji_b4_lian_001.mesh	OK	13420	38	32	1	760	11728	1	0	0	38	32
data\source\npc\quest\w1351_pets_dandanji_b4\w1351_pets_dandanji_b4_toufa_001.mesh	OK	13320	36	34	1	720	11680	1	0	0	36	34
data\source\npc\quest\w1351_pets_dandanji_b4\w1351_pets_dandanji_b4_yifu_001.mesh	OK	83276	1480	1277	1	32154	25416	1	1	0	1480	1277
data\source\npc\quest\w1351_pets_dandanji_b5\w1351_pets_dandanji_b5_lian_001.mesh	OK	12796	28	24	1	560	11472	1	0	0	28	24
data\source\npc\quest\w1351_pets_dandanji_b5\w1351_pets_dandanji_b5_toufa_001.mesh	OK	13320	36	34	1	720	11680	1	0	0	36	34
data\source\npc\quest\w1351_pets_dandanji_b5\w1351_pets_dandanji_b5_yifu_001.mesh	OK	35044	413	602	1	9464	16728	1	1	0	413	602
data\source\npc\quest\w1351_pets_dandanji_b6\w1351_pets_dandanji_b6_lian_001.mesh	OK	11972	38	35	1	830	10192	0	0	374	38	35
data\source\npc\quest\w1351_pets_dandanji_b6\w1351_pets_dandanji_b6_toufa_001.mesh	OK	11596	28	24	1	608	10224	1	1	0	28	24
data\source\npc\quest\w1351_pets_dandanji_b6\w1351_pets_dandanji_b6_yifu_001.mesh	OK	40388	475	712	1	10924	19208	1	1	0	475	712
data\source\npc\quest\w1351_pets_dandanji_b7\w1351_pets_dandanji_b7_lian_001.mesh	OK	15212	67	60	1	1340	12424	1	0	0	67	60
data\source\npc\quest\w1351_pets_dandanji_b7\w1351_pets_dandanji_b7_toufa_001.mesh	OK	13420	38	32	1	760	11728	1	0	0	38	32
data\source\npc\quest\w1351_pets_dandanji_b7\w1351_pets_dandanji_b7_yifu_001.mesh	OK	44748	591	824	1	13468	18960	1	1	0	591	824
data\source\npc\quest\w1351_pets_dandanji_b8\w1351_pets_dandanji_b8_lian_001.mesh	OK	13412	38	32	1	760	11720	1	0	0	38	32
data\source\npc\quest\w1351_pets_dandanji_b8\w1351_pets_dandanji_b8_shoutao_001.mesh	OK	68676	1225	1192	1	26884	19656	1	1	0	1225	1192
data\source\npc\quest\w1351_pets_dandanji_b8\w1351_pets_dandanji_b8_toufa_001.mesh	OK	13500	67	60	1	1460	10592	1	1	0	67	60
data\source\npc\quest\w1351_pets_dandanji_b8\w1351_pets_dandanji_b8_yifu_001.mesh	OK	41820	565	742	1	12784	17520	1	1	0	565	742
data\source\npc\quest\w1351_pets_dandanji_xiaojiu\w1351_pets_dandanji_xiaojiu.mesh	OK	107920	1610	2444	1	37088	36564	1	1	0	1610	2444
data\source\npc\quest\w1351_pets_dandanji_xiaojiu\w1351_pets_dandanji_xiaojiu_shoutao_001.mesh	OK	18400	76	80	1	1680	15044	1	1	0	76	80
data\source\npc\quest\w1351_pets_dandanji_xiaojiu\w1351_pets_dandanji_xiaojiu_yifu_001.mesh	OK	20488	119	88	1	2556	15692	1	1	0	119	88
data\source\npc\quest\w1351_pets_danghu_b0\w1351_pets_danghu_b0.mesh	OK	282964	4654	1564	1	93080	124368	1	0	0	4654	1564
data\source\npc\quest\w1351_pets_daxingxing_b0\w1351_pets_daxingxing_b0.mesh	OK	44984	534	704	1	10680	23388	1	0	0	534	704
data\source\npc\quest\w1351_pets_e_b0\w1351_pets_e_b0.mesh	OK	19388	176	272	1	3520	11840	1	0	0	176	272
data\source\npc\quest\w1351_pets_eyu_b0\w1351_pets_eyu_b0.mesh	OK	59514	886	777	1	17720	26216	1	0	0	886	777
data\source\npc\quest\w1351_pets_gou_b0\w1351_pets_gou_b0.mesh	OK	29660	343	446	1	6860	15724	1	0	0	343	446
data\source\npc\quest\w1351_pets_haidaoshu_b0\w1351_pets_haidaoshu_b0_yifu_001.mesh	OK	53500	674	954	1	13480	25924	1	0	0	674	954
data\source\npc\quest\w1351_pets_houzi_b0\w1351_pets_houzi_b0.mesh	OK	41720	481	696	1	9620	21868	1	0	0	481	696
data\source\npc\quest\w1351_pets_huan_b0\w1351_pets_huan_b0.mesh	OK	35900	436	526	1	8720	18508	1	0	0	436	526
data\source\npc\quest\w1351_pets_huanxiong_b0\w1351_pets_huanxiong_b0.mesh	OK	35712	474	580	1	9480	16780	1	0	0	474	580
data\source\npc\quest\w1351_pets_huanxiong_b0\w1351_pets_huanxiong_b1.mesh	OK	35712	474	580	1	9480	16780	1	0	0	474	580
data\source\npc\quest\w1351_pets_huanxiong_b0\w1351_pets_huanxiong_b2.mesh	OK	35712	474	580	1	9480	16780	1	0	0	474	580
data\source\npc\quest\w1351_pets_huanyizhiling_b0\w1351_pets_huanyizhiling_b0.mesh	OK	195480	2687	3756	2	61252	79160	1	1	0	2687	3664+92
data\source\npc\quest\w1351_pets_huanyizhiling_b1\w1351_pets_huanyizhiling_b1.mesh	OK	185204	2496	3564	3	57048	76528	1	1	0	2496	3080+282+202
data\source\npc\quest\w1351_pets_huanyizhiling_b3\w1351_pets_huanyizhiling_b3.mesh	OK	236080	3200	4753	3	73506	95364	0	0	35106	3200	3886+66+801
data\source\npc\quest\w1351_pets_huanyizhiling_b5\w1351_pets_huanyizhiling_b5.mesh	OK	214652	2754	3882	4	62844	95172	1	1	0	2754	3178+331+87+286
data\source\npc\quest\w1351_pets_huanyizhiling_b7\w1351_pets_huanyizhiling_b7.mesh	OK	783388	12923	9712	4	277884	291860	1	1	0	12923	3322+2214+2630+1546
data\source\npc\quest\w1351_pets_huaxianzi_b0\w1351_pets_huaxianzi_b0_yifu_001.mesh	OK	72950	1025	1283	1	20500	32168	1	0	0	1025	1283
data\source\npc\quest\w1351_pets_huozongshu_b0\w1351_pets_huozongshu_b0.mesh	OK	49188	593	782	1	11860	25236	1	0	0	593	782
data\source\npc\quest\w1351_pets_huyaojianjun_b0\w1351_pets_huyaojianjun_b0.mesh	OK	103540	1429	1984	1	28580	45624	1	0	0	1429	1984
data\source\npc\quest\w1351_pets_jianchihu_b0\w1351_pets_jianchihu_b0_yifu_001.mesh	OK	52680	686	758	1	13720	25896	1	0	0	686	758
data\source\npc\quest\w1351_pets_jianlong_b0\w1351_pets_jianlong_b0.mesh	OK	71272	1132	1346	1	22640	26688	1	0	0	1132	1346
data\source\npc\quest\w1351_pets_jianyinghu_b0\w1351_pets_jianyinghu_b0.mesh	OK	138236	2077	2750	1	47040	49488	1	1	0	2077	2750
data\source\npc\quest\w1351_pets_jianyinghu_b0\w1351_pets_jianyinghu_b1.mesh	OK	243988	3840	4920	1	86640	81464	1	1	0	3840	4920
data\source\npc\quest\w1351_pets_jianyinghu_b0\w1351_pets_jianyinghu_b3.mesh	OK	208804	3348	4460	1	75880	65704	1	1	0	3348	4460
data\source\npc\quest\w1351_pets_jianyinghu_b0\w1351_pets_jianyinghu_b5.mesh	OK	266716	4458	5542	1	100244	79440	1	1	0	4458	5542
data\source\npc\quest\w1351_pets_jianyinghu_b0\w1351_pets_jianyinghu_b7.mesh	OK	290020	4967	6222	1	111784	81016	1	1	0	4967	6222
data\source\npc\quest\w1351_pets_jiaoma_b0\w1351_pets_jiaoma_b0.mesh	OK	46076	625	832	1	12500	20800	1	0	0	625	832
data\source\npc\quest\w1351_pets_jinyubaobao_b2\w1351_pets_jinyubaobao_b0.mesh	OK	47328	564	880	1	13040	21956	0	0	13040	0	880
data\source\npc\quest\w1351_pets_jinyubaobao_b2\w1351_pets_jinyubaobao_b1.mesh	OK	57984	737	1106	1	16952	25268	0	0	16952	0	1106
data\source\npc\quest\w1351_pets_jinyubaobao_b3\w1351_pets_jinyubaobao_b3.mesh	OK	87648	1033	1510	3	23680	42220	1	1	0	1033	860+548+102
data\source\npc\quest\w1351_pets_jinyubaobao_b5\w1351_pets_jinyubaobao_b5.mesh	OK	181364	2423	3246	3	54952	77568	1	1	0	2423	958+1912+376
data\source\npc\quest\w1351_pets_jinyubaobao_b7\w1351_pets_jinyubaobao_b7.mesh	OK	231068	2683	3442	2	60544	117388	1	1	0	2683	1898+1544
data\source\npc\quest\w1351_pets_jiupiaopiaotu_b0\w1351_pets_jiupiaopiaotu_b0.mesh	OK	35700	320	452	1	6400	22464	1	0	0	320	452
data\source\npc\quest\w1351_pets_jiupiaopiaotu_b0\w1351_pets_jiupiaopiaotu_b1.mesh	OK	35700	320	452	1	6400	22464	1	0	0	320	452
data\source\npc\quest\w1351_pets_jiuxiaozhanlong_b0\w1351_pets_jiuxiaozhanlong_b0.mesh	OK	139796	1978	2678	1	39560	60148	1	0	0	1978	2678
data\source\npc\quest\w1351_pets_kongque_b0\w1351_pets_kongque_b0.mesh	OK	35380	432	426	2	8640	18712	1	0	0	432	422+4
data\source\npc\quest\w1351_pets_lang_b0\w1351_pets_lang_b0.mesh	OK	55472	779	862	1	15580	25088	1	0	0	779	862
data\source\npc\quest\w1351_pets_laohu_b0\w1351_pets_laohu_b0.mesh	OK	48596	647	780	1	12940	22928	1	0	0	647	780
data\source\npc\quest\w1351_pets_leilin_b0\w1351_pets_leilin_b0_yifu_001.mesh	OK	60172	756	956	1	15120	29960	1	0	0	756	956
data\source\npc\quest\w1351_pets_lianyishou_b0\w1351_pets_lianyishou_b0.mesh	OK	242604	3840	5678	2	88156	74012	1	1	0	3840	5604+74
data\source\npc\quest\w1351_pets_lianyishou_b1\w1351_pets_lianyishou_b1.mesh	OK	262652	4222	6068	2	96576	78716	1	1	0	4222	5864+204
data\source\npc\quest\w1351_pets_lianyishou_b3\w1351_pets_lianyishou_b3.mesh	OK	281012	4434	6279	2	101238	88604	0	0	48030	4434	6051+228
data\source\npc\quest\w1351_pets_lianyishou_b5\w1351_pets_lianyishou_b5.mesh	OK	268708	4348	6258	2	99476	79220	1	1	0	4348	5898+360
data\source\npc\quest\w1351_pets_lianyishou_b7\w1351_pets_lianyishou_b7.mesh	OK	321572	5152	7119	2	117278	99468	0	0	55454	5152	6903+216
data\source\npc\quest\w1351_pets_lingtushou_b0\w1351_pets_lingtushou_b0.mesh	OK	94864	1398	2024	1	32008	33652	1	1	0	1398	2024
data\source\npc\quest\w1351_pets_lingtushuangjie_b0\w1351_pets_lingtushuangjie_b0_lian_001.mesh	OK	67288	812	1014	1	18268	32908	1	1	0	812	1014
data\source\npc\quest\w1351_pets_lingtushuangjie_b0\w1351_pets_lingtushuangjie_b0_yifu_001.mesh	OK	69040	854	1154	1	19388	32196	1	1	0	854	1154
data\source\npc\quest\w1351_pets_longgui_b0\w1351_pets_longgui_b0.mesh	OK	53768	704	836	1	15752	24268	1	1	0	704	836
data\source\npc\quest\w1351_pets_maolv_b0\w1351_pets_maolv_b0.mesh	OK	28972	304	450	1	6080	16260	1	0	0	304	450
data\source\npc\quest\w1351_pets_maomi_b0\w1351_pets_maomi_b0.mesh	OK	126040	1791	2848	1	41516	45660	1	1	0	1791	2848
data\source\npc\quest\w1351_pets_maomi_b0\w1351_pets_maomi_b1.mesh	OK	141216	2045	3220	1	47340	49732	1	1	0	2045	3220
data\source\npc\quest\w1351_pets_maomi_b4\w1351_pets_maomi_b4.mesh	OK	165000	2517	3446	1	57232	56604	1	1	0	2517	3446
data\source\npc\quest\w1351_pets_maomi_b6\w1351_pets_maomi_b6.mesh	OK	175128	2591	3904	1	59628	60700	1	1	0	2591	3904
data\source\npc\quest\w1351_pets_maomi_b8\w1351_pets_maomi_b8.mesh	OK	220336	3591	5122	1	82064	64164	1	1	0	3591	5122
data\source\npc\quest\w1351_pets_maotouying_b0\w1351_pets_maotouying_b0.mesh	OK	29552	295	386	1	5900	17512	1	0	0	295	386
data\source\npc\quest\w1351_pets_mengyinhualing_b0\w1351_pets_mengyinhualing_b0.mesh	OK	109972	1826	2253	1	41026	33232	0	0	19114	1826	2253
data\source\npc\quest\w1351_pets_mofamifeng_b0\w1351_pets_mofamifeng_b0.mesh	OK	104836	1377	2174	2	31888	43092	1	1	0	1377	2156+18
data\source\npc\quest\w1351_pets_mofamifeng_b1\w1351_pets_mofamifeng_b1.mesh	OK	174704	2347	3116	2	53172	74384	1	1	0	2347	3100+16
data\source\npc\quest\w1351_pets_mofamifeng_b3\w1351_pets_mofamifeng_b3.mesh	OK	179028	2623	3054	5	58568	70360	1	1	0	2623	2830+114+20+8+82
data\source\npc\quest\w1351_pets_mofamifeng_b5\w1351_pets_mofamifeng_b5.mesh	OK	172644	2751	3681	1	62382	54880	0	0	29370	2751	3681
data\source\npc\quest\w1351_pets_mofamifeng_b7\w1351_pets_mofamifeng_b7.mesh	OK	198020	3033	3509	4	67678	72596	0	0	31282	3033	3371+106+24+8
data\source\npc\quest\w1351_pets_mojingmao_b0\w1351_pets_mojingmao_b0_yifu_001.mesh	OK	34456	423	620	1	8460	16916	1	0	0	423	620
data\source\npc\quest\w1351_pets_niulangzhinv_b0\w1351_pets_niulangzhinv_b0.mesh	OK	140072	2057	2668	2	46476	52616	1	1	0	2057	2502+166
data\source\npc\quest\w1351_pets_piaopiaotu_b0\w1351_pets_piaopiaotu_b0.mesh	OK	67284	1097	1132	1	24204	22840	1	1	0	1097	1132
data\source\npc\quest\w1351_pets_piaopiaoya_b0\w1351_pets_piaopiaoya_b0.mesh	OK	17820	171	236	2	3420	10644	1	0	0	171	228+8
data\source\npc\quest\w1351_pets_qie_b0\w1351_pets_qie_b0.mesh	OK	22344	257	316	1	5140	11940	1	0	0	257	316
data\source\npc\quest\w1351_pets_qilin_b0\w1351_pets_qilin_b0_yifu_001.mesh	OK	46428	638	830	1	12760	20748	1	0	0	638	830
data\source\npc\quest\w1351_pets_qiongqi_b0\w1351_pets_qiongqi_b0.mesh	OK	62340	878	1082	1	19724	25304	1	1	0	878	1082
data\source\npc\quest\w1351_pets_rongyanjushou_b0\w1351_pets_rongyanjushou_b0.mesh	OK	96616	1443	1736	1	28860	39740	1	0	0	1443	1736
data\source\npc\quest\w1351_pets_rongyanjushou_b0\w1351_pets_rongyanjushou_b1.mesh	OK	145172	1501	1850	1	30020	85756	1	0	0	1501	1850
data\source\npc\quest\w1351_pets_rongyanjushou_b0\w1351_pets_rongyanjushou_b3.mesh	OK	139276	2376	2762	1	47520	46388	1	0	0	2376	2762
data\source\npc\quest\w1351_pets_rongyanjushou_b5\w1351_pets_rongyanjushou_b5.mesh	OK	170772	2691	3070	1	53820	65956	1	0	0	2691	3070
data\source\npc\quest\w1351_pets_rongyanjushou_b5\w1351_pets_rongyanjushou_b7.mesh	OK	216748	3568	4030	1	71360	78108	1	0	0	3568	4030
data\source\npc\quest\w1351_pets_shenqie_b0\w1351_pets_shenqie_b0_lian_01.mesh	OK	20584	129	158	1	2580	15224	1	0	0	129	158
data\source\npc\quest\w1351_pets_shenqie_b0\w1351_pets_shenqie_b0_yifu_01.mesh	OK	71780	902	1148	1	18040	35744	1	0	0	902	1148
data\source\npc\quest\w1351_pets_shenyuan_b0\w1351_pets_shenyuan_b0_shoutao_001.mesh	OK	14272	97	98	1	1940	10296	1	0	0	97	98
data\source\npc\quest\w1351_pets_shenyuan_b0\w1351_pets_shenyuan_b0_xiezi_001.mesh	OK	17708	130	104	1	2600	12640	1	0	0	130	104
data\source\npc\quest\w1351_pets_shenyuan_b0\w1351_pets_shenyuan_b0_yifu_001.mesh	OK	60332	787	1176	1	15740	27808	1	0	0	787	1176
data\source\npc\quest\w1351_pets_shenyuan_b0\w1351_pets_shenyuan_b3_shoutao_001.mesh	OK	17952	180	158	1	3600	10960	1	0	0	180	158
data\source\npc\quest\w1351_pets_shenyuan_b0\w1351_pets_shenyuan_b3_xiezi_001.mesh	OK	25746	250	337	1	5000	15440	1	0	0	250	337
data\source\npc\quest\w1351_pets_shenyuan_b0\w1351_pets_shenyuan_b3_yifu_001.mesh	OK	64000	861	1186	1	17220	29048	1	0	0	861	1186
data\source\npc\quest\w1351_pets_shenyuan_b0\w1351_pets_shenyuan_b5_shoutao_001.mesh	OK	17652	171	168	1	3420	10888	1	0	0	171	168
data\source\npc\quest\w1351_pets_shenyuan_b0\w1351_pets_shenyuan_b5_xiezi_001.mesh	OK	43956	556	508	1	11120	22832	1	0	0	556	508
data\source\npc\quest\w1351_pets_shenyuan_b0\w1351_pets_shenyuan_b5_yifu_001.mesh	OK	64052	848	1248	1	16960	29144	1	0	0	848	1248
data\source\npc\quest\w1351_pets_shenyuan_b0\w1351_pets_shenyuan_b6_shoutao_001.mesh	OK	16348	136	184	1	2720	10608	1	0	0	136	184
data\source\npc\quest\w1351_pets_shenyuan_b0\w1351_pets_shenyuan_b6_xiezi_001.mesh	OK	26540	260	368	1	5200	15728	1	0	0	260	368
data\source\npc\quest\w1351_pets_shenyuan_b0\w1351_pets_shenyuan_b6_yifu_001.mesh	OK	66192	879	1286	1	17580	30064	1	0	0	879	1286
data\source\npc\quest\w1351_pets_shenyuan_b0\w1351_pets_shenyuan_b7_shoutao_001.mesh	OK	22888	268	394	1	5360	11664	1	0	0	268	394
data\source\npc\quest\w1351_pets_shenyuan_b0\w1351_pets_shenyuan_b7_xiezi_001.mesh	OK	65676	945	804	1	18900	30328	1	0	0	945	804
data\source\npc\quest\w1351_pets_shenyuan_b0\w1351_pets_shenyuan_b7_yifu_001.mesh	OK	64698	876	1185	1	17520	29272	1	0	0	876	1185
data\source\npc\quest\w1351_pets_shenyuan_b0\w1351_pets_shenyuan_b8_shoutao_001.mesh	OK	19316	197	272	1	3940	11096	1	0	0	197	272
data\source\npc\quest\w1351_pets_shenyuan_b0\w1351_pets_shenyuan_b8_xiezi_001.mesh	OK	31916	377	416	1	7540	17072	1	0	0	377	416
data\source\npc\quest\w1351_pets_shenyuan_b0\w1351_pets_shenyuan_b8_yifu_001.mesh	OK	68140	926	1312	1	18520	30352	1	0	0	926	1312
data\source\npc\quest\w1351_pets_songshu_b0\w1351_pets_songshu_b0_shoutao_001.mesh	OK	13286	47	61	1	940	11132	1	0	0	47	61
data\source\npc\quest\w1351_pets_songshu_b0\w1351_pets_songshu_b0_yifu_001.mesh	OK	33064	398	512	1	7960	16972	1	0	0	398	512
data\source\npc\quest\w1351_pets_tangguotianxin_b0\w1351_pets_tangguotianxin_b0.mesh	OK	156744	2273	3614	1	52688	54812	1	1	0	2273	3614
data\source\npc\quest\w1351_pets_tangguotianxin_b0\w1351_pets_tangguotianxin_b1.mesh	OK	213048	3486	4220	1	78160	67452	1	1	0	3486	4220
data\source\npc\quest\w1351_pets_tangguotianxin_b0\w1351_pets_tangguotianxin_b3.mesh	OK	140700	2020	2934	2	46268	52300	1	1	0	2020	2914+20
data\source\npc\quest\w1351_pets_tangguotianxin_b0\w1351_pets_tangguotianxin_b5.mesh	OK	131304	1835	2931	1	42562	48852	0	0	20542	1835	2931
data\source\npc\quest\w1351_pets_tangguotianxin_b0\w1351_pets_tangguotianxin_b7.mesh	OK	151200	2209	3088	1	50356	55524	1	1	0	2209	3088
data\source\npc\quest\w1351_pets_tangguotianxin_b9\w1351_pets_tangguotianxin_b9.mesh	OK	264300	4003	5642	2	91344	90780	1	1	0	4003	5178+464
data\source\npc\quest\w1351_pets_tanglang_b0\w1351_pets_tanglang_b0.mesh	OK	51968	672	778	1	13440	25512	1	0	0	672	778
data\source\npc\quest\w1351_pets_tuoniao_b0\w1351_pets_tuoniao_b0.mesh	OK	28212	329	378	1	6580	15132	1	0	0	329	378
data\source\npc\quest\w1351_pets_tuxiaoyao_b0\w1351_pets_tuxiaoyao_b0.mesh	OK	154108	2314	3359	1	52998	52904	0	0	25230	2314	3359
data\source\npc\quest\w1351_pets_tuxiaoyao_b1\w1351_pets_tuxiaoyao_b1.mesh	OK	188676	2844	3945	1	64770	65824	0	0	64770	0	3945
data\source\npc\quest\w1351_pets_tuxiaoyao_b3\w1351_pets_tuxiaoyao_b3.mesh	OK	210728	3322	4799	1	76038	65748	0	0	76038	0	4799
data\source\npc\quest\w1351_pets_tuxiaoyao_b5\w1351_pets_tuxiaoyao_b5.mesh	OK	212916	3191	4522	1	72864	74344	0	0	72864	0	4522
data\source\npc\quest\w1351_pets_tuxiaoyao_b7\w1351_pets_tuxiaoyao_b7.mesh	OK	239640	3444	4782	1	78444	90892	1	1	0	3444	4782
data\source\npc\quest\w1351_pets_wugui_b0\w1351_pets_wugui_b0_yifu_001.mesh	OK	25017	344	394	1	6880	11361	1	0	0	344	394
data\source\npc\quest\w1351_pets_wuseshenniu_b0\w1351_pets_wuseshenniu_b0.mesh	OK	53328	717	1008	1	14340	24052	1	0	0	717	1008
data\source\npc\quest\w1351_pets_xianglong_b0\w1351_pets_xianglong_b0.mesh	OK	493264	7059	9572	4	160324	190504	1	1	0	7059	8036+1120+176+240
data\source\npc\quest\w1351_pets_xianglong_b1\w1351_pets_xianglong_b1.mesh	OK	516340	7107	9784	4	161708	210348	1	1	0	7107	8248+1120+176+240
data\source\npc\quest\w1351_pets_xianglong_b3\w1351_pets_xianglong_b3.mesh	OK	488876	7422	10585	9	169610	166376	0	0	80546	7422	3244+4826+73+1544+64+350+100+192+192
data\source\npc\quest\w1351_pets_xianglong_b5\w1351_pets_xianglong_b5.mesh	OK	655564	10987	14469	4	248678	187932	0	0	116834	10987	9855+4088+176+350
data\source\npc\quest\w1351_pets_xianglong_b7\w1351_pets_xianglong_b7.mesh	OK	788476	12006	16328	7	272776	273352	1	1	0	12006	5352+5356+568+4390+176+350+136
data\source\npc\quest\w1351_pets_xiaohualing_b0\w1351_pets_xiaohualing_b0.mesh	OK	228996	3307	4240	2	74620	88964	1	1	0	3307	4192+48
data\source\npc\quest\w1351_pets_xiaohualing_b0\w1351_pets_xiaohualing_b1.mesh	OK	227500	3244	4255	2	73390	89364	0	0	34462	3244	4211+44
data\source\npc\quest\w1351_pets_xiaohualing_b0\w1351_pets_xiaohualing_b3.mesh	OK	284148	4175	5574	2	94648	105668	1	1	0	4175	5552+22
data\source\npc\quest\w1351_pets_xiaohualing_b5\w1351_pets_xiaohualing_b5.mesh	OK	347696	4771	5961	2	107342	147048	0	0	50090	4771	5925+36
data\source\npc\quest\w1351_pets_xiaohualing_b5\w1351_pets_xiaohualing_b7.mesh	OK	412100	6270	7326	3	140052	152560	1	1	0	6270	5716+1434+176
data\source\npc\quest\w1351_pets_xiaohuxian_b0\w1351_pets_xiaohuxian_b0.mesh	OK	46466	613	889	1	12260	21232	1	0	0	613	889
data\source\npc\quest\w1351_pets_xiaomuling_b0\w1351_pets_xiaomuling_b0.mesh	OK	132218	1812	2349	1	36240	59856	1	0	0	1812	2349
data\source\npc\quest\w1351_pets_xiaomuling_b0\w1351_pets_xiaomuling_b1.mesh	OK	189056	2671	3990	1	53420	79360	1	0	0	2671	3990
data\source\npc\quest\w1351_pets_xiaomuling_b3\w1351_pets_xiaomuling_b3.mesh	OK	142488	2012	2748	1	45736	55836	0	0	45736	0	2748
data\source\npc\quest\w1351_pets_xiaomuling_b5\w1351_pets_xiaomuling_b5.mesh	OK	160572	2331	3090	1	46620	67156	1	0	0	2331	3090
data\source\npc\quest\w1351_pets_xiaomuling_b7\w1351_pets_xiaomuling_b7.mesh	OK	306044	4113	4032	1	82260	149952	1	0	0	4113	4032
data\source\npc\quest\w1351_pets_xiaoxiang_b0\w1351_pets_xiaoxiang_b0.mesh	OK	28100	308	454	1	6160	15236	1	0	0	308	454
data\source\npc\quest\w1351_pets_xiniu_b0\w1351_pets_xiniu_b0.mesh	OK	30020	364	556	1	7280	14752	1	0	0	364	556
data\source\npc\quest\w1351_pets_xiongmao_b0\w1351_pets_xiongmao_b0_shoutao_001.mesh	OK	14616	61	70	1	1220	11960	1	0	0	61	70
data\source\npc\quest\w1351_pets_xiongmao_b0\w1351_pets_xiongmao_b0_yifu_001.mesh	OK	38852	415	584	1	8300	21784	1	0	0	415	584
data\source\npc\quest\w1351_pets_xiyi_b0\w1351_pets_xiyi_b0.mesh	OK	41064	503	548	1	10060	21396	1	0	0	503	548
data\source\npc\quest\w1351_pets_xuanhaima_b0\w1351_pets_xuanhaima_b0.mesh	OK	161028	2463	3620	2	56500	52964	1	1	0	2463	3130+490
data\source\npc\quest\w1351_pets_xuanhaima_b1\w1351_pets_xuanhaima_b1.mesh	OK	167464	2380	3422	2	54444	63640	1	1	0	2380	2972+450
data\source\npc\quest\w1351_pets_xuanhaima_b3\w1351_pets_xuanhaima_b3.mesh	OK	164384	2175	3039	3	49578	70180	0	0	23478	2175	2442+557+40
data\source\npc\quest\w1351_pets_xuanhaima_b5\w1351_pets_xuanhaima_b5.mesh	OK	175192	2401	3617	2	55254	69136	0	0	26442	2401	2994+623
data\source\npc\quest\w1351_pets_xuanhaima_b7\w1351_pets_xuanhaima_b7.mesh	OK	583308	10274	11701	4	228882	160636	0	0	105594	10274	9698+1606+214+183
data\source\npc\quest\w1351_pets_xuanhuangtengshe_b0\w1351_pets_xuanhuangtengshe_b0.mesh	OK	85576	1149	1568	1	26116	35980	1	1	0	1149	1568
data\source\npc\quest\w1351_pets_xuanyishou_b0\w1351_pets_xuanyishou_b0.mesh	OK	65116	831	974	1	16620	32396	1	0	0	831	974
data\source\npc\quest\w1351_pets_xuediao_b0\w1351_pets_xuediao_b0.mesh	OK	40524	532	596	1	10640	19640	1	0	0	532	596
data\source\npc\quest\w1351_pets_yanhun_b0\w1351_pets_yanhun_b0_lian_001.mesh	OK	62968	948	1284	1	18960	24644	1	0	0	948	1284
data\source\npc\quest\w1351_pets_yanhun_b0\w1351_pets_yanhun_b0_yifu_001.mesh	OK	35476	439	534	1	8780	17940	1	0	0	439	534
data\source\npc\quest\w1351_pets_yanhun_b2\w1351_pets_yanhun_b2_lian_001.mesh	OK	72096	1102	1478	1	22040	27680	1	0	0	1102	1478
data\source\npc\quest\w1351_pets_yanhun_b2\w1351_pets_yanhun_b2_yifu_001.mesh	OK	38056	439	534	1	8780	20520	1	0	0	439	534
data\source\npc\quest\w1351_pets_yanhun_b3\w1351_pets_yanhun_b3_shoutao_001.mesh	OK	46272	557	754	1	11140	23640	1	0	0	557	754
data\source\npc\quest\w1351_pets_yanhun_b3\w1351_pets_yanhun_b3_yifu_001.mesh	OK	86824	1371	1638	1	27420	32840	1	0	0	1371	1638
data\source\npc\quest\w1351_pets_yanhun_b4\w1351_pets_yanhun_b4_shoutao_001.mesh	OK	50028	640	848	1	12800	24176	1	0	0	640	848
data\source\npc\quest\w1351_pets_yanhun_b4\w1351_pets_yanhun_b4_yifu_001.mesh	OK	86596	1390	1648	1	27800	31944	1	0	0	1390	1648
data\source\npc\quest\w1351_pets_yanhun_b5\w1351_pets_yanhun_b5_shoutao_001.mesh	OK	51284	650	824	1	13000	25256	1	0	0	650	824
data\source\npc\quest\w1351_pets_yanhun_b5\w1351_pets_yanhun_b5_yifu_001.mesh	OK	74348	1069	1444	1	21380	31192	1	0	0	1069	1444
data\source\npc\quest\w1351_pets_yanhun_b6\w1351_pets_yanhun_b6_shoutao_001.mesh	OK	51284	650	824	1	13000	25256	1	0	0	650	824
data\source\npc\quest\w1351_pets_yanhun_b6\w1351_pets_yanhun_b6_yifu_001.mesh	OK	74348	1069	1444	1	21380	31192	1	0	0	1069	1444
data\source\npc\quest\w1351_pets_yanhun_b7\w1351_pets_yanhun_b7_lian_001.mesh	OK	141818	2506	2187	1	50120	48220	1	0	0	2506	2187
data\source\npc\quest\w1351_pets_yanhun_b7\w1351_pets_yanhun_b7_yifu_001.mesh	OK	43292	492	606	1	9840	23628	1	0	0	492	606
data\source\npc\quest\w1351_pets_yanhun_b8\w1351_pets_yanhun_b8_lian_001.mesh	OK	141818	2506	2187	1	50120	48220	1	0	0	2506	2187
data\source\npc\quest\w1351_pets_yanhun_b8\w1351_pets_yanhun_b8_yifu_001.mesh	OK	43292	492	606	1	9840	23628	1	0	0	492	606
data\source\npc\quest\w1351_pets_yanzi_b0\w1351_pets_yanzi_b0.mesh	OK	26696	264	342	1	5280	15912	1	0	0	264	342
data\source\npc\quest\w1351_pets_yazuishou_b0\w1351_pets_yazuishou_b0_toufa_001.mesh	OK	14028	89	154	1	1780	9972	1	0	0	89	154
data\source\npc\quest\w1351_pets_yazuishou_b0\w1351_pets_yazuishou_b0_yifu_001.mesh	OK	46488	696	790	1	15500	17612	1	1	0	696	790
data\source\npc\quest\w1351_pets_yezhu_b0\w1351_pets_yezhu_b0.mesh	OK	35142	426	567	1	8520	17824	1	0	0	426	567
data\source\npc\quest\w1351_pets_yezhu_b0\w1351_pets_yezhu_b1.mesh	OK	35142	426	567	1	8520	17824	1	0	0	426	567
data\source\npc\quest\w1351_pets_yezhu_b0\w1351_pets_yezhu_b2.mesh	OK	35142	426	567	1	8520	17824	1	0	0	426	567
data\source\npc\quest\w1351_pets_yezhu_b0\w1351_pets_yezhu_b3.mesh	OK	35142	426	567	1	8520	17824	1	0	0	426	567
data\source\npc\quest\w1351_pets_ying_b0\w1351_pets_ying_b0.mesh	OK	33960	335	400	1	6700	20556	1	0	0	335	400
data\source\npc\quest\w1351_pets_yingwu_b0\w1351_pets_yingwu_b0.mesh	OK	27856	277	364	1	5540	16524	1	0	0	277	364
data\source\npc\quest\w1351_pets_yingzhao_b0\w1351_pets_yingzhao_b0.mesh	OK	47608	641	832	1	12820	21820	1	0	0	641	832
data\source\npc\quest\w1351_pets_youchilong_b0\w1351_pets_youchilong_b0_yifu_001.mesh	OK	64676	984	1340	1	22360	22184	1	1	0	984	1340
data\source\npc\quest\w1351_pets_youchilong_b1\w1351_pets_youchilong_b1_yifu_001.mesh	OK	69060	1067	1430	1	24200	23192	1	1	0	1067	1430
data\source\npc\quest\w1351_pets_youchilong_b3\w1351_pets_youchilong_b3_yifu_001.mesh	OK	73060	1147	1522	1	25984	23896	1	1	0	1147	1522
data\source\npc\quest\w1351_pets_youchilong_b5\w1351_pets_youchilong_b5_yifu_001.mesh	OK	77212	1251	1646	1	28312	23728	1	1	0	1251	1646
data\source\npc\quest\w1351_pets_youchilong_b7\w1351_pets_youchilong_b7_yifu_001.mesh	OK	86020	1413	1804	1	31868	26088	1	1	0	1413	1804
data\source\npc\quest\w1351_pets_youminglangyao_b0\w1351_pets_youminglangyao_b0.mesh	OK	88588	1326	1728	1	26520	35504	1	0	0	1326	1728
data\source\npc\quest\w1351_pets_yuansukonglong_b0\w1351_pets_yuansukonglong_b0.mesh	OK	175524	2626	4106	2	60732	58356	1	1	0	2626	3826+280
data\source\npc\quest\w1351_pets_yuansukonglong_b1\w1351_pets_yuansukonglong_b1.mesh	OK	240912	3304	4988	2	76056	94992	1	1	0	3304	4292+696
data\source\npc\quest\w1351_pets_yuansukonglong_b3\w1351_pets_yuansukonglong_b3.mesh	OK	232832	3325	5066	1	76632	85620	1	1	0	3325	5066
data\source\npc\quest\w1351_pets_yuansukonglong_b5\w1351_pets_yuansukonglong_b5.mesh	OK	346948	5327	6574	3	119688	123600	1	1	0	5327	5100+440+1034
data\source\npc\quest\w1351_pets_yuansukonglong_b7\w1351_pets_yuansukonglong_b7.mesh	OK	251204	3579	5045	1	81670	96032	0	0	38722	3579	5045
data\source\npc\quest\w1351_pets_yuanyang_b0\w1351_pets_yuanyang_b0.mesh	OK	32844	364	586	1	7280	17396	1	0	0	364	586
data\source\npc\quest\w1351_pets_yueliangshaonv_b0\w1351_pets_yueliangshaonv_b0.mesh	OK	99988	1477	2052	1	29540	40128	1	0	0	1477	2052
data\source\npc\quest\w1351_pets_zhizunshenshou_b0\w1351_pets_zhizunshenshou_b0.mesh	OK	49028	670	828	1	13400	22336	1	0	0	670	828
data\source\npc\quest\w1351_pets_zhu_b1\w1351_pets_zhu_b1_yifu_001.mesh	OK	27430	284	395	1	5680	15688	1	0	0	284	395
data\source\npc\quest\w1351_pets_zhurong_b0\w1351_pets_zhurong_b0.mesh	OK	58848	918	1258	2	20876	19120	1	1	0	918	1170+88
data\source\npc\quest\w1351_scsq_jianxia_001\w1351_scsq_jianxia_001.mesh	OK	1348912	23740	30074	2	474800	408500	1	0	0	23740	1896+28178
data\source\npc\quest\w1351_shenghuo_yaocai1\w1351_shenghuo_yaocai1.mesh	OK	13392	258	178	1	5160	3784	1	0	0	258	178
data\source\npc\quest\w1351_shenghuo_yaocai2\w1351_shenghuo_yaocai2.mesh	OK	21076	370	244	1	7400	7488	1	0	0	370	244
data\source\npc\quest\w1351_shenghuo_yaocai3\w1351_shenghuo_yaocai3.mesh	OK	11012	178	106	1	3560	4396	1	0	0	178	106
data\source\npc\quest\w1351_shenghuo_yaocai4\w1351_shenghuo_yaocai4.mesh	OK	16524	294	174	1	5880	5788	1	0	0	294	174
data\source\npc\quest\w1351_shenghuo_yaocai5\w1351_shenghuo_yaocai5.mesh	OK	17748	291	202	1	5820	6940	1	0	0	291	202
data\source\npc\quest\w1351_shenghuo_yaocai6\w1351_shenghuo_yaocai6.mesh	OK	9766	151	93	1	3020	4092	1	0	0	151	93
data\source\npc\quest\w1351_shenghuo_yaocai7\w1351_shenghuo_yaocai7.mesh	OK	15364	274	182	1	5480	5220	1	0	0	274	182
data\source\npc\quest\w1351_shenghuo_yaocai9\w1351_shenghuo_yaocai9.mesh	OK	9170	161	111	1	3220	3068	1	0	0	161	111
data\source\npc\quest\w1351_shenghuo_yaocai_11\w1351_shenghuo_yaocai_11.mesh	OK	23036	430	310	1	8600	7132	1	0	0	430	310
data\source\npc\quest\w1351_shenghuo_yaocai_12\w1351_shenghuo_yaocai_12.mesh	OK	14444	250	166	1	5000	5164	1	0	0	250	166
data\source\npc\quest\w1351_shenghuo_yaocai_13\w1351_shenghuo_yaocai_13.mesh	OK	11632	216	180	1	4320	3356	1	0	0	216	180
data\source\npc\quest\w1351_shenghuo_yaocai_14\w1351_shenghuo_yaocai_14.mesh	OK	15276	266	174	1	5320	5436	1	0	0	266	174
data\source\npc\quest\w1351_shenghuo_yaocai_16\w1351_shenghuo_yaocai_16.mesh	OK	6024	80	56	1	1600	2844	1	0	0	80	56
data\source\npc\quest\w1351_shenghuo_yaocai_18\w1351_shenghuo_yaocai_18.mesh	OK	9988	154	110	1	3080	4116	1	0	0	154	110
data\source\npc\quest\w1351_shenghuo_yaocai_19\w1351_shenghuo_yaocai_19.mesh	OK	15276	269	182	1	5380	5292	1	0	0	269	182
data\source\npc\quest\w1351_shenghuo_yu3\w1351_shenghuo_yu3.mesh	OK	8972	93	132	1	1860	4920	1	0	0	93	132
data\source\npc\quest\w1351_shenghuo_yu8\w1351_shenghuo_yu8.mesh	OK	10684	129	156	1	2580	5336	1	0	0	129	156
data\source\npc\quest\w1351_shuishibaihuqi_01\w1351_shuishibaihuqi_01.mesh	OK	20976	342	146	2	6840	8868	1	0	0	342	86+60
data\source\npc\quest\w1351_shuishidenglong_01\w1351_shuishidenglong_01.mesh	OK	23132	384	212	1	7680	9288	1	0	0	384	212
data\source\npc\quest\w1351_shuishilongqi_02\w1351_shuishilongqi_02.mesh	OK	14420	208	150	2	4160	6576	1	0	0	208	90+60
data\source\npc\quest\w1351_ui_14rdl_baoshijiangli\w1351_ui_14rdl_baoshijiangli.mesh	OK	111844	2199	2146	1	43980	28316	1	0	0	2199	2146
data\source\npc\quest\w1351_ui_14rdl_diaowenqizhen\w1351_ui_14rdl_diaowenqizhen.mesh	OK	12104	213	204	1	4260	3780	1	0	0	213	204
data\source\npc\quest\w1351_ui_14rdl_jinggonglingzao\w1351_ui_14rdl_jinggonglingzao.mesh	OK	164180	3490	3474	2	69800	31368	1	0	0	3490	3446+28
data\source\npc\quest\w1351_ui_14rdl_jinggongshengbing\w1351_ui_14rdl_jinggongshengbing.mesh	OK	126564	2705	2494	2	54100	24752	1	0	0	2705	2466+28
data\source\npc\quest\w1351_ui_14rdl_jingzhixianzhi\w1351_ui_14rdl_jingzhixianzhi.mesh	OK	7592	133	174	1	2660	2008	1	0	0	133	174
data\source\npc\quest\w1351_ui_14rdl_qianghualingbao\w1351_ui_14rdl_qianghualingbao.mesh	OK	122144	2614	2418	2	52280	23700	1	0	0	2614	2390+28
data\source\npc\quest\w1351_ui_shenmuwangding_01\w1351_ui_shenmuwangding_01.mesh	OK	252020	5064	5890	1	113060	42568	0	0	113060	0	5890
data\source\npc\quest\w1351_ui_xiulianxitong_01\w1351_ui_xiulianxitong_01.mesh	OK	303260	4941	8594	1	116008	76112	0	0	116008	0	8594
data\source\npc\quest\w1351_ui_xiulianxitong_02\w1351_ui_xiulianxitong_02.mesh	OK	577928	8702	15170	1	204380	177820	0	0	204380	0	15170
data\source\npc\quest\w1351_wuhun_t_liuliyan_0101\w1351_wuhun_t_liuliyan_0101.mesh	OK	3692	54	88	1	1080	1152	1	0	0	54	88
data\source\npc\quest\w1351_wuhun_t_liuliyan_0102\w1351_wuhun_t_liuliyan_0102.mesh	OK	23508	454	724	1	9080	4352	1	0	0	454	724
data\source\npc\quest\w1351_wuhun_t_yuyaopan_0101\w1351_wuhun_t_yuyaopan_0101.mesh	OK	8316	148	232	1	2960	1904	1	0	0	148	232
data\source\npc\quest\w1351_wuhun_t_yuyaopan_0102\w1351_wuhun_t_yuyaopan_0102.mesh	OK	17732	336	548	1	6720	3408	1	0	0	336	548
data\source\npc\quest\w1351_wuqi_t_danduan_0202\w1351_wuqi_t_danduan_0202.mesh	OK	3416	81	90	1	1620	0	1	0	0	81	90
data\source\npc\quest\w1351_wuqi_t_danduan_0203\w1351_wuqi_t_danduan_0203.mesh	OK	2952	68	82	1	1360	0	1	0	0	68	82
data\source\npc\quest\w1351_wuqi_t_daofu_0201\w1351_wuqi_t_daofu_0201.mesh	OK	3426	86	65	1	1720	0	1	0	0	86	65
data\source\npc\quest\w1351_wuqi_t_daofu_0202\w1351_wuqi_t_daofu_0202.mesh	OK	9460	250	146	1	5292	8	1	1	0	250	146
data\source\npc\quest\w1351_wuqi_t_daofu_0203\w1351_wuqi_t_daofu_0203.mesh	OK	8478	218	203	1	4360	0	1	0	0	218	203
data\source\npc\quest\w1351_wuqi_t_huan_0201\w1351_wuqi_t_huan_0201.mesh	OK	4680	119	98	1	2380	0	1	0	0	119	98
data\source\npc\quest\w1351_wuqi_t_huan_0202\w1351_wuqi_t_huan_0202.mesh	OK	2936	69	74	1	1380	0	1	0	0	69	74
data\source\npc\quest\w1351_wuqi_t_huan_0203\w1351_wuqi_t_huan_0203.mesh	OK	4134	101	103	1	2020	0	1	0	0	101	103
data\source\npc\quest\w1351_wuqi_t_qiangbang_0201\w1351_wuqi_t_qiangbang_0201.mesh	OK	5188	124	156	1	2480	0	1	0	0	124	156
data\source\npc\quest\w1351_wuqi_t_qiangbang_0202\w1351_wuqi_t_qiangbang_0202.mesh	OK	5044	115	180	1	2300	0	1	0	0	115	180
data\source\npc\quest\w1351_wuqi_t_qiangbang_0203\w1351_wuqi_t_qiangbang_0203.mesh	OK	4652	111	136	1	2220	0	1	0	0	111	136
data\source\npc\quest\w1351_wuqi_t_shan_0201\w1351_wuqi_t_shan_0201.mesh	OK	3500	90	56	1	1800	0	1	0	0	90	56
data\source\npc\quest\w1351_wuqi_t_shan_0202\w1351_wuqi_t_shan_0202.mesh	OK	4892	126	96	1	2520	0	1	0	0	126	96
data\source\npc\quest\w1351_wuqi_t_shan_0203\w1351_wuqi_t_shan_0203.mesh	OK	3480	86	74	1	1720	0	1	0	0	86	74
data\source\npc\quest\w1351_wuqi_t_shuangduan_0201\w1351_wuqi_t_shuangduan_0201.mesh	OK	2552	57	74	1	1140	0	1	0	0	57	74
data\source\npc\quest\w1351_wuqi_t_shuangduan_0202\w1351_wuqi_t_shuangduan_0202.mesh	OK	6500	155	156	1	3412	8	1	1	0	155	156
data\source\npc\quest\w1351_wuqi_t_shuangduan_0203\w1351_wuqi_t_shuangduan_0203.mesh	OK	2196	47	68	1	940	0	1	0	0	47	68
data\source\npc\quest\w1351_zuoqi_baibao\w1351_zuoqi_baibao.mesh	OK	103528	1703	1720	1	37500	34988	1	1	0	1703	1720
data\source\npc\quest\w1351_zuoqi_baidiao\w1351_zuoqi_baidiao.mesh	OK	51316	886	936	1	19592	15192	1	1	0	886	936
data\source\npc\quest\w1351_zuoqi_baihu\w1351_zuoqi_baihu.mesh	OK	39168	512	618	1	11476	17556	0	0	11476	0	618
data\source\npc\quest\w1351_zuoqi_baihu\w1351_zuoqi_hu.mesh	OK	39360	512	618	1	11476	17748	0	0	11476	0	618
data\source\npc\quest\w1351_zuoqi_bailang\w1351_zuoqi_bailang_yifu_001.mesh	OK	53032	798	920	1	17800	19852	0	0	17800	0	920
data\source\npc\quest\w1351_zuoqi_bailu\w1351_zuoqi_bailu.mesh	OK	69088	1144	1160	1	22880	25236	1	0	0	1144	1160
data\source\npc\quest\w1351_zuoqi_bailuotuo\w1351_zuoqi_bailuotuo.mesh	OK	61612	1034	896	1	22472	21072	1	1	0	1034	896
data\source\npc\quest\w1351_zuoqi_baishi\w1351_zuoqi_baishi.mesh	OK	75260	972	1028	1	19440	37704	1	0	0	972	1028
data\source\npc\quest\w1351_zuoqi_baixiang\w1351_zuoqi_baixiang.mesh	OK	48340	648	916	1	14792	19992	0	0	14792	0	916
data\source\npc\quest\w1351_zuoqi_dafeng\w1351_zuoqi_dafeng.mesh	OK	445720	7047	9940	5	160820	140396	1	1	0	7047	8780+652+160+104+244
data\source\npc\quest\w1351_zuoqi_diao\w1351_zuoqi_diao.mesh	OK	35828	538	640	1	10760	14488	1	0	0	538	640
data\source\npc\quest\w1351_zuoqi_feilongyi\w1351_zuoqi_feilongyi_shoutao_001.mesh	OK	41456	696	900	1	13920	13500	1	0	0	696	900
data\source\npc\quest\w1351_zuoqi_feilongyi\w1351_zuoqi_feilongyi_yifu_001.mesh	OK	91740	1776	1446	1	35520	25948	1	0	0	1776	1446
data\source\npc\quest\w1351_zuoqi_fuwenqishi\w1351_zuoqi_fuwenqishi.mesh	OK	69576	885	1110	1	17700	34312	1	0	0	885	1110
data\source\npc\quest\w1351_zuoqi_gaojihuache\w1351_zuoqi_gaojihuache.mesh	OK	298684	5831	6326	2	116620	73848	1	0	0	5831	6214+112
data\source\npc\quest\w1351_zuoqi_guchengfeisha\w1351_zuoqi_guchengfeisha.mesh	OK	389520	6722	8120	5	150680	109156	1	1	0	6722	2778+2054+668+608+2012
data\source\npc\quest\w1351_zuoqi_haiyang\w1351_zuoqi_haiyang.mesh	OK	186874	3107	3489	4	62140	66220	1	0	0	3107	2589+284+216+400
data\source\npc\quest\w1351_zuoqi_haohuahuache\w1351_zuoqi_haohuahuache.mesh	OK	518018	10107	9517	2	202140	137204	1	0	0	10107	9301+216
data\source\npc\quest\w1351_zuoqi_heibao\w1351_zuoqi_heibao.mesh	OK	86616	1192	1668	1	23840	38180	1	0	0	1192	1668
data\source\npc\quest\w1351_zuoqi_hema\w1351_zuoqi_hema.mesh	OK	81176	976	1364	1	19520	41476	1	0	0	976	1364
data\source\npc\quest\w1351_zuoqi_hongbaifeng\w1351_zuoqi_hongbaifeng.mesh	OK	41008	581	606	1	11620	18496	1	0	0	581	606
data\source\npc\quest\w1351_zuoqi_huache\w1351_zuoqi_huache_shoutao_001.mesh	OK	11652	51	50	1	1020	9436	1	0	0	51	50
data\source\npc\quest\w1351_zuoqi_huache\w1351_zuoqi_huache_yifu_001.mesh	OK	112766	2263	1825	1	45260	29116	1	0	0	2263	1825
data\source\npc\quest\w1351_zuoqi_huangbiaoma\w1351_zuoqi_huangbiaoma.mesh	OK	46620	628	756	1	12560	21704	1	0	0	628	756
data\source\npc\quest\w1351_zuoqi_hudie_hei\w1351_zuoqi_hudie_hei.mesh	OK	503988	8753	9544	6	194148	147236	1	1	0	8753	4506+1574+1268+330+488+1378
data\source\npc\quest\w1351_zuoqi_huilang\w1351_zuoqi_huilang_yifu_001.mesh	OK	49000	718	832	1	16024	19084	0	0	16024	0	832
data\source\npc\quest\w1351_zuoqi_hunlima1\w1351_zuoqi_hunlima1.mesh	OK	90664	1427	2114	1	28540	32032	1	0	0	1427	2114
data\source\npc\quest\w1351_zuoqi_hunlima2\w1351_zuoqi_hunlima2.mesh	OK	121564	1715	2488	1	34300	51472	1	0	0	1715	2488
data\source\npc\quest\w1351_zuoqi_hunlima3\w1351_zuoqi_hunlima3.mesh	OK	195328	2516	3614	1	50320	92848	1	0	0	2516	3614
data\source\npc\quest\w1351_zuoqi_jingema\w1351_zuoqi_jingema.mesh	OK	109704	1705	2318	1	34100	40952	1	0	0	1705	2318
data\source\npc\quest\w1351_zuoqi_jingxie\w1351_zuoqi_jingxie.mesh	OK	219600	3882	5318	1	88276	52548	0	0	88276	0	5318
data\source\npc\quest\w1351_zuoqi_jinjiashi\w1351_zuoqi_jinjiashi.mesh	OK	806420	15090	16234	6	334268	193364	1	1	0	15090	3268+3962+760+896+168+7180
data\source\npc\quest\w1351_zuoqi_jinjingshou\w1351_zuoqi_jinjingshou.mesh	OK	94572	1450	1788	1	29000	37160	1	0	0	1450	1788
data\source\npc\quest\w1351_zuoqi_jinyihe\w1351_zuoqi_he.mesh	OK	33604	338	364	1	6760	20320	1	0	0	338	364
data\source\npc\quest\w1351_zuoqi_jixiangruyi_jin\w1351_zuoqi_jixiangruyi_jin.mesh	OK	523200	9195	8241	5	200382	162732	0	0	90042	9195	5945+680+256+680+680
data\source\npc\quest\w1351_zuoqi_juyuan\w1351_zuoqi_juyuan.mesh	OK	117432	1816	2318	2	36320	45124	1	0	0	1816	2306+12
data\source\npc\quest\w1351_zuoqi_leidianfeiying\w1351_zuoqi_leidianfeiying.mesh	OK	557188	10048	10200	4	221360	153756	1	1	0	10048	5518+732+84+3866
data\source\npc\quest\w1351_zuoqi_lieyanshi\w1351_zuoqi_lieyanshi.mesh	OK	116536	1774	2348	1	35480	45396	1	0	0	1774	2348
data\source\npc\quest\w1351_zuoqi_linghu\w1351_zuoqi_linghu.mesh	OK	440408	5848	8380	8	133720	185920	1	1	0	5848	5344+254+198+672+704+384+120+704
data\source\npc\quest\w1351_zuoqi_linglong\w1351_zuoqi_linglong.mesh	OK	479912	8718	10022	4	194404	120464	0	0	194404	0	8858+486+192+486
data\source\npc\quest\w1351_zuoqi_lingyang\w1351_zuoqi_lingyang.mesh	OK	73704	1063	1352	1	23964	28588	1	1	0	1063	1352
data\source\npc\quest\w1351_zuoqi_liulifeng\w1351_zuoqi_liulifeng_shoutao_001.mesh	OK	41976	426	464	1	8520	25276	1	0	0	426	464
data\source\npc\quest\w1351_zuoqi_liulifeng\w1351_zuoqi_liulifeng_yifu_001.mesh	OK	63236	777	1018	1	15540	31980	1	0	0	777	1018
data\source\npc\quest\w1351_zuoqi_longxuema\w1351_zuoqi_longxuema.mesh	OK	123518	1901	2603	1	38020	46784	1	0	0	1901	2603
data\source\npc\quest\w1351_zuoqi_lu\w1351_zuoqi_lu.mesh	OK	50964	751	710	1	15020	22388	1	0	0	751	710
data\source\npc\quest\w1351_zuoqi_maisuima\w1351_zuoqi_maisuima.mesh	OK	253460	4377	4806	5	97152	74648	1	1	0	4377	2129+1140+238+266+1033
data\source\npc\quest\w1351_zuoqi_maoniu\w1351_zuoqi_baimaoniu.mesh	OK	60960	848	918	1	16960	28032	1	0	0	848	918
data\source\npc\quest\w1351_zuoqi_maoniu\w1351_zuoqi_maoniu.mesh	OK	57888	788	816	4	15760	27480	1	0	0	788	780+12+12+12
data\source\npc\quest\w1351_zuoqi_menghuan\w1351_zuoqi_menghuan.mesh	OK	540876	8328	13586	3	193732	165400	1	1	0	8328	12232+176+1178
data\source\npc\quest\w1351_zuoqi_muniuliuma\w1351_zuoqi_muniuliuma.mesh	OK	82054	1189	1289	1	23780	35988	1	0	0	1189	1289
data\source\npc\quest\w1351_zuoqi_nianshou01\w1351_zuoqi_nianshou01_xiezi.mesh	OK	21500	95	116	1	2132	17248	1	1	0	95	116
data\source\npc\quest\w1351_zuoqi_nianshou01\w1351_zuoqi_nianshou01_yifu.mesh	OK	73612	1049	1346	1	23672	28992	1	1	0	1049	1346
data\source\npc\quest\w1351_zuoqi_qbcongma\w1351_zuoqi_qbcongma.mesh	OK	52276	723	868	1	14460	23648	1	0	0	723	868
data\source\npc\quest\w1351_zuoqi_qicailu\w1351_zuoqi_qicailu_shoutao_001.mesh	OK	24940	208	400	1	4160	15600	1	0	0	208	400
data\source\npc\quest\w1351_zuoqi_qicailu\w1351_zuoqi_qicailu_yifu_001.mesh	OK	92836	1388	1660	1	27760	38176	1	0	0	1388	1660
data\source\npc\quest\w1351_zuoqi_qingfeng\w1351_zuoqi_qingfeng.mesh	OK	41008	581	606	1	11620	18496	1	0	0	581	606
data\source\npc\quest\w1351_zuoqi_qingmaoniu\w1351_zuoqi_qingmaoniu.mesh	OK	97636	1455	1918	1	29100	39284	1	0	0	1455	1918
data\source\npc\quest\w1351_zuoqi_qunshanzhidian\w1351_zuoqi_qunshanzhidian.mesh	OK	444064	9216	7272	4	198864	90680	1	1	0	9216	6490+280+251+251
data\source\npc\quest\w1351_zuoqi_ruilianhe\w1351_zuoqi_ruilianhe_shoutao.mesh	OK	41460	404	496	1	8080	25272	1	0	0	404	496
data\source\npc\quest\w1351_zuoqi_ruilianhe\w1351_zuoqi_ruilianhe_yifu.mesh	OK	58128	719	1014	1	14380	28752	1	0	0	719	1014
data\source\npc\quest\w1351_zuoqi_ruyihu\w1351_zuoqi_ruyihu.mesh	OK	124744	2128	2310	3	42560	42496	1	0	0	2128	1826+412+72
data\source\npc\quest\w1351_zuoqi_shenglingwuyahong\w1351_zuoqi_shenglingwuyahong.mesh	OK	261216	4560	5240	3	91200	83564	1	0	0	4560	4472+384+384
data\source\npc\quest\w1351_zuoqi_suojiama\w1351_zuoqi_suojiama.mesh	OK	134090	2092	2541	1	41840	51616	1	0	0	2092	2541
data\source\npc\quest\w1351_zuoqi_tianma\w1351_zuoqi_tianma.mesh	OK	53144	591	768	1	11820	29340	1	0	0	591	768
data\source\npc\quest\w1351_zuoqi_tianshandiao\w1351_zuoqi_tianshandiao.mesh	OK	35608	522	640	1	11720	13500	0	0	11720	0	640
data\source\npc\quest\w1351_zuoqi_tuoniao\w1351_zuoqi_tuoniao.mesh	OK	54212	753	1048	1	15060	23544	1	0	0	753	1048
data\source\npc\quest\w1351_zuoqi_tuzi\w1351_zuoqi_tuzi.mesh	OK	55580	659	774	1	13180	29564	1	0	0	659	774
data\source\npc\quest\w1351_zuoqi_wanlishanhehong\w1351_zuoqi_wanlishanhebai.mesh	OK	557192	7983	8250	3	176160	235444	0	0	176160	0	7784+442+24
data\source\npc\quest\w1351_zuoqi_wanlishanhehong\w1351_zuoqi_wanlishanhehong.mesh	OK	557192	7983	8250	3	176160	235444	0	0	176160	0	7784+442+24
data\source\npc\quest\w1351_zuoqi_wucai\w1351_zuoqi_wucai.mesh	OK	201924	2428	2412	4	48560	109460	1	0	0	2428	1220+376+376+440
data\source\npc\quest\w1351_zuoqi_wushi\w1351_zuoqi_wushi.mesh	OK	102976	1496	1508	2	29920	45768	1	0	0	1496	1454+54
data\source\npc\quest\w1351_zuoqi_wuyingdiao\w1351_zuoqi_wuyingdiao_shoutao_001.mesh	OK	30744	306	358	1	6836	17804	0	0	6836	0	358
data\source\npc\quest\w1351_zuoqi_wuyingdiao\w1351_zuoqi_wuyingdiao_yifu_001.mesh	OK	67992	1024	1220	1	22920	25180	0	0	22920	0	1220
data\source\npc\quest\w1351_zuoqi_xiang\w1351_zuoqi_xiang.mesh	OK	36932	418	640	1	9640	18152	0	0	9640	0	640
data\source\npc\quest\w1351_zuoqi_xindafeng\w1351_zuoqi_xindafeng_shoutao_001.mesh	OK	101860	1298	1618	1	25960	50332	1	0	0	1298	1618
data\source\npc\quest\w1351_zuoqi_xindafeng\w1351_zuoqi_xindafeng_yifu_001.mesh	OK	77196	978	1430	1	19560	37036	1	0	0	978	1430
data\source\npc\quest\w1351_zuoqi_xingchenkun_lan\w1351_zuoqi_xingchenkun_lan.mesh	OK	343964	5510	7116	7	124432	110408	1	1	0	5510	2818+960+1202+320+908+688+220
data\source\npc\quest\w1351_zuoqi_xiniu\w1351_zuoqi_xiniu.mesh	OK	63024	716	972	1	14320	33996	1	0	0	716	972
data\source\npc\quest\w1351_zuoqi_xiong\w1351_zuoqi_xiong.mesh	OK	45964	609	740	1	12180	21752	1	0	0	609	740
data\source\npc\quest\w1351_zuoqi_xuangui\w1351_zuoqi_xuangui.mesh	OK	65532	834	1230	1	16680	31180	1	0	0	834	1230
data\source\npc\quest\w1351_zuoqi_xuelingyang\w1351_zuoqi_xuelingyang.mesh	OK	95736	1299	1930	1	29840	38444	1	1	0	1299	1930
data\source\npc\quest\w1351_zuoqi_yibanhuache\w1351_zuoqi_yibanhuache.mesh	OK	163332	2905	3126	2	58100	51328	1	0	0	2905	3074+52
data\source\npc\quest\w1351_zuoqi_yinyuelang\w1351_zuoqi_yinyuelang_shoutao_001.mesh	OK	52332	605	726	1	12100	28332	1	0	0	605	726
data\source\npc\quest\w1351_zuoqi_yinyuelang\w1351_zuoqi_yinyuelang_yifu_001.mesh	OK	95018	1374	1679	1	27480	40692	1	0	0	1374	1679
data\source\npc\quest\w1351_zuoqi_youguanglingyang\w1351_zuoqi_youguanglingyang.mesh	OK	111808	1800	2562	1	41124	33428	1	1	0	1800	2562
data\source\npc\quest\w1351_zuoqi_yuexiaxun\w1351_zuoqi_yuexiaxun.mesh	OK	397992	6278	6997	5	139554	140820	0	0	64218	6278	2851+360+1136+2463+187
data\source\npc\quest\xiangzi_putong\xiangzi_putong.mesh	OK	15712	409	374	1	8180	96	1	0	0	409	374
data\source\npc\quest\xingshoucun_jt\xingshoucun_jt.mesh	OK	2332	24	12	1	480	1208	1	0	0	24	12
data\source\npc\toukui\w1351_nan_t_toukui_aihuangmao_2601.mesh	OK	5752	151	106	1	3020	0	1	0	0	151	106
data\source\npc\toukui\w1351_nan_t_toukui_aihuangmao_2602.mesh	OK	5752	151	106	1	3020	0	1	0	0	151	106
data\source\npc\toukui\w1351_nan_t_toukui_biyuemao_1401.mesh	OK	1476	32	28	1	640	0	1	0	0	32	28
data\source\npc\toukui\w1351_nan_t_toukui_biyuemao_1402.mesh	OK	1476	32	28	1	640	0	1	0	0	32	28
data\source\npc\toukui\w1351_nan_t_toukui_cangyumao_2801.mesh	OK	4840	118	130	1	2360	0	1	0	0	118	130
data\source\npc\toukui\w1351_nan_t_toukui_chigangmao_2001.mesh	OK	1884	44	32	1	880	0	1	0	0	44	32
data\source\npc\toukui\w1351_nan_t_toukui_chigangmao_2002.mesh	OK	1884	44	32	1	880	0	1	0	0	44	32
data\source\npc\toukui\w1351_nan_t_toukui_chiyaomao_1601.mesh	OK	1848	44	26	1	880	0	1	0	0	44	26
data\source\npc\toukui\w1351_nan_t_toukui_cubumao_0101.mesh	OK	1628	36	32	1	720	0	1	0	0	36	32
data\source\npc\toukui\w1351_nan_t_toukui_cubumao_0102.mesh	OK	1628	36	32	1	720	0	1	0	0	36	32
data\source\npc\toukui\w1351_nan_t_toukui_diximao_1301.mesh	OK	1324	28	24	1	560	0	1	0	0	28	24
data\source\npc\toukui\w1351_nan_t_toukui_diximao_1302.mesh	OK	1324	28	24	1	560	0	1	0	0	28	24
data\source\npc\toukui\w1351_nan_t_toukui_guanchongkui_5001.mesh	OK	1848	44	26	1	880	0	1	0	0	44	26
data\source\npc\toukui\w1351_nan_t_toukui_huanshimao_0901.mesh	OK	2780	66	64	1	1320	0	1	0	0	66	64
data\source\npc\toukui\w1351_nan_t_toukui_huanshimao_0902.mesh	OK	2780	66	64	1	1320	0	1	0	0	66	64
data\source\npc\toukui\w1351_nan_t_toukui_jiangmamao_0301.mesh	OK	2620	64	48	1	1280	0	1	0	0	64	48
data\source\npc\toukui\w1351_nan_t_toukui_jiangmamao_0302.mesh	OK	2620	64	48	1	1280	0	1	0	0	64	48
data\source\npc\toukui\w1351_nan_t_toukui_jinshumao_1201.mesh	OK	1324	28	24	1	560	0	1	0	0	28	24
data\source\npc\toukui\w1351_nan_t_toukui_jinshumao_1202.mesh	OK	1324	28	24	1	560	0	1	0	0	28	24
data\source\npc\toukui\w1351_nan_t_toukui_jipimao_1001.mesh	OK	1324	28	24	1	560	0	1	0	0	28	24
data\source\npc\toukui\w1351_nan_t_toukui_jipimao_1002.mesh	OK	1324	28	24	1	560	0	1	0	0	28	24
data\source\npc\toukui\w1351_nan_t_toukui_jiuyangmao_3001.mesh	OK	4300	103	120	1	2060	0	1	0	0	103	120
data\source\npc\toukui\w1351_nan_t_toukui_luanmumao_2401.mesh	OK	4044	104	72	1	2080	0	1	0	0	104	72
data\source\npc\toukui\w1351_nan_t_toukui_luanmumao_2402.mesh	OK	4044	104	72	1	2080	0	1	0	0	104	72
data\source\npc\toukui\w1351_nan_t_toukui_mushuimao_0801.mesh	OK	2120	51	34	1	1020	0	1	0	0	51	34
data\source\npc\toukui\w1351_nan_t_toukui_mushuimao_0802.mesh	OK	2120	51	34	1	1020	0	1	0	0	51	34
data\source\npc\toukui\w1351_nan_t_toukui_qingbumao_0201.mesh	OK	2620	64	48	1	1280	0	1	0	0	64	48
data\source\npc\toukui\w1351_nan_t_toukui_qingbumao_0202.mesh	OK	2620	64	48	1	1280	0	1	0	0	64	48
data\source\npc\toukui\w1351_nan_t_toukui_qixingmao_0701.mesh	OK	1980	47	32	1	940	0	1	0	0	47	32
data\source\npc\toukui\w1351_nan_t_toukui_qixingmao_0702.mesh	OK	1980	47	32	1	940	0	1	0	0	47	32
data\source\npc\toukui\w1351_nan_t_toukui_ruanchoumao_0401.mesh	OK	1820	42	32	1	840	0	1	0	0	42	32
data\source\npc\toukui\w1351_nan_t_toukui_ruanchoumao_0402.mesh	OK	1820	42	32	1	840	0	1	0	0	42	32
data\source\npc\toukui\w1351_nan_t_toukui_shangyangshou_4901.mesh	OK	1420	31	24	1	620	0	1	0	0	31	24
data\source\npc\toukui\w1351_nan_t_toukui_shaoshangkui_4701.mesh	OK	1324	28	24	1	560	0	1	0	0	28	24
data\source\npc\toukui\w1351_nan_t_toukui_shengtianmao_1501.mesh	OK	1420	31	24	1	620	0	1	0	0	31	24
data\source\npc\toukui\w1351_nan_t_toukui_shenshimao_2901.mesh	OK	2652	62	64	1	1240	0	1	0	0	62	64
data\source\npc\toukui\w1351_nan_t_toukui_shenshimao_2902.mesh	OK	2652	62	64	1	1240	0	1	0	0	62	64
data\source\npc\toukui\w1351_nan_t_toukui_shepimao_1101.mesh	OK	1324	28	24	1	560	0	1	0	0	28	24
data\source\npc\toukui\w1351_nan_t_toukui_shepimao_1102.mesh	OK	1324	28	24	1	560	0	1	0	0	28	24
data\source\npc\toukui\w1351_nan_t_toukui_shilinmao_1801.mesh	OK	6542	171	131	1	3420	0	1	0	0	171	131
data\source\npc\toukui\w1351_nan_t_toukui_shilinmao_1802.mesh	OK	6542	171	131	1	3420	0	1	0	0	171	131
data\source\npc\toukui\w1351_nan_t_toukui_sutiemao_1901.mesh	OK	1884	44	32	1	880	0	1	0	0	44	32
data\source\npc\toukui\w1351_nan_t_toukui_sutiemao_1902.mesh	OK	1884	44	32	1	880	0	1	0	0	44	32
data\source\npc\toukui\w1351_nan_t_toukui_suyingmao_2301.mesh	OK	2188	52	40	1	1040	0	1	0	0	52	40
data\source\npc\toukui\w1351_nan_t_toukui_suyingmao_2302.mesh	OK	2188	52	40	1	1040	0	1	0	0	52	40
data\source\npc\toukui\w1351_nan_t_toukui_xiongmomao_2701.mesh	OK	5188	133	108	1	2660	0	1	0	0	133	108
data\source\npc\toukui\w1351_nan_t_toukui_xiongmomao_2702.mesh	OK	5188	133	108	1	2660	0	1	0	0	133	108
data\source\npc\toukui\w1351_nan_t_toukui_xuanpomao_1701.mesh	OK	7610	204	133	1	4080	0	1	0	0	204	133
data\source\npc\toukui\w1351_nan_t_toukui_xuanyunmao_2201.mesh	OK	1884	44	32	1	880	0	1	0	0	44	32
data\source\npc\toukui\w1351_nan_t_toukui_xuanyunmao_2202.mesh	OK	1884	44	32	1	880	0	1	0	0	44	32
data\source\npc\toukui\w1351_nan_t_toukui_xuemumao_2101.mesh	OK	1884	44	32	1	880	0	1	0	0	44	32
data\source\npc\toukui\w1351_nan_t_toukui_xuemumao_2102.mesh	OK	1884	44	32	1	880	0	1	0	0	44	32
data\source\npc\toukui\w1351_nan_t_toukui_yinjinmao_0501.mesh	OK	1820	42	32	1	840	0	1	0	0	42	32
data\source\npc\toukui\w1351_nan_t_toukui_yinjinmao_0502.mesh	OK	1820	42	32	1	840	0	1	0	0	42	32
data\source\npc\toukui\w1351_nan_t_toukui_yinlangmao_2501.mesh	OK	4628	120	84	1	2400	0	1	0	0	120	84
data\source\npc\toukui\w1351_nan_t_toukui_yinlangmao_2502.mesh	OK	4628	120	84	1	2400	0	1	0	0	120	84
data\source\npc\toukui\w1351_nan_t_toukui_yuanlingmao_0601.mesh	OK	1692	38	32	1	760	0	1	0	0	38	32
data\source\npc\toukui\w1351_nan_t_toukui_yuanlingmao_0602.mesh	OK	1692	38	32	1	760	0	1	0	0	38	32
data\source\npc\toukui\w1351_nan_t_toukui_zhuxianguan_7701.mesh	OK	7610	204	133	1	4080	0	1	0	0	204	133
data\source\npc\toukui\w1351_nv_t_toukui_aihuangmao_2601.mesh	OK	9996	260	216	1	5200	96	1	0	0	260	216
data\source\npc\toukui\w1351_nv_t_toukui_aihuangmao_2602.mesh	OK	9996	260	216	1	5200	96	1	0	0	260	216
data\source\npc\toukui\w1351_nv_t_toukui_biyuemao_1401.mesh	OK	2572	61	40	1	1220	96	1	0	0	61	40
data\source\npc\toukui\w1351_nv_t_toukui_biyuemao_1402.mesh	OK	2572	61	40	1	1220	96	1	0	0	61	40
data\source\npc\toukui\w1351_nv_t_toukui_cangyumao_2801.mesh	OK	5436	134	128	1	2680	96	1	0	0	134	128
data\source\npc\toukui\w1351_nv_t_toukui_cangyumao_2802.mesh	OK	5436	134	128	1	2680	96	1	0	0	134	128
data\source\npc\toukui\w1351_nv_t_toukui_chigangmao_2001.mesh	OK	1180	22	16	1	440	96	1	0	0	22	16
data\source\npc\toukui\w1351_nv_t_toukui_chigangmao_2002.mesh	OK	1180	22	16	1	440	96	1	0	0	22	16
data\source\npc\toukui\w1351_nv_t_toukui_chiyaomao_1601.mesh	OK	5116	133	80	1	2660	96	1	0	0	133	80
data\source\npc\toukui\w1351_nv_t_toukui_chiyaomao_1602.mesh	OK	5116	133	80	1	2660	96	1	0	0	133	80
data\source\npc\toukui\w1351_nv_t_toukui_cubumao_0101.mesh	OK	1052	18	16	1	360	96	1	0	0	18	16
data\source\npc\toukui\w1351_nv_t_toukui_cubumao_0102.mesh	OK	1052	18	16	1	360	96	1	0	0	18	16
data\source\npc\toukui\w1351_nv_t_toukui_diximao_1301.mesh	OK	2184	50	34	1	1000	96	1	0	0	50	34
data\source\npc\toukui\w1351_nv_t_toukui_diximao_1302.mesh	OK	2184	50	34	1	1000	96	1	0	0	50	34
data\source\npc\toukui\w1351_nv_t_toukui_guanchongshou_5001.mesh	OK	5308	133	80	1	2660	288	1	0	0	133	80
data\source\npc\toukui\w1351_nv_t_toukui_huanshimao_0901.mesh	OK	8340	218	164	1	4360	96	1	0	0	218	164
data\source\npc\toukui\w1351_nv_t_toukui_huanshimao_0902.mesh	OK	8340	218	164	1	4360	96	1	0	0	218	164
data\source\npc\toukui\w1351_nv_t_toukui_jiangmamao_0301.mesh	OK	1580	33	24	1	660	96	1	0	0	33	24
data\source\npc\toukui\w1351_nv_t_toukui_jiangmamao_0302.mesh	OK	1580	33	24	1	660	96	1	0	0	33	24
data\source\npc\toukui\w1351_nv_t_toukui_jinshumao_1201.mesh	OK	1192	22	18	1	440	96	1	0	0	22	18
data\source\npc\toukui\w1351_nv_t_toukui_jinshumao_1202.mesh	OK	1192	22	18	1	440	96	1	0	0	22	18
data\source\npc\toukui\w1351_nv_t_toukui_jipimao_1001.mesh	OK	1052	18	16	1	360	96	1	0	0	18	16
data\source\npc\toukui\w1351_nv_t_toukui_jipimao_1002.mesh	OK	1052	18	16	1	360	96	1	0	0	18	16
data\source\npc\toukui\w1351_nv_t_toukui_jiuyangmao_3001.mesh	OK	15196	388	400	1	7760	96	1	0	0	388	400
data\source\npc\toukui\w1351_nv_t_toukui_jiuyangmao_3002.mesh	OK	15196	388	400	1	7760	96	1	0	0	388	400
data\source\npc\toukui\w1351_nv_t_toukui_luanmumao_2401.mesh	OK	11436	312	178	2	6240	96	1	0	0	312	164+14
data\source\npc\toukui\w1351_nv_t_toukui_luanmumao_2402.mesh	OK	11436	312	178	2	6240	96	1	0	0	312	164+14
data\source\npc\toukui\w1351_nv_t_toukui_mushuimao_0801.mesh	OK	5512	139	114	1	2780	96	1	0	0	139	114
data\source\npc\toukui\w1351_nv_t_toukui_mushuimao_0802.mesh	OK	5512	139	114	1	2780	96	1	0	0	139	114
data\source\npc\toukui\w1351_nv_t_toukui_qingbumao_0201.mesh	OK	1052	18	16	1	360	96	1	0	0	18	16
data\source\npc\toukui\w1351_nv_t_toukui_qingbumao_0202.mesh	OK	1052	18	16	1	360	96	1	0	0	18	16
data\source\npc\toukui\w1351_nv_t_toukui_qixingmao_0701.mesh	OK	3308	81	56	1	1620	96	1	0	0	81	56
data\source\npc\toukui\w1351_nv_t_toukui_qixingmao_0702.mesh	OK	3308	81	56	1	1620	96	1	0	0	81	56
data\source\npc\toukui\w1351_nv_t_toukui_ruanchoumao_0401.mesh	OK	1732	37	28	1	740	96	1	0	0	37	28
data\source\npc\toukui\w1351_nv_t_toukui_ruanchoumao_0402.mesh	OK	1732	37	28	1	740	96	1	0	0	37	28
data\source\npc\toukui\w1351_nv_t_toukui_shangyangshou_4901.mesh	OK	4104	99	60	2	1980	288	1	0	0	99	32+28
data\source\npc\toukui\w1351_nv_t_toukui_shaoshangshou_4701.mesh	OK	2380	50	34	2	1000	288	1	0	0	50	26+8
data\source\npc\toukui\w1351_nv_t_toukui_shengtianmao_1501.mesh	OK	3912	99	60	2	1980	96	1	0	0	99	32+28
data\source\npc\toukui\w1351_nv_t_toukui_shengtianmao_1502.mesh	OK	3912	99	60	2	1980	96	1	0	0	99	32+28
data\source\npc\toukui\w1351_nv_t_toukui_shenshimao_2901.mesh	OK	11128	298	218	1	5960	0	1	0	0	298	218
data\source\npc\toukui\w1351_nv_t_toukui_shenshimao_2902.mesh	OK	11228	301	218	2	6020	0	1	0	0	301	58+160
data\source\npc\toukui\w1351_nv_t_toukui_shepimao_1101.mesh	OK	1192	22	18	1	440	96	1	0	0	22	18
data\source\npc\toukui\w1351_nv_t_toukui_shepimao_1102.mesh	OK	1192	22	18	1	440	96	1	0	0	22	18
data\source\npc\toukui\w1351_nv_t_toukui_shilinmao_1801.mesh	OK	7924	209	142	2	4180	96	1	0	0	209	63+79
data\source\npc\toukui\w1351_nv_t_toukui_shilinmao_1802.mesh	OK	7924	209	142	2	4180	96	1	0	0	209	63+79
data\source\npc\toukui\w1351_nv_t_toukui_sutiemao_1901.mesh	OK	6840	174	148	2	3480	96	1	0	0	174	56+92
data\source\npc\toukui\w1351_nv_t_toukui_sutiemao_1902.mesh	OK	6840	174	148	2	3480	96	1	0	0	174	56+92
data\source\npc\toukui\w1351_nv_t_toukui_suyingmao_2301.mesh	OK	1828	40	28	1	800	96	1	0	0	40	28
data\source\npc\toukui\w1351_nv_t_toukui_suyingmao_2302.mesh	OK	1828	40	28	1	800	96	1	0	0	40	28
data\source\npc\toukui\w1351_nv_t_toukui_xiongmomao_2701.mesh	OK	11052	281	280	1	5620	96	1	0	0	281	280
data\source\npc\toukui\w1351_nv_t_toukui_xiongmomao_2702.mesh	OK	11052	281	280	1	5620	96	1	0	0	281	280
data\source\npc\toukui\w1351_nv_t_toukui_xuanpomao_1701.mesh	OK	5980	157	96	1	3140	96	1	0	0	157	96
data\source\npc\toukui\w1351_nv_t_toukui_xuanpomao_1702.mesh	OK	5980	157	96	1	3140	96	1	0	0	157	96
data\source\npc\toukui\w1351_nv_t_toukui_xuanyunmao_2201.mesh	OK	1472	30	22	1	600	96	1	0	0	30	22
data\source\npc\toukui\w1351_nv_t_toukui_xuanyunmao_2202.mesh	OK	1472	30	22	1	600	96	1	0	0	30	22
data\source\npc\toukui\w1351_nv_t_toukui_xuemumao_2101.mesh	OK	1472	30	22	1	600	96	1	0	0	30	22
data\source\npc\toukui\w1351_nv_t_toukui_xuemumao_2102.mesh	OK	1472	30	22	1	600	96	1	0	0	30	22
data\source\npc\toukui\w1351_nv_t_toukui_yinjinmao_0501.mesh	OK	1960	43	34	1	860	96	1	0	0	43	34
data\source\npc\toukui\w1351_nv_t_toukui_yinjinmao_0502.mesh	OK	1960	43	34	1	860	96	1	0	0	43	34
data\source\npc\toukui\w1351_nv_t_toukui_yinlangmao_2501.mesh	OK	5652	143	116	1	2860	96	1	0	0	143	116
data\source\npc\toukui\w1351_nv_t_toukui_yinlangmao_2502.mesh	OK	5652	143	116	1	2860	96	1	0	0	143	116
data\source\npc\toukui\w1351_nv_t_toukui_yuanlingmao_0601.mesh	OK	3132	74	48	1	1576	96	1	1	0	74	48
data\source\npc\toukui\w1351_nv_t_toukui_yuanlingmao_0602.mesh	OK	3036	74	48	1	1480	96	1	0	0	74	48
data\source\npc\toukui\w1351_nv_t_toukui_zhuxianshou_7701.mesh	OK	6172	157	96	1	3140	288	1	0	0	157	96
data\source\npc\wuqi\w1351_scsq_emei_001_01\w1351_scsq_emei_001_01.mesh	OK	66020	1686	1964	1	33720	0	1	0	0	1686	1964
data\source\npc\wuqi\w1351_scsq_emei_001_02\w1351_scsq_emei_001_02.mesh	OK	71098	1843	1973	1	36860	0	1	0	0	1843	1973
data\source\npc\wuqi\w1351_scsq_gaibang_001\w1351_scsq_gaibang_001.mesh	OK	176556	4532	5208	1	90640	0	1	0	0	4532	5208
data\source\npc\wuqi\w1351_scsq_mingjiao_001\w1351_scsq_mingjiao_001.mesh	OK	35936	894	1174	1	17880	0	1	0	0	894	1174
data\source\npc\wuqi\w1351_scsq_shaolin_001\w1351_scsq_shaolin_001.mesh	OK	194580	5111	5124	1	102220	0	1	0	0	5111	5124
data\source\npc\wuqi\w1351_scsq_tianlong_001\w1351_scsq_tianlong_001.mesh	OK	88396	2266	2600	1	45320	0	1	0	0	2266	2600
data\source\npc\wuqi\w1351_scsq_tianshan_001\w1351_scsq_tianshan_001.mesh	OK	112068	2918	3068	1	58360	0	1	0	0	2918	3068
data\source\npc\wuqi\w1351_scsq_wudang_001\w1351_scsq_wudang_001.mesh	OK	65292	1676	1896	1	33520	0	1	0	0	1676	1896
data\source\npc\wuqi\w1351_scsq_xiaoyao_001\w1351_scsq_xiaoyao_001.mesh	OK	198080	5233	5056	2	104660	0	1	0	0	5233	4928+128
data\source\npc\wuqi\w1351_scsq_xingxiu_001_01\w1351_scsq_xingxiu_001_01.mesh	OK	75308	1977	1960	1	39540	0	1	0	0	1977	1960
data\source\npc\wuqi\w1351_scsq_xingxiu_001_02\w1351_scsq_xingxiu_001_02.mesh	OK	73392	1922	1934	1	38440	0	1	0	0	1922	1934
data\source\npc\wuqi\w1351_shenghuo_caiyaolian.mesh	OK	3188	75	68	1	1500	96	1	0	0	75	68
data\source\npc\wuqi\w1351_shenghuo_kuangchu.mesh	OK	4692	116	100	1	2320	96	1	0	0	116	100
data\source\npc\wuqi\w1351_shenghuo_yugan.mesh	OK	1312	25	22	1	500	96	1	0	0	25	22
data\source\npc\wuqi\w1351_shimen_huoba001\w1351_shimen_huoba001.mesh	OK	1756	34	64	1	680	0	1	0	0	34	64
data\source\npc\wuqi\w1351_shimen_saozhou001\w1351_shimen_saozhou001.mesh	OK	5844	131	212	1	2620	96	1	0	0	131	212
data\source\npc\wuqi\w1351_wuqi_dayanyunzhang\w1351_wuqi_dayanyunzhang.mesh	OK	11684	270	344	1	6088	8	1	1	0	270	344
data\source\npc\wuqi\w1351_wuqi_dique\w1351_wuqi_dique.mesh	OK	49364	1177	1426	1	26392	8	1	1	0	1177	1426
data\source\npc\wuqi\w1351_wuqi_t_bihaiyintao.mesh	OK	27100	733	512	1	14660	288	1	0	0	733	512
data\source\npc\wuqi\w1351_wuqi_t_chiyanjiulongdao\w1351_wuqi_t_chiyanjiulongdao.mesh	OK	81204	1984	2178	1	44036	8	0	0	44036	0	2178
data\source\npc\wuqi\w1351_wuqi_t_chiyanjiuwen.mesh	OK	16256	375	662	1	7500	0	1	0	0	375	662
data\source\npc\wuqi\w1351_wuqi_t_dahanhonggang.mesh	OK	14108	327	560	1	6540	0	1	0	0	327	560
data\source\npc\wuqi\w1351_wuqi_t_dajinxinghen.mesh	OK	11536	283	366	1	5660	0	1	0	0	283	366
data\source\npc\wuqi\w1351_wuqi_t_damoyitan\w1351_wuqi_t_damoyitan.mesh	OK	167844	4003	4932	1	89924	8	0	0	89924	0	4932
data\source\npc\wuqi\w1351_wuqi_t_danduan_0101.mesh	OK	3788	90	104	1	1800	0	1	0	0	90	104
data\source\npc\wuqi\w1351_wuqi_t_danduan_0102\w1351_wuqi_t_danduan_0102.mesh	OK	8136	149	190	1	2980	1944	1	0	0	149	190
data\source\npc\wuqi\w1351_wuqi_t_danduan_0103\w1351_wuqi_t_danduan_0103.mesh	OK	9104	175	178	1	3500	2152	1	0	0	175	178
data\source\npc\wuqi\w1351_wuqi_t_danduan_0104\w1351_wuqi_t_danduan_0104.mesh	OK	12860	238	312	1	4760	3088	1	0	0	238	312
data\source\npc\wuqi\w1351_wuqi_t_danduan_0105.mesh	OK	4280	99	138	1	1980	0	1	0	0	99	138
data\source\npc\wuqi\w1351_wuqi_t_danduan_0106.mesh	OK	8168	204	226	1	4080	0	1	0	0	204	226
data\source\npc\wuqi\w1351_wuqi_t_danduan_0201\w1351_wuqi_t_danduan_0201.mesh	OK	5210	129	133	1	2580	0	1	0	0	129	133
data\source\npc\wuqi\w1351_wuqi_t_danduan_0204.mesh	OK	4060	97	112	1	1940	0	1	0	0	97	112
data\source\npc\wuqi\w1351_wuqi_t_danduan_0205.mesh	OK	3268	73	92	1	1460	96	1	0	0	73	92
data\source\npc\wuqi\w1351_wuqi_t_danduan_0206.mesh	OK	3584	84	102	1	1680	0	1	0	0	84	102
data\source\npc\wuqi\w1351_wuqi_t_danduan_0207.mesh	OK	8812	217	264	1	4340	0	1	0	0	217	264
data\source\npc\wuqi\w1351_wuqi_t_danduan_0208.mesh	OK	4844	111	168	1	2220	0	1	0	0	111	168
data\source\npc\wuqi\w1351_wuqi_t_daofu_0101.mesh	OK	8478	218	203	1	4360	0	1	0	0	218	203
data\source\npc\wuqi\w1351_wuqi_t_daofu_0102.mesh	OK	8420	198	300	1	3960	0	1	0	0	198	300
data\source\npc\wuqi\w1351_wuqi_t_daofu_0103\w1351_wuqi_t_daofu_0103.mesh	OK	11180	224	180	1	4840	2288	1	1	0	224	180
data\source\npc\wuqi\w1351_wuqi_t_daofu_0104\w1351_wuqi_t_daofu_0104.mesh	OK	12774	245	299	1	4900	2856	1	0	0	245	299
data\source\npc\wuqi\w1351_wuqi_t_daofu_0105.mesh	OK	13696	310	582	1	6200	0	1	0	0	310	582
data\source\npc\wuqi\w1351_wuqi_t_daofu_0106\w1351_wuqi_t_daofu_0106.mesh	OK	20308	357	356	1	7140	6464	1	0	0	357	356
data\source\npc\wuqi\w1351_wuqi_t_daofu_0204.mesh	OK	7048	184	146	1	3680	0	1	0	0	184	146
data\source\npc\wuqi\w1351_wuqi_t_daofu_0205.mesh	OK	9620	231	324	1	4620	0	1	0	0	231	324
data\source\npc\wuqi\w1351_wuqi_t_daofu_0206.mesh	OK	9864	263	194	1	5260	0	1	0	0	263	194
data\source\npc\wuqi\w1351_wuqi_t_daofu_0207.mesh	OK	6300	155	176	1	3100	0	1	0	0	155	176
data\source\npc\wuqi\w1351_wuqi_t_daofu_0208.mesh	OK	8204	204	232	1	4080	0	1	0	0	204	232
data\source\npc\wuqi\w1351_wuqi_t_daofu_0209.mesh	OK	13708	346	392	1	6920	0	1	0	0	346	392
data\source\npc\wuqi\w1351_wuqi_t_daqinfengdi.mesh	OK	35844	839	1452	1	16780	0	1	0	0	839	1452
data\source\npc\wuqi\w1351_wuqi_t_dashangchenying.mesh	OK	9588	245	244	1	4900	0	1	0	0	245	244
data\source\npc\wuqi\w1351_wuqi_t_dasongjuncen.mesh	OK	22720	526	934	1	10520	0	1	0	0	526	934
data\source\npc\wuqi\w1351_wuqi_t_dasuiningshui.mesh	OK	20372	504	660	1	10080	0	1	0	0	504	660
data\source\npc\wuqi\w1351_wuqi_t_datangkunyue.mesh	OK	31260	776	1024	1	15520	0	1	0	0	776	1024
data\source\npc\wuqi\w1351_wuqi_t_daxialongque.mesh	OK	21260	536	636	3	10720	0	1	0	0	536	618+10+8
data\source\npc\wuqi\w1351_wuqi_t_dayantianxuan\w1351_wuqi_t_dayantianxuan.mesh	OK	65876	1606	1774	1	35668	8	0	0	35668	0	1774
data\source\npc\wuqi\w1351_wuqi_t_dayanyunzhang\w1351_wuqi_t_dayanyunzhang.mesh	OK	109764	2648	3092	1	59144	8	1	1	0	2648	3092
data\source\npc\wuqi\w1351_wuqi_t_dazhoulanye.mesh	OK	18356	444	644	1	8880	0	1	0	0	444	644
data\source\npc\wuqi\w1351_wuqi_t_fatianbixiezhang\w1351_wuqi_t_fatianbixiezhang.mesh	OK	111508	2773	2810	1	61080	8	0	0	61080	0	2810
data\source\npc\wuqi\w1351_wuqi_t_hanguangnongying.mesh	OK	15092	357	564	1	7140	0	1	0	0	357	564
data\source\npc\wuqi\w1351_wuqi_t_honghuanglongwu\w1351_wuqi_t_honghuanglongwu.mesh	OK	129524	3233	3222	1	71104	8	1	1	0	3233	3222
data\source\npc\wuqi\w1351_wuqi_t_huan_0101.mesh	OK	4008	95	114	1	1900	0	1	0	0	95	114
data\source\npc\wuqi\w1351_wuqi_t_huan_0102.mesh	OK	5176	127	138	1	2540	0	1	0	0	127	138
data\source\npc\wuqi\w1351_wuqi_t_huan_0103\w1351_wuqi_t_huan_0103.mesh	OK	7168	129	162	1	2580	1784	1	0	0	129	162
data\source\npc\wuqi\w1351_wuqi_t_huan_0104.mesh	OK	5840	141	174	1	2820	0	1	0	0	141	174
data\source\npc\wuqi\w1351_wuqi_t_huan_0105.mesh	OK	5824	133	214	1	2660	0	1	0	0	133	214
data\source\npc\wuqi\w1351_wuqi_t_huan_0106.mesh	OK	5016	119	154	1	2380	0	1	0	0	119	154
data\source\npc\wuqi\w1351_wuqi_t_huan_0107\w1351_wuqi_t_huan_0107.mesh	OK	12460	202	288	1	4040	3984	1	0	0	202	288
data\source\npc\wuqi\w1351_wuqi_t_huan_0108.mesh	OK	8120	189	298	1	3780	0	1	0	0	189	298
data\source\npc\wuqi\w1351_wuqi_t_huan_0204.mesh	OK	4580	102	172	1	2040	0	1	0	0	102	172
data\source\npc\wuqi\w1351_wuqi_t_huan_0205.mesh	OK	5314	136	113	1	2720	0	1	0	0	136	113
data\source\npc\wuqi\w1351_wuqi_t_huan_0206.mesh	OK	4544	108	134	1	2160	0	1	0	0	108	134
data\source\npc\wuqi\w1351_wuqi_t_huan_0207.mesh	OK	6652	166	176	1	3320	0	1	0	0	166	176
data\source\npc\wuqi\w1351_wuqi_t_huan_0208.mesh	OK	3640	85	106	1	1700	0	1	0	0	85	106
data\source\npc\wuqi\w1351_wuqi_t_huan_0209.mesh	OK	6248	153	178	1	3060	0	1	0	0	153	178
data\source\npc\wuqi\w1351_wuqi_t_jiuxiaoyanyang\w1351_wuqi_t_jiuxiaoyanyang.mesh	OK	95812	2312	2692	1	51624	8	1	1	0	2312	2692
data\source\npc\wuqi\w1351_wuqi_t_jiuzhuanlongquanjian\w1351_wuqi_t_jiuzhuanlongquanjian.mesh	OK	112964	2788	2932	1	61624	8	0	0	61624	0	2932
data\source\npc\wuqi\w1351_wuqi_t_jueqinglieyinghuan\w1351_wuqi_t_jueqinglieyinghuan.mesh	OK	98916	2304	3112	1	52304	8	1	1	0	2304	3112
data\source\npc\wuqi\w1351_wuqi_t_jueqinglieyinghuan02\w1351_wuqi_t_jueqinglieyinghuan02.mesh	OK	98916	2304	3112	1	52304	8	1	1	0	2304	3112
data\source\npc\wuqi\w1351_wuqi_t_leiminglihuo.mesh	OK	33228	773	1368	1	15460	0	1	0	0	773	1368
data\source\npc\wuqi\w1351_wuqi_t_liudaohuangquan\w1351_wuqi_t_liudaohuangquan.mesh	OK	51956	1298	1266	1	28492	8	0	0	28492	0	1266
data\source\npc\wuqi\w1351_wuqi_t_miehunlunhuigou\w1351_wuqi_t_miehunlunhuigou.mesh	OK	60260	1478	1584	1	32728	8	0	0	32728	0	1584
data\source\npc\wuqi\w1351_wuqi_t_qiangbang_0101.mesh	OK	5340	131	144	1	2620	0	1	0	0	131	144
data\source\npc\wuqi\w1351_wuqi_t_qiangbang_0102.mesh	OK	8244	203	244	1	4060	0	1	0	0	203	244
data\source\npc\wuqi\w1351_wuqi_t_qiangbang_0103\w1351_wuqi_t_qiangbang_0103.mesh	OK	14220	260	380	1	5960	2576	1	1	0	260	380
data\source\npc\wuqi\w1351_wuqi_t_qiangbang_0104\w1351_wuqi_t_qiangbang_0104.mesh	OK	24884	475	672	1	9500	5368	1	0	0	475	672
data\source\npc\wuqi\w1351_wuqi_t_qiangbang_0105.mesh	OK	14388	353	468	1	7060	0	1	0	0	353	468
data\source\npc\wuqi\w1351_wuqi_t_qiangbang_0106\w1351_wuqi_t_qiangbang_0106.mesh	OK	27736	539	622	1	10780	6472	1	0	0	539	622
data\source\npc\wuqi\w1351_wuqi_t_qiangbang_0204.mesh	OK	6212	147	204	1	2940	0	1	0	0	147	204
data\source\npc\wuqi\w1351_wuqi_t_qiangbang_0205.mesh	OK	6424	157	170	1	3140	96	1	0	0	157	170
data\source\npc\wuqi\w1351_wuqi_t_qiangbang_0206.mesh	OK	8024	201	218	1	4020	0	1	0	0	201	218
data\source\npc\wuqi\w1351_wuqi_t_qiangbang_0207.mesh	OK	8676	206	300	1	4120	0	1	0	0	206	300
data\source\npc\wuqi\w1351_wuqi_t_qiangbang_0208.mesh	OK	19128	467	650	1	9340	0	1	0	0	467	650
data\source\npc\wuqi\w1351_wuqi_t_qiushuiwuhen.mesh	OK	15224	351	618	1	7020	0	1	0	0	351	618
data\source\npc\wuqi\w1351_wuqi_t_rongjinluori.mesh	OK	16672	409	550	1	8180	0	1	0	0	409	550
data\source\npc\wuqi\w1351_wuqi_t_shan_0101.mesh	OK	3734	96	63	1	1920	0	1	0	0	96	63
data\source\npc\wuqi\w1351_wuqi_t_shan_0102.mesh	OK	3246	80	67	1	1600	0	1	0	0	80	67
data\source\npc\wuqi\w1351_wuqi_t_shan_0103.mesh	OK	11492	300	268	1	6000	0	1	0	0	300	268
data\source\npc\wuqi\w1351_wuqi_t_shan_0104.mesh	OK	26280	692	642	1	13840	0	1	0	0	692	642
data\source\npc\wuqi\w1351_wuqi_t_shan_0105.mesh	OK	9532	253	192	1	5060	0	1	0	0	253	192
data\source\npc\wuqi\w1351_wuqi_t_shan_0106\w1351_wuqi_t_shan_0106.mesh	OK	19688	420	330	1	8400	3984	1	0	0	420	330
data\source\npc\wuqi\w1351_wuqi_t_shan_0107.mesh	OK	8376	215	202	1	4300	0	1	0	0	215	202
data\source\npc\wuqi\w1351_wuqi_t_shan_0108.mesh	OK	9996	233	376	1	4660	0	1	0	0	233	376
data\source\npc\wuqi\w1351_wuqi_t_shan_0109.mesh	OK	10900	256	404	1	5120	0	1	0	0	256	404
data\source\npc\wuqi\w1351_wuqi_t_shan_0204.mesh	OK	1840	40	46	1	800	0	1	0	0	40	46
data\source\npc\wuqi\w1351_wuqi_t_shan_0205.mesh	OK	2620	61	64	1	1220	0	1	0	0	61	64
data\source\npc\wuqi\w1351_wuqi_t_shan_0206.mesh	OK	3232	80	64	2	1600	0	1	0	0	80	63+1
data\source\npc\wuqi\w1351_wuqi_t_shan_0207.mesh	OK	4552	112	114	1	2240	0	1	0	0	112	114
data\source\npc\wuqi\w1351_wuqi_t_shan_0208.mesh	OK	5836	133	216	1	2660	0	1	0	0	133	216
data\source\npc\wuqi\w1351_wuqi_t_shan_0209\w1351_wuqi_t_shan_0209.mesh	OK	22172	405	304	1	8100	7104	1	0	0	405	304
data\source\npc\wuqi\w1351_wuqi_t_shan_0301.mesh	OK	1316	24	44	1	480	0	1	0	0	24	44
data\source\npc\wuqi\w1351_wuqi_t_shan_0302.mesh	OK	5328	122	190	1	2440	0	1	0	0	122	190
data\source\npc\wuqi\w1351_wuqi_t_shuangduan_0101.mesh	OK	6448	157	190	1	3140	0	1	0	0	157	190
data\source\npc\wuqi\w1351_wuqi_t_shuangduan_0102.mesh	OK	3836	84	144	1	1680	0	1	0	0	84	144
data\source\npc\wuqi\w1351_wuqi_t_shuangduan_0103.mesh	OK	4424	105	130	1	2100	0	1	0	0	105	130
data\source\npc\wuqi\w1351_wuqi_t_shuangduan_0104\w1351_wuqi_t_shuangduan_0104.mesh	OK	10064	185	206	1	3700	2624	1	0	0	185	206
data\source\npc\wuqi\w1351_wuqi_t_shuangduan_0105\w1351_wuqi_t_shuangduan_0105.mesh	OK	6016	105	130	1	2100	1592	1	0	0	105	130
data\source\npc\wuqi\w1351_wuqi_t_shuangduan_0204.mesh	OK	3172	70	108	1	1400	0	1	0	0	70	108
data\source\npc\wuqi\w1351_wuqi_t_shuangduan_0205.mesh	OK	5356	117	166	1	2672	0	1	1	0	117	166
data\source\npc\wuqi\w1351_wuqi_t_shuangduan_0206.mesh	OK	8104	193	274	1	3860	0	1	0	0	193	274
data\source\npc\wuqi\w1351_wuqi_t_shuangduan_0209.mesh	OK	6916	175	172	1	3500	0	1	0	0	175	172
data\source\npc\wuqi\w1351_wuqi_t_shuangduan_0210.mesh	OK	3836	84	144	1	1680	0	1	0	0	84	144
data\source\npc\wuqi\w1351_wuqi_t_suiqingwuying.mesh	OK	17596	406	720	1	8120	0	1	0	0	406	720
data\source\npc\wuqi\w1351_wuqi_t_taigupiaoling\w1351_wuqi_t_taigupiaoling.mesh	OK	65492	1531	2026	1	34672	8	0	0	34672	0	2026
data\source\npc\wuqi\w1351_wuqi_t_tianguangliuyingjian\w1351_wuqi_t_tianguangliuyingjian.mesh	OK	60356	1489	1552	1	32884	8	0	0	32884	0	1552
data\source\npc\wuqi\w1351_wuqi_t_tianleizhenhuoshan\w1351_wuqi_t_tianleizhenhuoshan.mesh	OK	150868	3766	3758	1	82836	8	1	1	0	3766	3758
data\source\npc\wuqi\w1351_wuqi_t_tianxingyaoyang.mesh	OK	24052	604	740	1	12080	0	1	0	0	604	740
data\source\npc\wuqi\w1351_wuqi_t_wangyouxiaohunqiang\w1351_wuqi_t_wangyouxiaohunqiang.mesh	OK	101700	2583	2344	1	56348	8	0	0	56348	0	2344
data\source\npc\wuqi\w1351_wuqi_t_wanhesongfeng.mesh	OK	40012	916	1736	1	18320	0	1	0	0	916	1736
data\source\npc\wuqi\w1351_wuqi_t_wanrenlongyuan.mesh	OK	14260	352	452	1	7040	0	1	0	0	352	452
data\source\npc\wuqi\w1351_wuqi_t_wanshikurong\w1351_wuqi_t_wanshikurong.mesh	OK	109668	2678	2960	1	59480	8	0	0	59480	0	2960
data\source\npc\wuqi\w1351_wuqi_t_wanshikurong02\w1351_wuqi_t_wanshikurong02.mesh	OK	109668	2678	2960	1	59480	8	0	0	59480	0	2960
data\source\npc\wuqi\w1351_wuqi_t_wuxiangjuezong\w1351_wuqi_t_wuxiangjuezong.mesh	OK	104452	2680	2300	1	58200	8	0	0	58200	0	2300
data\source\npc\wuqi\w1351_wuqi_t_wuxiangjuezong02\w1351_wuqi_t_wuxiangjuezong02.mesh	OK	104452	2680	2300	1	58200	8	0	0	58200	0	2300
data\source\npc\wuqi\w1351_wuqi_t_xingyiwuhengjian\w1351_wuqi_t_xingyiwuhengjian.mesh	OK	109156	2657	2980	1	59100	8	1	1	0	2657	2980
data\source\npc\wuqi\w1351_wuqi_t_xingyunjurihuan\w1351_wuqi_t_xingyunjurihuan.mesh	OK	64484	1508	1992	1	34144	8	0	0	34144	0	1992
data\source\npc\wuqi\w1351_wuqi_t_xingyunjurihuan02\w1351_wuqi_t_xingyunjurihuan02.mesh	OK	64484	1508	1992	1	34144	8	0	0	34144	0	1992
data\source\npc\wuqi\w1351_wuqi_t_yitianchangsheng\w1351_wuqi_t_yitianchangsheng.mesh	OK	53796	1242	1720	1	28280	8	0	0	28280	0	1720
data\source\npc\wuqi\w1351_wuqi_t_yitianpoxie.mesh	OK	38460	980	1120	1	19600	96	1	0	0	980	1120
data\source\npc\wuqi\w1351_wuqi_t_zhanyouwangchou.mesh	OK	20976	530	622	1	10600	0	1	0	0	530	622
data\source\npc\wuqi\w1351_wuqi_t_zhuanhunmiepo.mesh	OK	15416	384	474	1	7680	0	1	0	0	384	474
data\source\npc\wuqi\w1351_wuqi_xinyiwuhengjian\w1351_wuqi_xinyiwuhengjian.mesh	OK	6948	150	232	1	3464	8	1	1	0	150	232
data\source\npc\wuqi\w1351_wuqi_xuanjidouquejian\w1351_wuqi_xuanjidouquejian.mesh	OK	85140	2204	1790	1	47660	8	1	1	0	2204	1790
data\source\player\w1351_nan\w1351_nan_lian\w1351_nan_kong.mesh	OK	580	8	4	1	168	8	0	0	168	0	4
data\source\player\w1351_nan\w1351_nan_lian\w1351_nan_t_lian_chushi_001.mesh	OK	72192	704	1139	1	16358	40268	0	0	7910	704	1139
data\source\player\w1351_nan\w1351_nan_lian\w1351_nan_t_lian_chushi_002.mesh	OK	71088	681	1116	1	15852	40084	1	1	0	681	1116
data\source\player\w1351_nan\w1351_nan_lian\w1351_nan_t_lian_chushi_003.mesh	OK	71632	691	1134	1	16088	40164	1	1	0	691	1134
data\source\player\w1351_nan\w1351_nan_lian\w1351_nan_t_lian_chushi_004.mesh	OK	70896	677	1112	1	15764	40052	1	1	0	677	1112
data\source\player\w1351_nan\w1351_nan_lian\w1351_nan_t_lian_chushi_005.mesh	OK	71200	683	1120	1	15900	40100	1	1	0	683	1120
data\source\player\w1351_nan\w1351_nan_lian\w1351_nan_t_lian_chushi_009.mesh	OK	71184	683	1118	1	15896	40100	1	1	0	683	1118
data\source\player\w1351_nan\w1351_nan_lian\w1351_nan_t_lian_chushi_017.mesh	OK	71192	684	1114	1	15908	40108	1	1	0	684	1114
data\source\player\w1351_nan\w1351_nan_lian\w1351_nan_t_lian_qzly.mesh	OK	72712	712	1164	1	16568	40332	1	1	0	712	1164
data\source\player\w1351_nan\w1351_nan_lian\w1351_nan_t_lian_txfh.mesh	OK	72736	711	1172	1	16564	40324	1	1	0	711	1172
data\source\player\w1351_nan\w1351_nan_shoutao\w1351_nan_t_shoutao_mushuishoutao_0801.mesh	OK	42744	148	172	1	3304	36348	1	1	0	148	172
data\source\player\w1351_nan\w1351_nan_shoutao\w1351_nan_t_shoutao_shengtianshoutao_1501.mesh	OK	44200	178	200	1	3960	36620	1	1	0	178	200
data\source\player\w1351_nan\w1351_nan_shoutao\w1351_nan_t_shoutao_shilinshoutao_1801.mesh	OK	46472	230	246	1	5092	36860	1	1	0	230	246
data\source\player\w1351_nan\w1351_nan_shoutao\w1351_nan_t_shoutao_xinshoutao1.mesh	OK	63672	526	720	1	11960	40796	1	1	0	526	720
data\source\player\w1351_nan\w1351_nan_shoutao\w1351_nan_t_shoutao_xinshoutao2.mesh	OK	60232	468	616	1	10592	40044	1	1	0	468	616
data\source\player\w1351_nan\w1351_nan_shoutao\w1351_nan_t_shoutao_xinshoutao3.mesh	OK	63936	537	684	1	12108	40996	1	1	0	537	684
data\source\player\w1351_nan\w1351_nan_shoutao\w1351_nan_t_shoutao_xuanposhoutao_1701.mesh	OK	47520	250	236	1	5472	37348	1	1	0	250	236
data\source\player\w1351_nan\w1351_nan_toufa\w1351_nan_s_toufa_emrmdz.mesh	OK	70060	660	812	2	14824	42156	1	1	0	660	667+145
data\source\player\w1351_nan\w1351_nan_toufa\w1351_nan_s_toufa_gbrmdz.mesh	OK	80060	811	1023	2	18266	45636	0	0	8534	811	872+151
data\source\player\w1351_nan\w1351_nan_toufa\w1351_nan_s_toufa_mjrmdz.mesh	OK	67828	596	832	2	13584	41812	1	1	0	596	769+63
data\source\player\w1351_nan\w1351_nan_toufa\w1351_nan_s_toufa_mrrmdz.mesh	OK	82132	875	1082	2	19664	45188	1	1	0	875	907+175
data\source\player\w1351_nan\w1351_nan_toufa\w1351_nan_s_toufa_new_slrmdz.mesh	OK	48408	269	346	1	6072	36748	1	1	0	269	346
data\source\player\w1351_nan\w1351_nan_toufa\w1351_nan_s_toufa_new_tsrmdz.mesh	OK	136264	1965	2433	1	44166	53636	0	0	20586	1965	2433
data\source\player\w1351_nan\w1351_nan_toufa\w1351_nan_s_toufa_slrmdz.mesh	OK	44084	174	282	2	4044	35972	1	1	0	174	274+8
data\source\player\w1351_nan\w1351_nan_toufa\w1351_nan_s_toufa_tlrmdz.mesh	OK	82820	872	1052	2	19544	46212	1	1	0	872	957+95
data\source\player\w1351_nan\w1351_nan_toufa\w1351_nan_s_toufa_tsrmdz.mesh	OK	71148	696	863	2	15646	41684	0	0	7294	696	793+70
data\source\player\w1351_nan\w1351_nan_toufa\w1351_nan_s_toufa_txfh_moreng.mesh	OK	98424	1214	1491	3	27262	47356	0	0	12694	1214	1153+212+126
data\source\player\w1351_nan\w1351_nan_toufa\w1351_nan_s_toufa_wdrmdz.mesh	OK	81412	867	1069	2	19478	44828	0	0	9074	867	917+152
data\source\player\w1351_nan\w1351_nan_toufa\w1351_nan_s_toufa_xxrmdz.mesh	OK	79376	830	1006	3	18612	44476	1	1	0	830	866+96+44
data\source\player\w1351_nan\w1351_nan_toufa\w1351_nan_s_toufa_xyrmdz.mesh	OK	85028	917	1236	2	20812	45508	1	1	0	917	1187+49
data\source\player\w1351_nan\w1351_nan_toufa\w1351_nan_t_toufa_chushi_001.mesh	OK	83764	880	1287	2	20174	45020	0	0	9614	880	1136+151
data\source\player\w1351_nan\w1351_nan_toufa\w1351_nan_t_toufa_chushi_002.mesh	OK	100676	1188	1535	2	26830	50092	0	0	12574	1188	1351+184
data\source\player\w1351_nan\w1351_nan_toufa\w1351_nan_t_toufa_chushi_003.mesh	OK	92020	1085	1303	2	24306	46588	0	0	11286	1085	1146+157
data\source\player\w1351_nan\w1351_nan_toufa\w1351_nan_t_toufa_chushi_006.mesh	OK	70180	634	867	2	14414	42668	0	0	6806	634	790+77
data\source\player\w1351_nan\w1351_nan_toufa\w1351_nan_t_toufa_chushi_020.mesh	OK	64500	542	731	2	12302	41020	0	0	5798	542	553+178
data\source\player\w1351_nan\w1351_nan_toufa\w1351_nan_t_toufa_chushi_029.mesh	OK	112772	1415	1886	2	32072	52116	1	1	0	1415	1630+256
data\source\player\w1351_nan\w1351_nan_toufa\w1351_nan_t_toufa_chushi_030.mesh	OK	101780	1214	1644	2	27568	49492	1	1	0	1214	1377+267
data\source\player\w1351_nan\w1351_nan_xiezi\w1351_nan_t_xiezi_shengtianxie_1501.mesh	OK	41816	128	196	1	2952	35868	1	1	0	128	196
data\source\player\w1351_nan\w1351_nan_xiezi\w1351_nan_t_xiezi_shilinxie_1801.mesh	OK	42816	150	176	1	3352	36324	1	1	0	150	176
data\source\player\w1351_nan\w1351_nan_xiezi\w1351_nan_t_xiezi_xinshoutao1.mesh	OK	50120	286	392	1	6504	37548	1	1	0	286	392
data\source\player\w1351_nan\w1351_nan_xiezi\w1351_nan_t_xiezi_xinshoutao2.mesh	OK	59808	492	576	1	10992	39172	1	1	0	492	576
data\source\player\w1351_nan\w1351_nan_xiezi\w1351_nan_t_xiezi_xinshoutao3.mesh	OK	44408	186	200	1	4120	36572	1	1	0	186	200
data\source\player\w1351_nan\w1351_nan_xiezi\w1351_nan_t_xiezi_xuanpoxie_1701.mesh	OK	42936	158	176	1	3512	36188	1	1	0	158	176
data\source\player\w1351_nan\w1351_nan_xiezi\w1351_nan_t_xiezi_xuanyunxie_2202.mesh	OK	41120	120	144	1	2688	35844	1	1	0	120	144
data\source\player\w1351_nan\w1351_nan_yifu\w1351_nan_s_duanyuyuyan_001.mesh	OK	82904	793	1054	1	17968	48812	1	1	0	793	1054
data\source\player\w1351_nan\w1351_nan_yifu\w1351_nan_s_feilongchengfeng_001.mesh	OK	148240	2049	2717	1	46414	60652	0	0	21826	2049	2717
data\source\player\w1351_nan\w1351_nan_yifu\w1351_nan_s_fenmorensheng_001.mesh	OK	108472	1432	1438	1	31516	50860	1	1	0	1432	1438
data\source\player\w1351_nan\w1351_nan_yifu\w1351_nan_s_huangjinzhanjia_001.mesh	OK	90520	978	1324	1	22208	48348	1	1	0	978	1324
data\source\player\w1351_nan\w1351_nan_yifu\w1351_nan_s_jiehunlifu_001.mesh	OK	84464	892	1114	1	20068	46724	0	0	20068	0	1114
data\source\player\w1351_nan\w1351_nan_yifu\w1351_nan_s_kulouzhanjia_001.mesh	OK	104912	1310	1562	1	29324	50212	1	1	0	1310	1562
data\source\player\w1351_nan\w1351_nan_yifu\w1351_nan_s_moyuqianyou_001.mesh	OK	162968	2430	2756	1	54112	62876	1	1	0	2430	2756
data\source\player\w1351_nan\w1351_nan_yifu\w1351_nan_s_shediaoyingxiong_001.mesh	OK	110784	1236	1638	1	27996	57844	1	1	0	1236	1638
data\source\player\w1351_nan\w1351_nan_yifu\w1351_nan_s_shukuanganxiang_001.mesh	OK	89304	971	1328	1	22076	47324	1	1	0	971	1328
data\source\player\w1351_nan\w1351_nan_yifu\w1351_nan_s_wanziqianhong_001.mesh	OK	80488	801	1090	1	18200	45852	1	1	0	801	1090
data\source\player\w1351_nan\w1351_nan_yifu\w1351_nan_s_xuesezhanjia_001.mesh	OK	89072	929	1290	1	21160	48740	1	1	0	929	1290
data\source\player\w1351_nan\w1351_nan_yifu\w1351_nan_s_yifu_baidonggaizhuang.mesh	OK	150896	2046	2842	1	46604	62404	1	1	0	2046	2842
data\source\player\w1351_nan\w1351_nan_yifu\w1351_nan_s_yifu_bimo.mesh	OK	209008	3087	3578	1	68896	81316	1	1	0	3087	3578
data\source\player\w1351_nan\w1351_nan_yifu\w1351_nan_s_yifu_duanyu.mesh	OK	283284	4041	5497	4	91814	109700	0	0	43322	4041	3132+576+301+1488
data\source\player\w1351_nan\w1351_nan_yifu\w1351_nan_s_yifu_emrmdz.mesh	OK	286080	4678	5491	3	104542	92164	0	0	48406	4678	4832+115+544
data\source\player\w1351_nan\w1351_nan_yifu\w1351_nan_s_yifu_gbrmdz.mesh	OK	307036	4569	5453	2	102286	116916	0	0	47458	4569	4739+714
data\source\player\w1351_nan\w1351_nan_yifu\w1351_nan_s_yifu_hexue.mesh	OK	133296	1796	2382	1	40684	56484	1	1	0	1796	2382
data\source\player\w1351_nan\w1351_nan_yifu\w1351_nan_s_yifu_hhxk_jichu.mesh	OK	313820	4625	6150	4	104800	116324	1	1	0	4625	4364+540+540+706
data\source\player\w1351_nan\w1351_nan_yifu\w1351_nan_s_yifu_huanshang.mesh	OK	133728	1814	2396	1	41072	56228	1	1	0	1814	2396
data\source\player\w1351_nan\w1351_nan_yifu\w1351_nan_s_yifu_huohuangshengyi.mesh	OK	145424	1778	2829	1	41218	65612	0	0	19882	1778	2829
data\source\player\w1351_nan\w1351_nan_yifu\w1351_nan_s_yifu_jialuo.mesh	OK	161232	2336	2917	1	52554	62860	0	0	24522	2336	2917
data\source\player\w1351_nan\w1351_nan_yifu\w1351_nan_s_yifu_kongse.mesh	OK	152176	2160	2836	1	48872	60084	1	1	0	2160	2836
data\source\player\w1351_nan\w1351_nan_yifu\w1351_nan_s_yifu_lvqi.mesh	OK	126128	1643	2313	1	37486	54764	0	0	17770	1643	2313
data\source\player\w1351_nan\w1351_nan_yifu\w1351_nan_s_yifu_mjrmdz.mesh	OK	225316	3176	4359	2	72238	88524	0	0	34126	3176	3516+843
data\source\player\w1351_nan\w1351_nan_yifu\w1351_nan_s_yifu_mrrmdz.mesh	OK	269628	3955	4959	2	89018	103108	0	0	41558	3955	4377+582
data\source\player\w1351_nan\w1351_nan_yifu\w1351_nan_s_yifu_murongjianfu.mesh	OK	122656	1472	1988	1	33416	59364	1	1	0	1472	1988
data\source\player\w1351_nan\w1351_nan_yifu\w1351_nan_s_yifu_new_dingchunqiu.mesh	OK	556300	8917	10405	4	199150	187420	0	0	92146	8917	6447+546+2180+1232
data\source\player\w1351_nan\w1351_nan_yifu\w1351_nan_s_yifu_new_duanyanqing.mesh	OK	312176	4846	6589	5	110098	104092	0	0	51946	4846	3906+562+743+1050+328
data\source\player\w1351_nan\w1351_nan_yifu\w1351_nan_s_yifu_new_mjrmdz.mesh	OK	382216	5588	6896	1	125552	147948	1	1	0	5588	6896
data\source\player\w1351_nan\w1351_nan_yifu\w1351_nan_s_yifu_new_slrmdz.mesh	OK	288808	3828	5334	3	87228	123348	1	1	0	3828	335+4879+120
data\source\player\w1351_nan\w1351_nan_yifu\w1351_nan_s_yifu_new_wdrmdz.mesh	OK	255696	3597	5076	1	82092	99700	1	1	0	3597	5076
data\source\player\w1351_nan\w1351_nan_yifu\w1351_nan_s_yifu_qingfengyijiang.mesh	OK	132104	1710	2342	1	38884	58364	1	1	0	1710	2342
data\source\player\w1351_nan\w1351_nan_yifu\w1351_nan_s_yifu_qingzhuliuyun.mesh	OK	318136	4693	6534	3	106928	115396	1	1	0	4693	4037+548+1949
data\source\player\w1351_nan\w1351_nan_yifu\w1351_nan_s_yifu_qiying.mesh	OK	134056	1701	2340	1	38700	60620	1	1	0	1701	2340
data\source\player\w1351_nan\w1351_nan_yifu\w1351_nan_s_yifu_rulaifoyi.mesh	OK	171176	2477	3265	1	56070	65508	0	0	26346	2477	3265
data\source\player\w1351_nan\w1351_nan_yifu\w1351_nan_s_yifu_shengdanpaidui.mesh	OK	221188	3168	3838	2	71036	88820	1	1	0	3168	3820+18
data\source\player\w1351_nan\w1351_nan_yifu\w1351_nan_s_yifu_shenghuo.mesh	OK	108384	1327	1832	1	30204	50980	1	1	0	1327	1832
data\source\player\w1351_nan\w1351_nan_yifu\w1351_nan_s_yifu_shenjianjinzhuang.mesh	OK	107632	1257	1824	1	28788	52532	1	1	0	1257	1824
data\source\player\w1351_nan\w1351_nan_yifu\w1351_nan_s_yifu_slrmdz.mesh	OK	327836	5138	6542	2	115844	110796	1	1	0	5138	5794+748
data\source\player\w1351_nan\w1351_nan_yifu\w1351_nan_s_yifu_tlrmdz.mesh	OK	322884	5234	6012	4	116704	107004	1	1	0	5234	5826+40+80+66
data\source\player\w1351_nan\w1351_nan_yifu\w1351_nan_s_yifu_tsrmdz.mesh	OK	255424	3876	5017	1	87554	90972	0	0	41042	3876	5017
data\source\player\w1351_nan\w1351_nan_yifu\w1351_nan_s_yifu_ttxswq_moren.mesh	OK	279120	4299	5001	1	95982	101260	0	0	44394	4299	5001
data\source\player\w1351_nan\w1351_nan_yifu\w1351_nan_s_yifu_txfh_moreng.mesh	OK	284448	4013	5134	5	90528	114660	1	1	0	4013	4314+150+572+61+37
data\source\player\w1351_nan\w1351_nan_yifu\w1351_nan_s_yifu_wdrmdz.mesh	OK	247924	3669	4808	2	82996	91764	1	1	0	3669	4202+606
data\source\player\w1351_nan\w1351_nan_yifu\w1351_nan_s_yifu_wudujinfu.mesh	OK	134696	1821	2589	1	41598	55428	0	0	19746	1821	2589
data\source\player\w1351_nan\w1351_nan_yifu\w1351_nan_s_yifu_wulinzhizun.mesh	OK	364104	5763	6934	3	129128	123924	1	1	0	5763	4836+1782+316
data\source\player\w1351_nan\w1351_nan_yifu\w1351_nan_s_yifu_xianfeng_001.mesh	OK	556448	9022	11335	5	203110	176764	0	0	94846	9022	5898+989+466+2599+1383
data\source\player\w1351_nan\w1351_nan_yifu\w1351_nan_s_yifu_xianlvqiyuan_001.mesh	OK	125872	1561	2003	1	35226	59612	0	0	16494	1561	2003
data\source\player\w1351_nan\w1351_nan_yifu\w1351_nan_s_yifu_xiaoyaojinyi.mesh	OK	135264	1769	2807	1	40994	55916	0	0	19766	1769	2807
data\source\player\w1351_nan\w1351_nan_yifu\w1351_nan_s_yifu_xieyan.mesh	OK	202528	3027	3918	1	68376	74036	1	1	0	3027	3918
data\source\player\w1351_nan\w1351_nan_yifu\w1351_nan_s_yifu_xiongluo.mesh	OK	140200	1963	2328	1	43916	58476	1	1	0	1963	2328
data\source\player\w1351_nan\w1351_nan_yifu\w1351_nan_s_yifu_xlqy_qingshuang.mesh	OK	289832	4511	4684	1	99588	107724	1	1	0	4511	4684
data\source\player\w1351_nan\w1351_nan_yifu\w1351_nan_s_yifu_xuancang.mesh	OK	168368	2256	2926	1	50972	72484	1	1	0	2256	2926
data\source\player\w1351_nan\w1351_nan_yifu\w1351_nan_s_yifu_xueyushuangyi_001.mesh	OK	124192	1601	2072	1	36164	56100	1	1	0	1601	2072
data\source\player\w1351_nan\w1351_nan_yifu\w1351_nan_s_yifu_xxrmdz.mesh	OK	270512	4120	5023	3	92446	98196	0	0	43006	4120	4179+184+660
data\source\player\w1351_nan\w1351_nan_yifu\w1351_nan_s_yifu_xyrmdz.mesh	OK	198648	2899	3505	3	64990	77548	0	0	30202	2899	2589+346+570
data\source\player\w1351_nan\w1351_nan_yifu\w1351_nan_s_yifu_xyxl_moren.mesh	OK	247672	3424	4437	3	77354	102316	0	0	36266	3424	3978+281+178
data\source\player\w1351_nan\w1351_nan_yifu\w1351_nan_s_yifu_yangxiao.mesh	OK	150960	2037	2602	1	45944	64676	1	1	0	2037	2602
data\source\player\w1351_nan\w1351_nan_yifu\w1351_nan_s_yifu_ysym_moren.mesh	OK	368676	5507	7093	6	124326	135404	0	0	58242	5507	4034+102+330+580+1137+910
data\source\player\w1351_nan\w1351_nan_yifu\w1351_nan_s_yifu_yszm_moreng.mesh	OK	308372	5021	6458	4	113336	95740	1	1	0	5021	4697+1083+112+566
data\source\player\w1351_nan\w1351_nan_yifu\w1351_nan_s_yifu_yunvhuafu.mesh	OK	127400	1682	2216	1	38072	55564	1	1	0	1682	2216
data\source\player\w1351_nan\w1351_nan_yifu\w1351_nan_s_yifu_yuxudaoyi.mesh	OK	130864	1746	2404	1	39728	55476	1	1	0	1746	2404
data\source\player\w1351_nan\w1351_nan_yifu\w1351_nan_s_yifu_zhongshilifu.mesh	OK	538264	8886	6813	5	191346	199108	0	0	84714	8886	3403+336+568+1325+1181
data\source\player\w1351_nan\w1351_nan_yifu\w1351_nan_s_yifu_zuiyi.mesh	OK	198056	2984	3506	1	66692	74236	1	1	0	2984	3506
data\source\player\w1351_nan\w1351_nan_yifu\w1351_nan_s_yuyuqinchou_001.mesh	OK	207016	3119	3908	3	70196	75652	1	1	0	3119	2430+739+739
data\source\player\w1351_nan\w1351_nan_yifu\w1351_nan_s_zimohongchen_001.mesh	OK	101112	1111	1460	1	25140	53596	1	1	0	1111	1460
data\source\player\w1351_nan\w1351_nan_yifu\w1351_nan_t_yifu_cubuyi_0102.mesh	OK	57968	401	550	1	9120	40452	1	1	0	401	550
data\source\player\w1351_nan\w1351_nan_yifu\w1351_nan_t_yifu_shengtianyi_1501.mesh	OK	82352	827	1094	1	18728	46852	1	1	0	827	1094
data\source\player\w1351_nan\w1351_nan_yifu\w1351_nan_t_yifu_shilinyi_1801.mesh	OK	87960	959	1088	1	21356	48284	1	1	0	959	1088
data\source\player\w1351_nan\w1351_nan_yifu\w1351_nan_t_yifu_xinshoutao1.mesh	OK	97040	1092	1522	1	24884	49636	1	1	0	1092	1522
data\source\player\w1351_nan\w1351_nan_yifu\w1351_nan_t_yifu_xinshoutao2.mesh	OK	105160	1176	1684	1	26888	53772	1	1	0	1176	1684
data\source\player\w1351_nan\w1351_nan_yifu\w1351_nan_t_yifu_xinshoutao3.mesh	OK	100872	1171	1592	1	26604	50380	1	1	0	1171	1592
data\source\player\w1351_nan\w1351_nan_yifu\w1351_nan_t_yifu_xuanpoyi_1701.mesh	OK	74140	697	839	2	15618	44836	0	0	7254	697	737+102
data\source\player\w1351_nv\w1351_nv_lian\w1351_nv_kong.mesh	OK	35452	8	4	1	168	34880	0	0	168	0	4
data\source\player\w1351_nv\w1351_nv_lian\w1351_nv_t_lian_chushi_001.mesh	OK	73844	736	1026	1	16772	41800	1	1	0	736	1026
data\source\player\w1351_nv\w1351_nv_lian\w1351_nv_t_lian_chushi_002.mesh	OK	74068	734	1026	1	16732	42088	1	1	0	734	1026
data\source\player\w1351_nv\w1351_nv_lian\w1351_nv_t_lian_chushi_003.mesh	OK	73820	736	1026	1	16772	41776	1	1	0	736	1026
data\source\player\w1351_nv\w1351_nv_lian\w1351_nv_t_lian_chushi_004.mesh	OK	78044	834	1026	1	18732	42864	1	1	0	834	1026
data\source\player\w1351_nv\w1351_nv_lian\w1351_nv_t_lian_chushi_005.mesh	OK	74044	738	1026	1	16812	41936	1	1	0	738	1026
data\source\player\w1351_nv\w1351_nv_lian\w1351_nv_t_lian_chushi_012.mesh	OK	73820	736	1026	1	16772	41776	1	1	0	736	1026
data\source\player\w1351_nv\w1351_nv_lian\w1351_nv_t_lian_chushi_017.mesh	OK	74116	742	1030	1	16900	41848	1	1	0	742	1030
data\source\player\w1351_nv\w1351_nv_lian\w1351_nv_t_lian_chushi_019.mesh	OK	73756	734	1026	1	16732	41776	1	1	0	734	1026
data\source\player\w1351_nv\w1351_nv_lian\w1351_nv_t_lian_chushi_020.mesh	OK	73780	736	1026	1	16772	41736	1	1	0	736	1026
data\source\player\w1351_nv\w1351_nv_lian\w1351_nv_t_lian_zl.mesh	OK	82348	897	1138	1	20216	44256	1	1	0	897	1138
data\source\player\w1351_nv\w1351_nv_shoutao\w1351_nv_t_shoutao_jinshushoutao_1201.mesh	OK	43052	138	188	1	3136	36848	1	1	0	138	188
data\source\player\w1351_nv\w1351_nv_shoutao\w1351_nv_t_shoutao_mushuishoutao_0801.mesh	OK	42316	130	172	1	2944	36496	1	1	0	130	172
data\source\player\w1351_nv\w1351_nv_shoutao\w1351_nv_t_shoutao_shengtianshoutao_1501.mesh	OK	46604	218	236	1	4832	37456	1	1	0	218	236
data\source\player\w1351_nv\w1351_nv_shoutao\w1351_nv_t_shoutao_shilinshoutao_1801.mesh	OK	46716	206	272	1	4664	37664	1	1	0	206	272
data\source\player\w1351_nv\w1351_nv_shoutao\w1351_nv_t_shoutao_xinshoutao1.mesh	OK	68460	644	672	1	14224	42192	1	1	0	644	672
data\source\player\w1351_nv\w1351_nv_shoutao\w1351_nv_t_shoutao_xinshoutao2.mesh	OK	59020	412	472	1	9184	41776	1	1	0	412	472
data\source\player\w1351_nv\w1351_nv_shoutao\w1351_nv_t_shoutao_xinshoutao3.mesh	OK	61132	482	568	1	10776	40880	1	1	0	482	568
data\source\player\w1351_nv\w1351_nv_shoutao\w1351_nv_t_shoutao_xuanposhoutao_1701.mesh	OK	46684	208	264	1	4688	37632	1	1	0	208	264
data\source\player\w1351_nv\w1351_nv_toufa\w1351_nv_s_toufa_dls_bai.mesh	OK	101784	1242	1384	4	27608	50672	1	1	0	1242	1050+148+76+110
data\source\player\w1351_nv\w1351_nv_toufa\w1351_nv_s_toufa_emrmdz.mesh	OK	63604	542	724	3	12288	40176	1	1	0	542	670+50+4
data\source\player\w1351_nv\w1351_nv_toufa\w1351_nv_s_toufa_gbrmdz.mesh	OK	104716	1195	1290	3	26480	55864	1	1	0	1195	1161+111+18
data\source\player\w1351_nv\w1351_nv_toufa\w1351_nv_s_toufa_mjrmdz.mesh	OK	82972	882	1052	3	19744	46040	1	1	0	882	893+144+15
data\source\player\w1351_nv\w1351_nv_toufa\w1351_nv_s_toufa_mrrmdz.mesh	OK	90800	1001	1314	2	22648	47968	1	1	0	1001	1220+94
data\source\player\w1351_nv\w1351_nv_toufa\w1351_nv_s_toufa_slrmdz.mesh	OK	82160	824	1063	2	18606	47000	0	0	8718	824	957+106
data\source\player\w1351_nv\w1351_nv_toufa\w1351_nv_s_toufa_tlrmdz.mesh	OK	73712	669	810	2	15000	45536	1	1	0	669	695+115
data\source\player\w1351_nv\w1351_nv_toufa\w1351_nv_s_toufa_tsrmdz.mesh	OK	74036	734	849	3	16378	43464	0	0	7570	734	689+136+24
data\source\player\w1351_nv\w1351_nv_toufa\w1351_nv_s_toufa_wangyuyan.mesh	OK	97128	1171	1326	2	26072	48760	1	1	0	1171	1206+120
data\source\player\w1351_nv\w1351_nv_toufa\w1351_nv_s_toufa_wdrmdz.mesh	OK	88900	1012	1328	3	22896	45600	1	1	0	1012	1108+116+104
data\source\player\w1351_nv\w1351_nv_toufa\w1351_nv_s_toufa_xianlvqiyuan_001.mesh	OK	81696	881	825	2	19270	46616	0	0	8698	881	764+61
data\source\player\w1351_nv\w1351_nv_toufa\w1351_nv_s_toufa_xxrmdz.mesh	OK	76884	719	905	3	16190	46344	0	0	7562	719	774+101+30
data\source\player\w1351_nv\w1351_nv_toufa\w1351_nv_s_toufa_xyrmdz.mesh	OK	87012	931	1211	3	21042	47240	0	0	9870	931	1058+110+43
data\source\player\w1351_nv\w1351_nv_toufa\w1351_nv_t_toufa_chushi_001.mesh	OK	104264	1350	1652	2	30304	47560	1	1	0	1350	1462+190
data\source\player\w1351_nv\w1351_nv_toufa\w1351_nv_t_toufa_chushi_002.mesh	OK	71164	655	858	3	14816	43048	1	1	0	655	652+150+56
data\source\player\w1351_nv\w1351_nv_toufa\w1351_nv_t_toufa_chushi_003.mesh	OK	64960	573	815	2	13090	39816	0	0	6214	573	467+348
data\source\player\w1351_nv\w1351_nv_toufa\w1351_nv_t_toufa_chushi_012.mesh	OK	88476	1021	1282	3	22984	45256	1	1	0	1021	1076+58+148
data\source\player\w1351_nv\w1351_nv_toufa\w1351_nv_t_toufa_chushi_030.mesh	OK	95032	1099	1430	2	24840	48136	1	1	0	1099	1288+142
data\source\player\w1351_nv\w1351_nv_toufa\w1351_nv_t_toufa_chushi_040.mesh	OK	72240	647	900	2	14740	44048	1	1	0	647	756+144
data\source\player\w1351_nv\w1351_nv_xiezi\w1351_nv_t_xiezi_jinshuxie_1201.mesh	OK	42460	140	182	1	3164	36240	1	1	0	140	182
data\source\player\w1351_nv\w1351_nv_xiezi\w1351_nv_t_xiezi_shengtianxie_1501.mesh	OK	45772	200	234	1	4468	37216	1	1	0	200	234
data\source\player\w1351_nv\w1351_nv_xiezi\w1351_nv_t_xiezi_shilinxie_1801.mesh	OK	45172	196	242	1	4404	36680	1	1	0	196	242
data\source\player\w1351_nv\w1351_nv_xiezi\w1351_nv_t_xiezi_xinshoutao1.mesh	OK	54652	376	484	1	8488	38464	1	1	0	376	484
data\source\player\w1351_nv\w1351_nv_xiezi\w1351_nv_t_xiezi_xinshoutao2.mesh	OK	58732	450	560	1	10120	39568	1	1	0	450	560
data\source\player\w1351_nv\w1351_nv_xiezi\w1351_nv_t_xiezi_xinshoutao3.mesh	OK	51628	326	386	1	7292	37824	1	1	0	326	386
data\source\player\w1351_nv\w1351_nv_xiezi\w1351_nv_t_xiezi_xuanpoxie_1701.mesh	OK	43108	150	214	1	3428	36312	1	1	0	150	214
data\source\player\w1351_nv\w1351_nv_xiezi\w1351_nv_t_xiezi_xuanyunxie_2202.mesh	OK	44284	172	216	1	3872	36768	1	1	0	172	216
data\source\player\w1351_nv\w1351_nv_yifu\w1351_nv_s_feilongchengfeng_001.mesh	OK	111580	1425	1766	1	32032	51568	1	1	0	1425	1766
data\source\player\w1351_nv\w1351_nv_yifu\w1351_nv_s_fenmorensheng_001.mesh	OK	115660	1590	1599	1	34998	51704	1	1	0	1590	1599
data\source\player\w1351_nv\w1351_nv_yifu\w1351_nv_s_moyuqianyou_001.mesh	OK	139452	1962	2313	1	43866	57880	0	0	20322	1962	2313
data\source\player\w1351_nv\w1351_nv_yifu\w1351_nv_s_shukuanganxiang_002.mesh	OK	107792	1312	1723	2	29686	51736	0	0	13942	1312	1592+131
data\source\player\w1351_nv\w1351_nv_yifu\w1351_nv_s_yifu_baidonggaizhuang.mesh	OK	156956	2229	2917	1	50414	62008	0	0	23666	2229	2917
data\source\player\w1351_nv\w1351_nv_yifu\w1351_nv_s_yifu_bimo.mesh	OK	166220	2433	3028	1	54716	63856	1	1	0	2433	3028
data\source\player\w1351_nv\w1351_nv_yifu\w1351_nv_s_yifu_bingcha.mesh	OK	127140	1591	2038	1	35896	59640	1	1	0	1591	2038
data\source\player\w1351_nv\w1351_nv_yifu\w1351_nv_s_yifu_emrmdz.mesh	OK	440016	7228	8706	6	161972	138768	1	1	0	7228	5607+300+1002+519+300+978
data\source\player\w1351_nv\w1351_nv_yifu\w1351_nv_s_yifu_gbrmdz.mesh	OK	340668	5468	7317	5	123994	106856	0	0	58378	5468	5162+502+376+368+909
data\source\player\w1351_nv\w1351_nv_yifu\w1351_nv_s_yifu_hexue.mesh	OK	129060	1628	2280	1	37120	58440	1	1	0	1628	2280
data\source\player\w1351_nv\w1351_nv_yifu\w1351_nv_s_yifu_huanshang.mesh	OK	190268	2827	3926	1	64392	68112	1	1	0	2827	3926
data\source\player\w1351_nv\w1351_nv_yifu\w1351_nv_s_yifu_huohuangshengyi.mesh	OK	172092	2391	3233	1	54286	69432	0	0	25594	2391	3233
data\source\player\w1351_nv\w1351_nv_yifu\w1351_nv_s_yifu_kongse.mesh	OK	158476	2280	2700	1	51000	63632	1	1	0	2280	2700
data\source\player\w1351_nv\w1351_nv_yifu\w1351_nv_s_yifu_liuxia.mesh	OK	226708	3588	4102	1	79964	78792	1	1	0	3588	4102
data\source\player\w1351_nv\w1351_nv_yifu\w1351_nv_s_yifu_mjrmdz.mesh	OK	347812	5242	6212	5	117264	130072	1	1	0	5242	3678+1318+154+302+760
data\source\player\w1351_nv\w1351_nv_yifu\w1351_nv_s_yifu_moli.mesh	OK	155980	2191	2962	1	49744	61888	1	1	0	2191	2962
data\source\player\w1351_nv\w1351_nv_yifu\w1351_nv_s_yifu_mrrmdz.mesh	OK	346204	5217	6522	3	117384	126792	1	1	0	5217	5126+496+900
data\source\player\w1351_nv\w1351_nv_yifu\w1351_nv_s_yifu_murongjianfu.mesh	OK	122916	1505	2070	1	34240	57912	1	1	0	1505	2070
data\source\player\w1351_nv\w1351_nv_yifu\w1351_nv_s_yifu_new_kangmin.mesh	OK	341316	5221	6744	7	117908	119984	1	1	0	5221	1435+486+1029+1620+491+757+926
data\source\player\w1351_nv\w1351_nv_yifu\w1351_nv_s_yifu_new_mrrmdz.mesh	OK	260824	3740	5166	2	85132	99528	1	1	0	3740	4606+560
data\source\player\w1351_nv\w1351_nv_yifu\w1351_nv_s_yifu_qingfengyijiang.mesh	OK	164524	2354	2820	1	52720	66352	1	1	0	2354	2820
data\source\player\w1351_nv\w1351_nv_yifu\w1351_nv_s_yifu_qingfengyijiang_shulv.mesh	OK	161932	2311	2792	1	51804	65360	0	0	51804	0	2792
data\source\player\w1351_nv\w1351_nv_yifu\w1351_nv_s_yifu_qiying.mesh	OK	132372	1601	3239	1	38498	54944	0	0	19286	1601	3239
data\source\player\w1351_nv\w1351_nv_yifu\w1351_nv_s_yifu_rulaifoyi.mesh	OK	175036	2417	3405	1	55150	70168	0	0	26146	2417	3405
data\source\player\w1351_nv\w1351_nv_yifu\w1351_nv_s_yifu_shenghuo.mesh	OK	224300	3508	4448	1	79056	76176	1	1	0	3508	4448
data\source\player\w1351_nv\w1351_nv_yifu\w1351_nv_s_yifu_shenjianjinzhuang.mesh	OK	134268	1854	2302	1	41684	56240	1	1	0	1854	2302
data\source\player\w1351_nv\w1351_nv_yifu\w1351_nv_s_yifu_slrmdz.mesh	OK	577232	9581	10079	6	211778	189704	0	0	96806	9581	4680+837+837+837+1632+1256
data\source\player\w1351_nv\w1351_nv_yifu\w1351_nv_s_yifu_tianshansufu.mesh	OK	164004	2297	3092	1	52124	65480	1	1	0	2297	3092
data\source\player\w1351_nv\w1351_nv_yifu\w1351_nv_s_yifu_tlrmdz.mesh	OK	365800	5722	7226	6	128892	124584	1	1	0	5722	5020+336+336+470+336+728
data\source\player\w1351_nv\w1351_nv_yifu\w1351_nv_s_yifu_tsrmdz.mesh	OK	330592	5502	7078	4	124196	97608	1	1	0	5502	4974+1336+506+262
data\source\player\w1351_nv\w1351_nv_yifu\w1351_nv_s_yifu_ttxswq_liuxia.mesh	OK	308764	4643	5876	1	104612	112896	1	1	0	4643	5876
data\source\player\w1351_nv\w1351_nv_yifu\w1351_nv_s_yifu_wangyuyan.mesh	OK	329892	4619	6596	7	105572	129008	1	1	0	4619	1818+884+78+240+1782+303+1491
data\source\player\w1351_nv\w1351_nv_yifu\w1351_nv_s_yifu_wdrmdz.mesh	OK	332336	5163	6776	6	116812	112608	1	1	0	5163	4876+492+124+100+286+898
data\source\player\w1351_nv\w1351_nv_yifu\w1351_nv_s_yifu_wudujinfu.mesh	OK	148724	1985	2960	1	45620	61240	1	1	0	1985	2960
data\source\player\w1351_nv\w1351_nv_yifu\w1351_nv_s_yifu_xianchen.mesh	OK	213076	3301	4304	1	74628	72728	1	1	0	3301	4304
data\source\player\w1351_nv\w1351_nv_yifu\w1351_nv_s_yifu_xiaoyaojinyi.mesh	OK	141348	1897	2698	1	43336	58776	1	1	0	1897	2698
data\source\player\w1351_nv\w1351_nv_yifu\w1351_nv_s_yifu_xinghan.mesh	OK	126060	1593	2258	1	36376	56736	1	1	0	1593	2258
data\source\player\w1351_nv\w1351_nv_yifu\w1351_nv_s_yifu_xiongluo.mesh	OK	149692	2008	2938	1	46036	61648	1	1	0	2008	2938
data\source\player\w1351_nv\w1351_nv_yifu\w1351_nv_s_yifu_xuancang.mesh	OK	142844	1801	2284	1	40588	66656	1	1	0	1801	2284
data\source\player\w1351_nv\w1351_nv_yifu\w1351_nv_s_yifu_xxrmdz.mesh	OK	334624	5225	6660	6	117820	113840	1	1	0	5225	3784+288+248+164+500+1676
data\source\player\w1351_nv\w1351_nv_yifu\w1351_nv_s_yifu_xyrmdz.mesh	OK	346332	5564	6448	7	124176	116392	1	1	0	5564	3958+454+112+300+244+320+1060
data\source\player\w1351_nv\w1351_nv_yifu\w1351_nv_s_yifu_yangxiao.mesh	OK	218156	3426	4278	1	77076	74016	1	1	0	3426	4278
data\source\player\w1351_nv\w1351_nv_yifu\w1351_nv_s_yifu_ysym_moren.mesh	OK	525668	8439	10311	7	189402	172824	0	0	88134	8439	2940+2038+952+343+80+3091+867
data\source\player\w1351_nv\w1351_nv_yifu\w1351_nv_s_yifu_yunvhuafu.mesh	OK	153484	2115	2729	1	47758	63688	0	0	22378	2115	2729
data\source\player\w1351_nv\w1351_nv_yifu\w1351_nv_s_yifu_yuxudaoyi.mesh	OK	122172	1531	2146	1	34912	55728	1	1	0	1531	2146
data\source\player\w1351_nv\w1351_nv_yifu\w1351_nv_s_yuyuqinchou_001.mesh	OK	239548	3546	5265	5	81450	83656	0	0	38898	3546	2718+849+742+214+742
data\source\player\w1351_nv\w1351_nv_yifu\w1351_nv_t_yifu_cubuyi_0102.mesh	OK	64836	522	730	1	11900	42008	1	1	0	522	730
data\source\player\w1351_nv\w1351_nv_yifu\w1351_nv_t_yifu_jinshuyi_1201.mesh	OK	71828	661	812	1	14844	43896	1	1	0	661	812
data\source\player\w1351_nv\w1351_nv_yifu\w1351_nv_t_yifu_shengtianyi_1501.mesh	OK	70420	652	788	1	14616	42968	1	1	0	652	788
data\source\player\w1351_nv\w1351_nv_yifu\w1351_nv_t_yifu_shilinyi_1801.mesh	OK	88564	1001	1300	1	22620	45848	1	1	0	1001	1300
data\source\player\w1351_nv\w1351_nv_yifu\w1351_nv_t_yifu_xinshoutao1.mesh	OK	92540	962	1442	1	22124	49936	1	1	0	962	1442
data\source\player\w1351_nv\w1351_nv_yifu\w1351_nv_t_yifu_xinshoutao2.mesh	OK	137212	1716	2423	1	39166	62632	0	0	18574	1716	2423
data\source\player\w1351_nv\w1351_nv_yifu\w1351_nv_t_yifu_xinshoutao3.mesh	OK	111268	1319	1797	1	29974	54400	0	0	14146	1319	1797
data\source\player\w1351_nv\w1351_nv_yifu\w1351_nv_t_yifu_xuanpoyi_1701.mesh	OK	75748	777	870	1	17280	43640	1	1	0	777	870
mobile_maps_source\w1351_bmy_caocong_001.mesh	OK	8404	175	140	1	5180	0	1	0	1680	175	140
mobile_maps_source\w1351_bmy_jueleicao_001.mesh	OK	29436	488	228	1	21928	0	1	0	12168	488	228
mobile_maps_source\w1351_bmy_laoshugen_001.mesh	OK	30908	594	858	1	18348	0	1	0	6468	594	858
mobile_maps_source\w1351_bmy_shanshi_002.mesh	OK	34748	642	1098	1	20172	0	1	0	7332	642	1098
mobile_maps_source\w1351_bmy_shanshi_003.mesh	OK	54132	1001	1726	1	31480	0	1	0	11460	1001	1726
mobile_maps_source\w1351_bmy_shanshi_005.mesh	OK	56012	1072	1606	1	33228	0	1	0	11788	1072	1606
mobile_maps_source\w1351_bmy_shanshi_006a.mesh	OK	8676	165	224	1	5068	0	1	0	1768	165	224
mobile_maps_source\w1351_bmy_shanshi_008.mesh	OK	176352	3366	5178	2	104604	0	1	0	37284	3366	4222+956
mobile_maps_source\w1351_bmy_shanshi_009.mesh	OK	53336	1064	1311	2	32414	0	0	0	19646	1064	1262+49
mobile_maps_source\w1351_bmy_taijie_001.mesh	OK	9737	191	202	1	5752	197	1	0	1932	191	202
mobile_maps_source\w1351_bmy_yabianshu_001.mesh	OK	240821	4080	1482	2	182484	197	1	0	100884	4080	974+508
mobile_maps_source\w1351_bmy_yabianshu_002.mesh	OK	445365	7537	2851	2	337330	197	1	0	186590	7537	1056+1795
mobile_maps_source\w1351_bmy_yabianshu_003.mesh	OK	317061	5382	1898	2	240604	197	1	0	132964	5382	1220+678
mobile_maps_source\w1351_bmy_yabianshu_004.mesh	OK	172153	2892	1214	3	129676	197	1	0	71836	2892	398+696+120
mobile_maps_source\w1351_bmy_zhuzi_005.mesh	OK	17228	358	328	1	10680	0	1	0	3520	358	328
mobile_maps_source\w1351_bpzd_dashubaoshi_001.mesh	OK	33128	739	409	4	21510	0	0	0	12642	739	138+110+108+53
mobile_maps_source\w1351_bpzd_dasongshuduan_001.mesh	OK	12096	259	180	4	7612	0	1	0	2432	259	97+60+19+4
mobile_maps_source\w1351_bpzd_dasongshujiao_001.mesh	OK	14108	301	222	3	8872	0	1	0	2852	301	134+8+80
mobile_maps_source\w1351_bpzd_gouhuoyuanguo_001.mesh	OK	26500	578	386	3	16956	0	1	0	5396	578	66+194+126
mobile_maps_source\w1351_bpzd_hongcao_001.mesh	OK	1340	24	12	1	696	0	1	0	216	24	12
mobile_maps_source\w1351_bpzd_muzhalanjian_001.mesh	OK	4764	100	60	1	2920	0	1	0	920	100	60
mobile_maps_source\w1351_bpzd_muzhalanwangge_001.mesh	OK	4796	100	64	1	2928	0	1	0	928	100	64
mobile_maps_source\w1351_bpzd_shicaojiazi_001.mesh	OK	18364	393	294	3	11592	0	1	0	3732	393	36+106+152
mobile_maps_source\w1351_bpzd_shugenjiaocao_001.mesh	OK	26192	582	328	2	16952	0	1	0	5312	582	108+220
mobile_maps_source\w1351_bpzd_songshudicha_001.mesh	OK	10692	235	125	3	6830	0	0	0	4010	235	57+12+56
mobile_maps_source\w1351_bpzd_songshuercha_001.mesh	OK	10944	241	127	2	7002	0	0	0	4110	241	63+64
mobile_maps_source\w1351_bpzd_tudi_001.mesh	OK	6724	121	200	1	3788	0	1	0	1368	121	200
mobile_maps_source\w1351_bpzd_wujichenglou_001.mesh	OK	81552	1818	1066	6	53036	0	1	0	16676	1818	68+10+108+586+270+24
mobile_maps_source\w1351_bpzd_wujichenglouqiao_001.mesh	OK	216500	4786	3094	7	140196	0	1	0	44476	4786	1540+24+280+110+24+620+496
mobile_maps_source\w1351_bpzd_wujichengqiang_001.mesh	OK	23252	515	296	1	15012	0	1	0	4712	515	296
mobile_maps_source\w1351_bpzd_wujichengqiangwan_001.mesh	OK	42732	951	551	1	27730	0	0	0	16318	951	551
mobile_maps_source\w1351_bpzd_wujichengqiangxie_001.mesh	OK	27884	618	360	1	18024	0	1	0	5664	618	360
mobile_maps_source\w1351_bpzd_wujidenglong_001.mesh	OK	6396	137	79	1	3994	0	0	0	2350	137	79
mobile_maps_source\w1351_bpzd_xue_001.mesh	OK	516	5	4	1	148	0	1	0	48	5	4
mobile_maps_source\w1351_bpzd_xuekushu_001.mesh	OK	13456	291	191	2	8530	0	0	0	5038	291	63+128
mobile_maps_source\w1351_bpzd_xuekushuwan_001.mesh	OK	17184	380	212	2	11064	0	1	0	3464	380	96+116
mobile_maps_source\w1351_bpzd_xueshuduan_001.mesh	OK	2552	50	33	2	1466	0	0	0	866	50	7+26
mobile_maps_source\w1351_bpzd_xuezhiye_001.mesh	OK	980	15	12	1	444	0	1	0	144	15	12
mobile_maps_source\w1351_bpzd_yijichenglou_001.mesh	OK	107264	2364	1552	2	69296	0	1	0	22016	2364	766+786
mobile_maps_source\w1351_bpzd_yijichengmen_001.mesh	OK	221392	4887	3202	4	143240	0	1	0	45500	4887	1638+1112+116+336
mobile_maps_source\w1351_bpzd_yijichengqiang_001.mesh	OK	75800	1686	1008	4	49224	0	1	0	15504	1686	4+192+296+516
mobile_maps_source\w1351_bpzd_yijichengqiangwan_001.mesh	OK	97444	2166	1314	3	63276	0	1	0	19956	2166	4+914+396
mobile_maps_source\w1351_bpzd_yijichengqiangxie_001.mesh	OK	99016	2204	1320	4	64352	0	1	0	20272	2204	664+412+4+240
mobile_maps_source\w1351_bpzd_yijijiaochang_001.mesh	OK	187484	4168	2558	5	121820	0	1	0	38460	4168	62+376+558+602+960
mobile_maps_source\w1351_bpzd_yijilouti_001.mesh	OK	9124	196	125	1	5738	0	0	0	3386	196	125
mobile_maps_source\w1351_bpzd_yijilouti_002.mesh	OK	11260	248	132	1	7208	0	1	0	2248	248	132
mobile_maps_source\w1351_bpzd_yijilouti_004.mesh	OK	10657	216	192	1	6432	197	1	0	2112	216	192
mobile_maps_source\w1351_bpzd_yijiqiang_001.mesh	OK	3072	62	38	2	1812	0	1	0	572	62	30+8
mobile_maps_source\w1351_bpzd_yijiqiangmian_001.mesh	OK	2624	52	32	2	1520	0	1	0	480	52	18+14
mobile_maps_source\w1351_bpzd_yijiqiangmian_002.mesh	OK	2656	52	36	2	1528	0	1	0	488	52	12+24
mobile_maps_source\w1351_bpzd_yijiqiangtou_001.mesh	OK	4336	90	56	2	2632	0	1	0	832	90	48+8
mobile_maps_source\w1351_bpzd_yijishanghui_001.mesh	OK	139368	3036	2204	4	89416	0	1	0	28696	3036	806+276+4+1118
mobile_maps_source\w1351_bpzd_yijiwufang_001.mesh	OK	249280	5539	3428	4	161948	0	1	0	51168	5539	294+694+1650+790
mobile_maps_source\w1351_bpzd_yijiwuju_001.mesh	OK	81064	1800	1096	4	52592	0	1	0	16592	1800	124+640+176+156
mobile_maps_source\w1351_bpzd_yijixiangfang_001.mesh	OK	56012	1230	814	5	36068	0	1	0	11468	1230	188+158+220+4+244
mobile_maps_source\w1351_bpzd_zhalanmen_001.mesh	OK	15164	324	240	1	9552	0	1	0	3072	324	240
mobile_maps_source\w1351_bzd_baijinta_001.mesh	OK	27516	584	484	1	17320	0	1	0	5640	584	484
mobile_maps_source\w1351_bzd_baitaoguanzi_001.mesh	OK	7692	158	136	1	4696	0	1	0	1536	158	136
mobile_maps_source\w1351_bzd_baitaotanzi_001.mesh	OK	7436	152	134	1	4524	0	1	0	1484	152	134
mobile_maps_source\w1351_bzd_baitaotanzikou_001.mesh	OK	7692	158	136	1	4696	0	1	0	1536	158	136
mobile_maps_source\w1351_bzd_banshansi_001.mesh	OK	45804	997	704	3	29324	0	1	0	9384	997	22+584+98
mobile_maps_source\w1351_bzd_banshansier_001.mesh	OK	75856	1665	1120	4	48860	0	1	0	15560	1665	866+26+40+188
mobile_maps_source\w1351_bzd_banshansiping_001.mesh	OK	149624	3274	2296	4	96264	0	1	0	30784	3274	30+28+2038+200
mobile_maps_source\w1351_bzd_butiaohonglian_001.mesh	OK	1921	24	12	1	1080	197	1	0	600	24	12
mobile_maps_source\w1351_bzd_butiaoyunwen_001.mesh	OK	1921	24	12	1	1080	197	1	0	600	24	12
mobile_maps_source\w1351_bzd_caihuiqiang_001.mesh	OK	7996	174	94	1	5060	0	1	0	1580	174	94
mobile_maps_source\w1351_bzd_caihuiqiangtu_001.mesh	OK	5436	116	64	1	3376	0	1	0	1056	116	64
mobile_maps_source\w1351_bzd_chaguanpengzi_001.mesh	OK	80328	1779	1109	4	52030	0	0	0	30682	1779	505+232+176+196
mobile_maps_source\w1351_bzd_diaoqiao_001.mesh	OK	14448	308	230	2	9084	0	1	0	2924	308	118+112
mobile_maps_source\w1351_bzd_diaoqiaocha_001.mesh	OK	34416	760	466	2	22212	0	1	0	7012	760	62+404
mobile_maps_source\w1351_bzd_diaoqiaolian_001.mesh	OK	15912	339	258	2	10008	0	1	0	3228	339	144+114
mobile_maps_source\w1351_bzd_dzqiangmian4_001.mesh	OK	3025	58	28	1	1680	197	1	0	520	58	28
mobile_maps_source\w1351_bzd_dzqiangmian4_002.mesh	OK	3025	58	28	1	1680	197	1	0	520	58	28
mobile_maps_source\w1351_bzd_dzqiangmian4_003.mesh	OK	5057	104	52	1	3016	197	1	0	936	104	52
mobile_maps_source\w1351_bzd_dzqiangzhuan_002.mesh	OK	2828	58	28	1	1680	0	1	0	520	58	28
mobile_maps_source\w1351_bzd_dzqiangzhuan_003.mesh	OK	4860	104	52	1	3016	0	1	0	936	104	52
mobile_maps_source\w1351_bzd_dzqiangzhuan_004.mesh	OK	1068	18	8	1	520	0	1	0	160	18	8
mobile_maps_source\w1351_bzd_dzshuibo_001.mesh	OK	3780	77	52	1	2260	0	1	0	720	77	52
mobile_maps_source\w1351_bzd_dzsuchang_001.mesh	OK	2294	36	22	1	1052	394	1	0	332	36	22
mobile_maps_source\w1351_bzd_dzsuchang_002.mesh	OK	4502	84	58	1	2468	394	1	0	788	84	58
mobile_maps_source\w1351_bzd_dzsuchang_003.mesh	OK	6710	132	94	1	3884	394	1	0	1244	132	94
mobile_maps_source\w1351_bzd_dztaijie_001.mesh	OK	12700	272	192	1	8000	0	1	0	2560	272	192
mobile_maps_source\w1351_bzd_dztaijiebian_001.mesh	OK	9852	214	126	1	6244	0	1	0	1964	214	126
mobile_maps_source\w1351_bzd_fangzhufowen_001.mesh	OK	5868	126	68	1	3664	0	1	0	1144	126	68
mobile_maps_source\w1351_bzd_fangzhufowencu_001.mesh	OK	5164	110	60	1	3200	0	1	0	1000	110	60
mobile_maps_source\w1351_bzd_fangzhuyuantou_001.mesh	OK	7876	169	104	1	4940	0	1	0	1560	169	104
mobile_maps_source\w1351_bzd_fashitai_001.mesh	OK	39988	890	512	3	25944	0	1	0	8144	890	382+128+2
mobile_maps_source\w1351_bzd_guqintai_001.mesh	OK	14572	314	216	1	9224	0	1	0	2944	314	216
mobile_maps_source\w1351_bzd_heishuicheng_001.mesh	OK	61460	1366	816	3	39880	0	1	0	12560	1366	508+252+56
mobile_maps_source\w1351_bzd_heishuita_001.mesh	OK	16220	344	272	1	10176	0	1	0	3296	344	272
mobile_maps_source\w1351_bzd_hongmuyigui_001.mesh	OK	6140	130	82	1	3804	0	1	0	1204	130	82
mobile_maps_source\w1351_bzd_hongshizhuhulu_001.mesh	OK	10476	220	174	1	6508	0	1	0	2108	220	174
mobile_maps_source\w1351_bzd_hongshizhumogu_001.mesh	OK	11004	234	170	1	6892	0	1	0	2212	234	170
mobile_maps_source\w1351_bzd_hongshizhumuer_001.mesh	OK	15044	322	235	1	9486	0	0	0	5622	322	235
mobile_maps_source\w1351_bzd_huangshizhudaozui_001.mesh	OK	12480	263	209	2	7782	0	0	0	4626	263	44+165
mobile_maps_source\w1351_bzd_huangshizhuqi_001.mesh	OK	6432	135	93	2	3966	0	0	0	2346	135	24+69
mobile_maps_source\w1351_bzd_huangshizhuxiyao_001.mesh	OK	5792	119	93	2	3518	0	0	0	2090	119	24+69
mobile_maps_source\w1351_bzd_huojuhuoba_001.mesh	OK	3716	71	62	1	2112	96	1	0	692	71	62
mobile_maps_source\w1351_bzd_jingkongdianpailou_001.mesh	OK	84348	1879	1112	3	54836	0	1	0	17256	1879	1016+68+28
mobile_maps_source\w1351_bzd_juanzhou_001.mesh	OK	4332	90	56	1	2632	0	1	0	832	90	56
mobile_maps_source\w1351_bzd_kuangche_001.mesh	OK	55900	1232	792	1	36080	0	1	0	11440	1232	792
mobile_maps_source\w1351_bzd_muxiangan_001.mesh	OK	1164	20	10	1	580	0	1	0	180	20	10
mobile_maps_source\w1351_bzd_muyujia_001.mesh	OK	22632	471	438	2	14064	0	1	0	4644	471	258+180
mobile_maps_source\w1351_bzd_muzhufowenxi_001.mesh	OK	9092	191	146	1	5640	0	1	0	1820	191	146
mobile_maps_source\w1351_bzd_pofota_001.mesh	OK	20020	436	287	1	12782	0	0	0	7550	436	287
mobile_maps_source\w1351_bzd_putuan_001.mesh	OK	7044	133	180	1	4084	0	1	0	1424	133	180
mobile_maps_source\w1351_bzd_qiangmenjianhugong_001.mesh	OK	47836	1093	638	2	30604	0	1	0	8744	1093	128+510
mobile_maps_source\w1351_bzd_qiganjiantou_001.mesh	OK	5932	128	66	1	3716	0	1	0	1156	128	66
mobile_maps_source\w1351_bzd_qingmutachuang_001.mesh	OK	14836	323	204	1	9452	0	1	0	2992	323	204
mobile_maps_source\w1351_bzd_qingtongqing_001.mesh	OK	47492	1013	836	1	30036	0	1	0	9776	1013	836
mobile_maps_source\w1351_bzd_qingtouyujia_001.mesh	OK	53276	1140	924	1	33768	0	1	0	10968	1140	924
mobile_maps_source\w1351_bzd_qipan_001.mesh	OK	1164	20	10	1	580	0	1	0	180	20	10
mobile_maps_source\w1351_bzd_shitafo_001.mesh	OK	17532	382	246	1	11188	0	1	0	3548	382	246
mobile_maps_source\w1351_bzd_shugancha_001.mesh	OK	5460	112	87	1	3310	0	0	0	1966	112	87
mobile_maps_source\w1351_bzd_shuganjian_001.mesh	OK	2956	58	44	1	1712	0	1	0	552	58	44
mobile_maps_source\w1351_bzd_shuganlie_001.mesh	OK	4580	89	92	1	2676	0	1	0	896	89	92
mobile_maps_source\w1351_bzd_songmushuzhuo_001.mesh	OK	10024	219	122	2	6376	0	1	0	1996	219	48+74
mobile_maps_source\w1351_bzd_weilandiaohua_001.mesh	OK	3100	64	32	1	1856	0	1	0	576	64	32
mobile_maps_source\w1351_bzd_weilandiaohua_002.mesh	OK	8732	192	96	1	5568	0	1	0	1728	192	96
mobile_maps_source\w1351_bzd_weilandiaohua_003.mesh	OK	2044	40	20	1	1160	0	1	0	360	40	20
mobile_maps_source\w1351_bzd_yanshiwanyao_001.mesh	OK	5140	105	82	1	3104	0	1	0	1004	105	82
mobile_maps_source\w1351_bzd_yanshixi_001.mesh	OK	2100	39	32	1	1156	0	1	0	376	39	32
mobile_maps_source\w1351_bzd_yanshizhudi_001.mesh	OK	9940	206	177	1	6122	0	0	0	3650	206	177
mobile_maps_source\w1351_bzd_yanshizhudiao_001.mesh	OK	11636	245	194	1	7248	0	1	0	2348	245	194
mobile_maps_source\w1351_bzd_yanshizhusan_001.mesh	OK	8900	189	132	1	5556	0	1	0	1776	189	132
mobile_maps_source\w1351_bzd_yanshizhuxisan_001.mesh	OK	10868	231	168	1	6804	0	1	0	2184	231	168
mobile_maps_source\w1351_bzd_yiguitanxiang_001.mesh	OK	10396	226	134	1	6596	0	1	0	2076	226	134
mobile_maps_source\w1351_bzd_yiguiwumu_001.mesh	OK	4332	92	46	1	2668	0	1	0	828	92	46
mobile_maps_source\w1351_bzd_zhuli_001.mesh	OK	636	8	4	1	232	0	1	0	72	8	4
mobile_maps_source\w1351_bzd_zhuli_002.mesh	OK	636	8	4	1	232	0	1	0	72	8	4
mobile_maps_source\w1351_bzd_zhuli_003.mesh	OK	636	8	4	1	232	0	1	0	72	8	4
mobile_maps_source\w1351_bzd_zhumuqiao_001.mesh	OK	30948	685	408	1	19996	0	1	0	6296	685	408
mobile_maps_source\w1351_cbs_bingshitou_001.mesh	OK	1788	31	33	1	934	0	0	0	562	31	33
mobile_maps_source\w1351_cbs_bingzhusan_001.mesh	OK	4796	96	84	1	2856	0	1	0	936	96	84
mobile_maps_source\w1351_cbs_bingzhusi_001.mesh	OK	5146	107	97	1	2996	0	1	0	856	107	97
mobile_maps_source\w1351_cbs_bingzhuwu_001.mesh	OK	5128	101	134	1	2828	0	1	0	808	101	134
mobile_maps_source\w1351_cbs_canyuanpoqiang_001.mesh	OK	7276	158	84	1	4592	0	1	0	1432	158	84
mobile_maps_source\w1351_cbs_cao_001.mesh	OK	2396	48	24	1	1392	0	1	0	432	48	24
mobile_maps_source\w1351_cbs_caocong_001.mesh	OK	9788	216	108	1	6264	0	1	0	1944	216	108
mobile_maps_source\w1351_cbs_caoduo_001.mesh	OK	6900	145	102	1	4264	0	1	0	1364	145	102
mobile_maps_source\w1351_cbs_caopaifang_001.mesh	OK	22308	491	298	1	14344	0	1	0	4524	491	298
mobile_maps_source\w1351_cbs_caotingzi_001.mesh	OK	14896	326	196	2	9520	0	1	0	3000	326	136+60
mobile_maps_source\w1351_cbs_caoyuanmen_001.mesh	OK	14084	305	200	1	8940	0	1	0	2840	305	200
mobile_maps_source\w1351_cbs_dasongshuduan_001.mesh	OK	12416	276	180	4	7728	0	1	0	2208	276	97+19+60+4
mobile_maps_source\w1351_cbs_dasongshujiao_001.mesh	OK	13504	297	222	3	8316	0	1	0	2376	297	80+8+134
mobile_maps_source\w1351_cbs_fangpengzi_001.mesh	OK	11072	234	178	2	6908	0	1	0	2228	234	136+42
mobile_maps_source\w1351_cbs_fwcaise_001.mesh	OK	33852	750	446	1	21892	0	1	0	6892	750	446
mobile_maps_source\w1351_cbs_fwcaisebanyancong_001.mesh	OK	5104	106	72	2	3112	0	1	0	992	106	70+2
mobile_maps_source\w1351_cbs_fwcaiseerceng_001.mesh	OK	18196	395	264	1	11588	0	1	0	3688	395	264
mobile_maps_source\w1351_cbs_fwcaiseermenzhu_001.mesh	OK	11204	237	180	1	6996	0	1	0	2256	237	180
mobile_maps_source\w1351_cbs_fwcaisewan_001.mesh	OK	19072	410	298	2	12076	0	1	0	3876	410	296+2
mobile_maps_source\w1351_cbs_fwcaopengfeixv_001.mesh	OK	22376	483	346	2	14216	0	1	0	4556	483	344+2
mobile_maps_source\w1351_cbs_fwcemen_001.mesh	OK	21780	476	307	1	13942	0	0	0	8230	476	307
mobile_maps_source\w1351_cbs_fwlieren_001.mesh	OK	19628	425	293	1	12486	0	0	0	7386	425	293
mobile_maps_source\w1351_cbs_fwtiequan_001.mesh	OK	77960	1678	1317	6	49618	0	0	0	29482	1678	91+42+544+48+326+266
mobile_maps_source\w1351_cbs_fwtiequanlian_001.mesh	OK	81792	1766	1356	6	52160	0	1	0	16840	1766	80+52+164+376+140+544
mobile_maps_source\w1351_cbs_fwyanconger_001.mesh	OK	24608	534	370	2	15692	0	1	0	5012	534	368+2
mobile_maps_source\w1351_cbs_fwzhewan_001.mesh	OK	25688	555	400	2	16340	0	1	0	5240	555	398+2
mobile_maps_source\w1351_cbs_gouhuofang_001.mesh	OK	33980	739	516	3	21724	0	1	0	6944	739	136+340+40
mobile_maps_source\w1351_cbs_huozhu_001.mesh	OK	30776	665	486	2	19592	0	1	0	6292	665	122+364
mobile_maps_source\w1351_cbs_jitan_001.mesh	OK	16705	342	318	1	10212	197	1	0	3372	342	318
mobile_maps_source\w1351_cbs_jushi_001.mesh	OK	3892	77	66	1	2288	0	1	0	748	77	66
mobile_maps_source\w1351_cbs_jushibian_001.mesh	OK	2996	60	39	1	1758	0	0	0	1038	60	39
mobile_maps_source\w1351_cbs_jushichang_001.mesh	OK	2620	48	52	1	1448	0	1	0	488	48	52
mobile_maps_source\w1351_cbs_kushubao_001.mesh	OK	3068	60	48	1	1776	0	1	0	576	60	48
mobile_maps_source\w1351_cbs_laolomg_001.mesh	OK	11300	246	146	3	7180	0	1	0	2260	246	32+98+16
mobile_maps_source\w1351_cbs_ludenglong_001.mesh	OK	22964	513	270	1	14904	0	1	0	4644	513	270
mobile_maps_source\w1351_cbs_ludenglonger_001.mesh	OK	19813	323	155	2	14522	197	1	0	8062	323	28+127
mobile_maps_source\w1351_cbs_ludenglongsan_001.mesh	OK	18965	309	147	2	13890	197	1	0	7710	309	15+132
mobile_maps_source\w1351_cbs_mapeng_001.mesh	OK	18924	415	255	1	12130	0	0	0	7150	415	255
mobile_maps_source\w1351_cbs_mapenggaoji_001.mesh	OK	24204	531	335	1	15538	0	0	0	9166	531	335
mobile_maps_source\w1351_cbs_mucai_001.mesh	OK	2256	42	36	2	1248	0	1	0	408	42	30+6
mobile_maps_source\w1351_cbs_mucaidui_001.mesh	OK	11136	240	156	2	7032	0	1	0	2232	240	120+36
mobile_maps_source\w1351_cbs_mupaifang_001.mesh	OK	15324	336	200	1	9808	0	1	0	3088	336	200
mobile_maps_source\w1351_cbs_muqiao_001.mesh	OK	9828	213	128	1	6220	0	1	0	1960	213	128
mobile_maps_source\w1351_cbs_muxiang_001.mesh	OK	3980	84	42	1	2436	0	1	0	756	84	42
mobile_maps_source\w1351_cbs_muzhalan_001.mesh	OK	13724	300	180	1	8760	0	1	0	2760	300	180
mobile_maps_source\w1351_cbs_poshuijin_001.mesh	OK	9644	205	144	3	6028	0	1	0	1928	205	80+24+40
mobile_maps_source\w1351_cbs_qiang_001.mesh	OK	3276	68	34	1	1972	0	1	0	612	68	34
mobile_maps_source\w1351_cbs_qiangjiao_001.mesh	OK	7516	162	94	1	4724	0	1	0	1484	162	94
mobile_maps_source\w1351_cbs_qingtongcao_001.mesh	OK	9788	216	108	1	6264	0	1	0	1944	216	108
mobile_maps_source\w1351_cbs_renshen_001.mesh	OK	3852	78	56	1	2296	0	1	0	736	78	56
mobile_maps_source\w1351_cbs_renshenda_001.mesh	OK	6484	135	100	1	3980	0	1	0	1280	135	100
mobile_maps_source\w1351_cbs_shandong_001.mesh	OK	10968	227	200	2	6756	0	1	0	2216	227	164+36
mobile_maps_source\w1351_cbs_shibeichangbaishan_001.mesh	OK	5668	121	68	1	3524	0	1	0	1104	121	68
mobile_maps_source\w1351_cbs_shimen_001.mesh	OK	25228	541	412	3	15972	0	1	0	5152	541	136+258+18
mobile_maps_source\w1351_cbs_shuigang_001.mesh	OK	2532	45	56	1	1372	0	1	0	472	45	56
mobile_maps_source\w1351_cbs_songshubao_001.mesh	OK	3068	60	48	1	1776	0	1	0	576	60	48
mobile_maps_source\w1351_cbs_songshudicha_001.mesh	OK	10692	235	125	3	6830	0	0	0	4010	235	56+12+57
mobile_maps_source\w1351_cbs_songshuercha_001.mesh	OK	10944	241	127	2	7002	0	0	0	4110	241	64+63
mobile_maps_source\w1351_cbs_songshusancha_001.mesh	OK	8632	189	98	2	5488	0	1	0	1708	189	74+24
mobile_maps_source\w1351_cbs_songshushugan_001.mesh	OK	10092	222	116	1	6448	0	1	0	2008	222	116
mobile_maps_source\w1351_cbs_songshuyabian_001.mesh	OK	8772	191	105	3	5558	0	0	0	3266	191	20+79+6
mobile_maps_source\w1351_cbs_tuichebanche_001.mesh	OK	17077	372	214	2	10844	197	1	0	3404	372	202+12
mobile_maps_source\w1351_cbs_wenshizhu_001.mesh	OK	1932	36	26	1	1060	0	1	0	340	36	26
mobile_maps_source\w1351_cbs_xuekushu_001.mesh	OK	13456	291	191	2	8530	0	0	0	5038	291	128+63
mobile_maps_source\w1351_cbs_xuekushuwan_001.mesh	OK	17184	380	212	2	11064	0	1	0	3464	380	116+96
mobile_maps_source\w1351_cbs_yashizhu_001.mesh	OK	1764	31	30	1	928	0	1	0	308	31	30
mobile_maps_source\w1351_cbs_yingzhang_001.mesh	OK	12068	261	168	1	7644	0	1	0	2424	261	168
mobile_maps_source\w1351_cbs_yingzhang_002.mesh	OK	24092	521	370	3	15328	0	1	0	4908	521	34+61+275
mobile_maps_source\w1351_cbs_zhaiqiang_001.mesh	OK	13784	291	232	2	8612	0	1	0	2792	291	80+152
mobile_maps_source\w1351_cbs_zhaiqiangfang_001.mesh	OK	11984	254	192	2	7496	0	1	0	2416	254	40+152
mobile_maps_source\w1351_cbs_zhaiqianggaoai_001.mesh	OK	12424	261	212	2	7732	0	1	0	2512	261	80+132
mobile_maps_source\w1351_cbs_zhalan_001.mesh	OK	3580	72	52	1	2120	0	1	0	680	72	52
mobile_maps_source\w1351_cbs_zhalandaner_001.mesh	OK	2956	60	34	1	1748	0	1	0	548	60	34
mobile_maps_source\w1351_cbs_zhalaner_001.mesh	OK	3836	80	44	1	2328	0	1	0	728	80	44
mobile_maps_source\w1351_cbs_zhalanerpo_001.mesh	OK	2956	60	34	1	1748	0	1	0	548	60	34
mobile_maps_source\w1351_cbs_zhalanjian_001.mesh	OK	3436	68	54	1	2012	0	1	0	652	68	54
mobile_maps_source\w1351_cbs_zhalanquan_001.mesh	OK	5076	105	74	1	3088	0	1	0	988	105	74
mobile_maps_source\w1351_cbs_zhanche_001.mesh	OK	106284	2337	1564	3	68564	0	1	0	21824	2337	310+66+1188
mobile_maps_source\w1351_ccg_shuiche_001.mesh	OK	576484	12753	8260	1	373604	0	1	0	118544	12753	8260
mobile_maps_source\w1351_chibi_damenranshao_001.mesh	OK	46300	1030	602	1	30044	0	1	0	9444	1030	602
mobile_maps_source\w1351_chibi_huojian_001.mesh	OK	2668	54	28	1	1568	0	1	0	488	54	28
mobile_maps_source\w1351_chibi_muxiangranshao_001.mesh	OK	2748	56	28	1	1624	0	1	0	504	56	28
mobile_maps_source\w1351_chibi_poqizi_001.mesh	OK	7860	163	132	1	4828	0	1	0	1568	163	132
mobile_maps_source\w1351_chibi_shaotaranshao_001.mesh	OK	29044	637	410	1	18656	0	1	0	5916	637	410
mobile_maps_source\w1351_chibi_zhalanpo_001.mesh	OK	13724	298	190	1	8724	0	1	0	2764	298	190
mobile_maps_source\w1351_chibi_zhalanranshao_001.mesh	OK	13404	290	190	1	8500	0	1	0	2700	290	190
mobile_maps_source\w1351_chz_aiqiang_001.mesh	OK	4889	97	66	1	2848	197	1	0	908	97	66
mobile_maps_source\w1351_chz_aiqiang_002.mesh	OK	3217	60	42	1	1764	197	1	0	564	60	42
mobile_maps_source\w1351_chz_aiqiang_003.mesh	OK	2529	46	26	1	1340	197	1	0	420	46	26
mobile_maps_source\w1351_chz_aiqiang_004.mesh	OK	2097	36	22	1	1052	197	1	0	332	36	22
mobile_maps_source\w1351_chz_damen_001.mesh	OK	738129	16131	11550	3	474768	197	1	0	152148	16131	372+10754+424
mobile_maps_source\w1351_chz_denglong_001.mesh	OK	14385	296	258	1	8804	197	1	0	2884	296	258
mobile_maps_source\w1351_chz_dideng_001.mesh	OK	28580	599	542	1	17856	0	1	0	5876	599	542
mobile_maps_source\w1351_chz_muqiao_002.mesh	OK	82516	1856	998	3	53964	0	1	0	16844	1856	988+2+8
mobile_maps_source\w1351_chz_shuyuan_001.mesh	OK	1309937	28869	19334	7	847000	197	1	0	269620	28869	18044+14+592+576+52+48+8
mobile_maps_source\w1351_chz_taijie_001.mesh	OK	20921	442	246	2	12868	985	1	0	4028	442	150+96
mobile_maps_source\w1351_chz_tazhu_001.mesh	OK	55560	1212	848	4	35632	0	1	0	11392	1212	160+56+36+596
mobile_maps_source\w1351_chz_tingzi_001.mesh	OK	171657	3649	3150	5	108472	197	1	0	35492	3649	232+160+2220+4+534
mobile_maps_source\w1351_chz_wangyouge_001.mesh	OK	621981	13410	10636	4	396752	197	1	0	128552	13410	9340+1058+100+138
mobile_maps_source\w1351_chz_weilan_001.mesh	OK	3980	84	42	1	2436	0	1	0	756	84	42
mobile_maps_source\w1351_chz_weilan_002.mesh	OK	1164	20	10	1	580	0	1	0	180	20	10
mobile_maps_source\w1351_chz_weilan_003.mesh	OK	2924	60	30	1	1740	0	1	0	540	60	30
mobile_maps_source\w1351_chz_xiaojianzhu_002.mesh	OK	193101	4264	2756	4	124904	197	1	0	39624	4264	1872+404+360+120
mobile_maps_source\w1351_chz_xiaojianzhu_003.mesh	OK	78829	1732	1132	4	50760	197	1	0	16120	1732	764+48+180+140
mobile_maps_source\w1351_chz_yanwuchang_001.mesh	OK	15260	338	180	5	9824	0	1	0	3064	338	36+8+104+16+16
mobile_maps_source\w1351_chz_yueliangmen_001.mesh	OK	63689	1360	1100	3	40280	197	1	0	13080	1360	692+144+264
mobile_maps_source\w1351_chz_yueliangmen_002.mesh	OK	81996	1778	1323	3	52430	0	0	0	31094	1778	600+187+536
mobile_maps_source\w1351_chz_zhujianzhu_001.mesh	OK	928145	20481	13550	7	600568	197	1	0	190948	20481	122+12+10908+788+1400+192+128
mobile_maps_source\w1351_cj_caodui_001.mesh	OK	6817	108	36	1	4824	197	1	0	2664	108	36
mobile_maps_source\w1351_cj_caodui_002.mesh	OK	9281	150	50	1	6700	197	1	0	3700	150	50
mobile_maps_source\w1351_cj_caodui_003.mesh	OK	9889	204	156	1	6024	197	1	0	1944	204	156
mobile_maps_source\w1351_cj_caodui_004.mesh	OK	5185	102	78	1	3012	197	1	0	972	102	78
mobile_maps_source\w1351_cj_caodui_005.mesh	OK	38497	648	216	1	28944	197	1	0	15984	648	216
mobile_maps_source\w1351_cj_caodui_006.mesh	OK	19801	419	320	1	12372	197	1	0	3992	419	320
mobile_maps_source\w1351_cj_caodui_007.mesh	OK	3849	73	56	1	2156	197	1	0	696	73	56
mobile_maps_source\w1351_cj_caodui_008.mesh	OK	97633	1656	552	1	73968	197	1	0	40848	1656	552
mobile_maps_source\w1351_cj_caodui_011.mesh	OK	4929	98	66	1	2876	197	1	0	916	98	66
mobile_maps_source\w1351_cj_diaoxiang_001.mesh	OK	47937	988	992	1	29648	197	1	0	9888	988	992
mobile_maps_source\w1351_cj_hehua_001.mesh	OK	322817	5494	1834	1	245404	197	1	0	135524	5494	1834
mobile_maps_source\w1351_cj_shibi_001.mesh	OK	25105	506	548	1	15264	197	1	0	5144	506	548
mobile_maps_source\w1351_cj_shibi_002.mesh	OK	12705	244	308	1	7448	197	1	0	2568	244	308
mobile_maps_source\w1351_cj_shitoudui_001.mesh	OK	24457	466	667	1	14382	197	0	0	8790	466	667
mobile_maps_source\w1351_cj_shitoudui_002.mesh	OK	25521	504	610	1	15332	197	1	0	5252	504	610
mobile_maps_source\w1351_cj_shizhu_001.mesh	OK	12897	236	372	1	7352	197	1	0	2632	236	372
mobile_maps_source\w1351_cj_shizhu_002.mesh	OK	20273	367	639	1	11554	197	0	0	7150	367	639
mobile_maps_source\w1351_cj_songshu_001.mesh	OK	387009	6525	2641	1	292382	197	1	0	161882	6525	2641
mobile_maps_source\w1351_cj_songshu_002.mesh	OK	376321	6339	2607	1	284130	197	1	0	157350	6339	2607
mobile_maps_source\w1351_cj_taohuashu_001.mesh	OK	233829	3931	1651	2	176266	197	1	0	97646	3931	1155+496
mobile_maps_source\w1351_cj_taohuashu_002.mesh	OK	268005	4560	1520	2	203680	197	1	0	112480	4560	1140+380
mobile_maps_source\w1351_cj_tengman_001.mesh	OK	22889	483	386	1	14296	197	1	0	4636	483	386
mobile_maps_source\w1351_cj_xuanrentaihuopengxin_001.mesh	OK	584000	12065	12639	2	363098	0	0	0	218318	12065	2958+9681
mobile_maps_source\w1351_cj_xuanrentailongzhu_001.mesh	OK	102529	2141	2051	1	64050	197	0	0	38358	2141	2051
mobile_maps_source\w1351_cj_xuanrentaixin_001.mesh	OK	956492	20094	19056	1	600744	0	1	0	198864	20094	19056
mobile_maps_source\w1351_cj_xuanrentaixin_002.mesh	OK	885940	17655	22431	3	539202	0	0	0	327342	17655	9510+9036+3885
mobile_maps_source\w1351_cj_zhuzi_001.mesh	OK	231745	3942	1314	1	176076	197	1	0	97236	3942	1314
mobile_maps_source\w1351_cjjj_cao_003.mesh	OK	1692	24	8	1	1072	0	1	0	592	24	8
mobile_maps_source\w1351_cjjj_caoduo_001.mesh	OK	182844	3635	4645	1	111070	0	0	0	67450	3635	4645
mobile_maps_source\w1351_cjjj_lianjietaijie_001.mesh	OK	74445	1581	1268	2	46804	773	1	0	15184	1581	1124+144
mobile_maps_source\w1351_clc_cangkudamen_001.mesh	OK	10892	236	146	1	6900	0	1	0	2180	236	146
mobile_maps_source\w1351_clc_kongdou_001.mesh	OK	5852	122	86	1	3588	0	1	0	1148	122	86
mobile_maps_source\w1351_clc_liangcangcaoduo_001.mesh	OK	9436	202	134	1	5924	0	1	0	1884	202	134
mobile_maps_source\w1351_clc_liangcangsan_001.mesh	OK	22272	478	358	2	14100	0	1	0	4540	478	253+105
mobile_maps_source\w1351_clc_midou_001.mesh	OK	6940	146	102	1	4292	0	1	0	1372	146	102
mobile_maps_source\w1351_clc_poqiang_001.mesh	OK	8732	190	106	1	5532	0	1	0	1732	190	106
mobile_maps_source\w1351_clc_shanshenmiao_001.mesh	OK	21332	468	291	1	13686	0	0	0	8070	468	291
mobile_maps_source\w1351_cs_changqingshuer_001.mesh	OK	22200	488	299	2	14262	0	0	0	8406	488	148+151
mobile_maps_source\w1351_cs_changqingshusan_001.mesh	OK	32296	713	436	2	20836	0	1	0	6576	713	244+192
mobile_maps_source\w1351_cs_changqingshusi_001.mesh	OK	35840	789	499	2	23090	0	0	0	13622	789	287+212
mobile_maps_source\w1351_cs_feixv_001.mesh	OK	20600	448	299	2	13142	0	0	0	7766	448	205+94
mobile_maps_source\w1351_cs_fwcetai_001.mesh	OK	62240	1367	909	2	40094	0	0	0	23690	1367	531+378
mobile_maps_source\w1351_cs_fwercengce_001.mesh	OK	42192	920	638	2	27036	0	1	0	8636	920	454+184
mobile_maps_source\w1351_cs_fwpengzi_001.mesh	OK	27232	598	378	2	17500	0	1	0	5540	598	296+82
mobile_maps_source\w1351_cs_fwshengkan_001.mesh	OK	28384	614	442	2	18076	0	1	0	5796	614	272+170
mobile_maps_source\w1351_cs_fwxiaowu_001.mesh	OK	23904	518	362	2	15228	0	1	0	4868	518	120+242
mobile_maps_source\w1351_cs_jiaoshuluan_001.mesh	OK	25940	583	292	1	16908	0	1	0	5248	583	292
mobile_maps_source\w1351_cs_jiaoshusan_001.mesh	OK	19436	430	244	1	12528	0	1	0	3928	430	244
mobile_maps_source\w1351_cs_jiaoshuxiaozhi_001.mesh	OK	4812	104	46	1	3004	0	1	0	924	104	46
mobile_maps_source\w1351_cs_jiaoshuxicha_001.mesh	OK	10748	240	108	1	6936	0	1	0	2136	240	108
mobile_maps_source\w1351_cs_muzhalan_001.mesh	OK	13460	293	182	1	8568	0	1	0	2708	293	182
mobile_maps_source\w1351_cs_muzhalanjiao_001.mesh	OK	5820	120	92	1	3544	0	1	0	1144	120	92
mobile_maps_source\w1351_cs_muzhalanwan_001.mesh	OK	3700	75	52	1	2204	0	1	0	704	75	52
mobile_maps_source\w1351_cs_muzhalanwan_002.mesh	OK	2068	39	28	1	1148	0	1	0	368	39	28
mobile_maps_source\w1351_cs_paifangmen_001.mesh	OK	29584	658	372	2	19168	0	1	0	6008	658	136+236
mobile_maps_source\w1351_cs_rongshucu_001.mesh	OK	35848	804	425	2	23362	0	0	0	13714	804	394+31
mobile_maps_source\w1351_cs_shaolou_001.mesh	OK	27260	612	312	1	17760	0	1	0	5520	612	312
mobile_maps_source\w1351_cs_shibei_001.mesh	OK	2300	44	32	1	1296	0	1	0	416	44	32
mobile_maps_source\w1351_cs_shuduan_001.mesh	OK	15608	344	195	2	10022	0	0	0	5894	344	171+24
mobile_maps_source\w1351_cs_shuduanzhi_001.mesh	OK	16728	370	205	2	10770	0	0	0	6330	370	32+173
mobile_maps_source\w1351_cs_shuzhuangda_001.mesh	OK	1816	34	21	2	994	0	0	0	586	34	14+7
mobile_maps_source\w1351_cs_shuzhuangqingtai_001.mesh	OK	4416	92	56	2	2688	0	1	0	848	92	4+52
mobile_maps_source\w1351_cs_shuzhuangzhiye_001.mesh	OK	12236	266	163	3	7774	0	0	0	4582	266	4+4+155
mobile_maps_source\w1351_cujv_gu_001.mesh	OK	13273	275	224	1	8148	197	1	0	2648	275	224
mobile_maps_source\w1351_cy_aobao_001.mesh	OK	59368	1295	910	2	38080	0	1	0	12180	1295	838+72
mobile_maps_source\w1351_cy_jitai_001.mesh	OK	72484	1617	940	1	47156	0	1	0	14816	1617	940
mobile_maps_source\w1351_cy_pozhangpeng_001.mesh	OK	22168	491	280	2	14308	0	1	0	4488	491	130+150
mobile_maps_source\w1351_cy_shitouque_001.mesh	OK	2836	57	34	1	1664	0	1	0	524	57	34
mobile_maps_source\w1351_cy_shizhuwen_001.mesh	OK	5852	123	81	1	3606	0	0	0	2130	123	81
mobile_maps_source\w1351_cy_zhangpengyangtou_001.mesh	OK	22716	495	328	3	14516	0	1	0	4616	495	80+104+144
mobile_maps_source\w1351_dh_bihuacaihui_001.mesh	OK	10872	229	178	2	6768	0	1	0	2188	229	130+48
mobile_maps_source\w1351_dh_canyuanfeiwu_001.mesh	OK	10156	222	124	1	6464	0	1	0	2024	222	124
mobile_maps_source\w1351_dh_canyuanpocheng_001.mesh	OK	7436	162	84	1	4704	0	1	0	1464	162	84
mobile_maps_source\w1351_dh_canyuanpoqiang_001.mesh	OK	7276	158	84	1	4592	0	1	0	1432	158	84
mobile_maps_source\w1351_dh_canyuanqiangzhu_001.mesh	OK	13796	305	164	1	8868	0	1	0	2768	305	164
mobile_maps_source\w1351_dh_canzhuan_001.mesh	OK	4860	104	52	1	3016	0	1	0	936	104	52
mobile_maps_source\w1351_dh_chengqiang_001.mesh	OK	29564	656	380	1	19128	0	1	0	6008	656	380
mobile_maps_source\w1351_dh_chengqiangwan_001.mesh	OK	15772	350	186	1	10172	0	1	0	3172	350	186
mobile_maps_source\w1351_dh_fokanjiao_001.mesh	OK	6444	133	105	1	3934	0	0	0	2338	133	105
mobile_maps_source\w1351_dh_foxianglieheng_001.mesh	OK	9904	190	240	1	5800	100	1	0	2000	190	240
mobile_maps_source\w1351_dh_foxiangpusa_001.mesh	OK	16636	348	304	1	10352	0	1	0	3392	348	304
mobile_maps_source\w1351_dh_foxiangrulai_001.mesh	OK	12348	252	248	1	7552	0	1	0	2512	252	248
mobile_maps_source\w1351_dh_foxiangzhanli_001.mesh	OK	29044	589	637	2	17766	100	0	0	10698	589	421+216
mobile_maps_source\w1351_dh_fwyumenguankezhan_001.mesh	OK	52412	1164	696	1	33984	0	1	0	10704	1164	696
mobile_maps_source\w1351_dh_gouhuodui_001.mesh	OK	13728	284	260	2	8472	0	1	0	2792	284	85+175
mobile_maps_source\w1351_dh_hongdenglongchuan_001.mesh	OK	22316	368	178	1	16548	0	1	0	9188	368	178
mobile_maps_source\w1351_dh_huyang4z_001.mesh	OK	32660	722	436	3	21088	0	1	0	6648	722	175+213+48
mobile_maps_source\w1351_dh_huyangdu_001.mesh	OK	15404	333	224	3	9772	0	1	0	3112	333	56+148+20
mobile_maps_source\w1351_dh_huyangduaner_001.mesh	OK	33692	761	370	3	22048	0	1	0	6828	761	66+256+48
mobile_maps_source\w1351_dh_huyangkushudao_001.mesh	OK	16192	335	301	1	9982	100	0	0	5962	335	301
mobile_maps_source\w1351_dh_huyangkushuzhuang_001.mesh	OK	15996	341	259	1	10066	0	0	0	5974	341	259
mobile_maps_source\w1351_dh_huyangkuzhi_001.mesh	OK	1844	33	30	1	984	0	1	0	324	33	30
mobile_maps_source\w1351_dh_kaoquanyang_001.mesh	OK	12668	260	248	1	7776	0	1	0	2576	260	248
mobile_maps_source\w1351_dh_kucao_001.mesh	OK	9676	198	184	1	5912	0	1	0	1952	198	184
mobile_maps_source\w1351_dh_lianhuazuo_001.mesh	OK	1844	34	25	1	1002	0	0	0	594	34	25
mobile_maps_source\w1351_dh_liantai_001.mesh	OK	2268	45	23	1	1306	0	0	0	766	45	23
mobile_maps_source\w1351_dh_mutoukaojia_001.mesh	OK	10156	220	134	1	6428	0	1	0	2028	220	134
mobile_maps_source\w1351_dh_muzhalan_001.mesh	OK	3836	80	44	1	2328	0	1	0	728	80	44
mobile_maps_source\w1351_dh_pobaoxiang_001.mesh	OK	52824	1132	907	2	33510	0	0	0	19926	1132	203+704
mobile_maps_source\w1351_dh_pohuoche_001.mesh	OK	67444	1474	1024	3	43320	0	1	0	13840	1474	128+430+466
mobile_maps_source\w1351_dh_posuishizhu_001.mesh	OK	8044	173	105	1	5054	0	0	0	2978	173	105
mobile_maps_source\w1351_dh_qiziyumenguankezhan_001.mesh	OK	3580	55	27	1	2474	0	1	0	1374	55	27
mobile_maps_source\w1351_dh_qiziyumenguankezhan_002.mesh	OK	1644	31	15	1	898	0	0	0	526	31	15
mobile_maps_source\w1351_dh_rulaifo_001.mesh	OK	15972	333	296	1	9916	0	1	0	3256	333	296
mobile_maps_source\w1351_dh_shamokushuer_001.mesh	OK	5876	121	94	1	3576	0	1	0	1156	121	94
mobile_maps_source\w1351_dh_shamokushugao_001.mesh	OK	15908	332	293	1	9882	0	0	0	5898	332	293
mobile_maps_source\w1351_dh_shanshiaiyuan_001.mesh	OK	3188	63	48	1	1860	0	1	0	600	63	48
mobile_maps_source\w1351_dh_shanshicangbaodong_001.mesh	OK	20556	441	329	1	13006	0	0	0	7714	441	329
mobile_maps_source\w1351_dh_shanshipinggao_001.mesh	OK	4428	86	88	1	2584	0	1	0	864	86	88
mobile_maps_source\w1351_dh_shanshishanmaiheng_001.mesh	OK	9364	194	165	1	5762	0	0	0	3434	194	165
mobile_maps_source\w1351_dh_shanshishanmaijiao_001.mesh	OK	9964	209	165	1	6182	0	0	0	3674	209	165
mobile_maps_source\w1351_dh_shanshishanmaiwei_001.mesh	OK	4340	85	82	1	2544	0	1	0	844	85	82
mobile_maps_source\w1351_dh_shanshixiepoai_001.mesh	OK	3460	65	72	1	1964	0	1	0	664	65	72
mobile_maps_source\w1351_dh_shanshixiepogao_001.mesh	OK	4084	79	80	1	2372	0	1	0	792	79	80
mobile_maps_source\w1351_dh_shanshiya_001.mesh	OK	7228	147	133	1	4382	0	0	0	2618	147	133
mobile_maps_source\w1351_dh_shikan_001.mesh	OK	8556	181	129	1	5326	0	0	0	3154	181	129
mobile_maps_source\w1351_dh_shikanchang_001.mesh	OK	10668	224	178	1	6628	0	1	0	2148	224	178
mobile_maps_source\w1351_dh_suoshi_001.mesh	OK	4284	76	120	1	2368	0	1	0	848	76	120
mobile_maps_source\w1351_dh_tongdahufa_001.mesh	OK	20668	424	428	1	12728	0	1	0	4248	424	428
mobile_maps_source\w1351_dh_tongfoxiang_001.mesh	OK	34120	721	624	2	21436	0	1	0	7016	721	61+563
mobile_maps_source\w1351_dh_xianrenzhangbao_001.mesh	OK	31052	695	371	1	20202	0	0	0	11862	695	371
mobile_maps_source\w1351_dh_xianrenzhangchang_001.mesh	OK	22796	511	259	1	14826	0	0	0	8694	511	259
mobile_maps_source\w1351_dh_xianrenzhangcong_001.mesh	OK	25628	568	328	1	16560	0	1	0	5200	568	328
mobile_maps_source\w1351_dh_xianrenzhangsan_001.mesh	OK	37644	843	455	1	24514	0	0	0	14398	843	455
mobile_maps_source\w1351_dh_xiaobihua_001.mesh	OK	8688	184	130	2	5412	0	1	0	1732	184	106+24
mobile_maps_source\w1351_dh_xiaofoxiang_001.mesh	OK	9364	179	240	1	5492	0	1	0	1912	179	240
mobile_maps_source\w1351_dh_xiaofoxiangwu_001.mesh	OK	11884	242	240	1	7256	0	1	0	2416	242	240
mobile_maps_source\w1351_dh_yanshijiaoping_001.mesh	OK	4732	93	91	1	2786	0	0	0	1670	93	91
mobile_maps_source\w1351_dh_yumenguan_001.mesh	OK	64620	1435	866	3	41912	0	1	0	13212	1435	56+558+252
mobile_maps_source\w1351_dh_yumenguanchengqiang_001.mesh	OK	40449	897	511	1	26138	197	0	0	15374	897	511
mobile_maps_source\w1351_dh_yumenguanchengqiang_002.mesh	OK	23417	515	292	1	15004	197	1	0	4704	515	292
mobile_maps_source\w1351_difu_tiedenglong_001.mesh	OK	6028	126	88	1	3704	0	1	0	1184	126	88
mobile_maps_source\w1351_dl_baihehua_001.mesh	OK	13868	288	258	1	8580	0	1	0	2820	288	258
mobile_maps_source\w1351_dl_bajiao_001.mesh	OK	30180	661	432	1	19372	0	1	0	6152	661	432
mobile_maps_source\w1351_dl_bajiao_002.mesh	OK	2724	53	40	1	1564	0	1	0	504	53	40
mobile_maps_source\w1351_dl_bajiao_003.mesh	OK	19940	435	376	1	12180	0	1	0	3480	435	376
mobile_maps_source\w1351_dl_bajiao_004.mesh	OK	81520	1360	634	2	61108	0	1	0	33908	1360	54+580
mobile_maps_source\w1351_dl_bajiaoshu_001.mesh	OK	37148	624	240	1	27936	0	1	0	15456	624	240
mobile_maps_source\w1351_dl_baoxiang_001.mesh	OK	20356	429	364	1	12740	0	1	0	4160	429	364
mobile_maps_source\w1351_dl_bingqijia_001.mesh	OK	21544	465	332	2	13684	0	1	0	4384	465	212+120
mobile_maps_source\w1351_dl_bingqijia_002.mesh	OK	36669	797	538	2	23392	197	1	0	7452	797	272+266
mobile_maps_source\w1351_dl_buliao_001.mesh	OK	14892	326	196	1	9520	0	1	0	3000	326	196
mobile_maps_source\w1351_dl_cao_001.mesh	OK	1916	36	24	1	1056	0	1	0	336	36	24
mobile_maps_source\w1351_dl_caoduo_001.mesh	OK	3948	81	53	1	2374	0	0	0	1402	81	53
mobile_maps_source\w1351_dl_chaguan_001.mesh	OK	70212	1531	1086	1	45040	0	1	0	14420	1531	1086
mobile_maps_source\w1351_dl_chaguan_003.mesh	OK	3340	68	42	1	1988	0	1	0	628	68	42
mobile_maps_source\w1351_dl_chenglou_002.mesh	OK	107548	2400	1406	5	70012	0	1	0	22012	2400	428+44+774+104+56
mobile_maps_source\w1351_dl_chenglou_005.mesh	OK	30441	669	398	5	19528	197	1	0	6148	669	172+18+88+72+48
mobile_maps_source\w1351_dl_chenglou_005a.mesh	OK	10253	217	136	2	6348	197	1	0	2008	217	48+88
mobile_maps_source\w1351_dl_chengqiang_001.mesh	OK	22324	495	280	1	14420	0	1	0	4520	495	280
mobile_maps_source\w1351_dl_chengqiangwan_001.mesh	OK	34004	759	420	1	22092	0	1	0	6912	759	420
mobile_maps_source\w1351_dl_chushengdiandiaoshu_001.mesh	OK	154616	3191	3336	2	96020	0	1	0	32200	3191	606+2730
mobile_maps_source\w1351_dl_dangpu_001.mesh	OK	92992	2074	1216	6	60504	0	1	0	19024	2074	48+138+730+180+102+18
mobile_maps_source\w1351_dl_darongshu_001.mesh	OK	50080	1167	389	2	33454	0	0	0	19450	1167	55+334
mobile_maps_source\w1351_dl_darongshu_002.mesh	OK	54432	1269	423	2	36378	0	0	0	21150	1269	39+384
mobile_maps_source\w1351_dl_denglong_001.mesh	OK	181657	3789	3702	1	113496	197	1	0	37716	3789	3702
mobile_maps_source\w1351_dl_denglong_002.mesh	OK	10348	168	82	1	7556	0	1	0	4196	168	82
mobile_maps_source\w1351_dl_denglong_004.mesh	OK	13532	221	109	1	9942	0	1	0	5522	221	109
mobile_maps_source\w1351_dl_denglong_005.mesh	OK	9020	146	70	1	6564	0	1	0	3644	146	70
mobile_maps_source\w1351_dl_dengta_001.mesh	OK	12404	267	180	1	7836	0	1	0	2496	267	180
mobile_maps_source\w1351_dl_dengta_002.mesh	OK	10532	225	156	1	6612	0	1	0	2112	225	156
mobile_maps_source\w1351_dl_diaosufenghuang_001.mesh	OK	27900	583	537	1	17398	0	0	0	10402	583	537
mobile_maps_source\w1351_dl_diaosulong_001.mesh	OK	61396	1268	1299	1	38102	0	0	0	22886	1268	1299
mobile_maps_source\w1351_dl_diaoxiangwushi_001.mesh	OK	16652	330	396	1	10032	0	1	0	3432	330	396
mobile_maps_source\w1351_dl_dizhuan_001.mesh	OK	11556	245	184	1	7228	0	1	0	2328	245	184
mobile_maps_source\w1351_dl_dizhuan_003.mesh	OK	10008	215	140	2	6300	0	1	0	2000	215	124+16
mobile_maps_source\w1351_dl_dizhuan_004.mesh	OK	5228	106	88	1	3144	0	1	0	1024	106	88
mobile_maps_source\w1351_dl_dizhuan_006.mesh	OK	9560	207	124	2	6044	0	1	0	1904	207	116+8
mobile_maps_source\w1351_dl_dizhuan_007.mesh	OK	11844	258	154	3	7532	0	1	0	2372	258	104+36+14
mobile_maps_source\w1351_dl_dulunche_001.mesh	OK	26428	576	388	1	16904	0	1	0	5384	576	388
mobile_maps_source\w1351_dl_dzcaofz_001.mesh	OK	1164	20	10	1	580	0	1	0	180	20	10
mobile_maps_source\w1351_dl_dzcaofz_002.mesh	OK	2220	44	22	1	1276	0	1	0	396	44	22
mobile_maps_source\w1351_dl_dzdiaohua_001.mesh	OK	1164	20	10	1	580	0	1	0	180	20	10
mobile_maps_source\w1351_dl_dzdiaohua_002.mesh	OK	1692	32	16	1	928	0	1	0	288	32	16
mobile_maps_source\w1351_dl_dzdiaohua_003.mesh	OK	2532	51	26	1	1480	0	1	0	460	51	26
mobile_maps_source\w1351_dl_dzhuaer6_001.mesh	OK	12664	275	172	2	8044	0	1	0	2544	275	148+24
mobile_maps_source\w1351_dl_dzmhuawen_001.mesh	OK	1660	32	16	1	896	0	1	0	256	32	16
mobile_maps_source\w1351_dl_dzmhuawen_002.mesh	OK	3476	72	52	1	2016	0	1	0	576	72	52
mobile_maps_source\w1351_dl_dzmhuawen_003.mesh	OK	7116	154	112	1	4312	0	1	0	1232	154	112
mobile_maps_source\w1351_dl_dzshaxing_001.mesh	OK	9856	212	136	2	6208	0	1	0	1968	212	96+40
mobile_maps_source\w1351_dl_dzsuzhuan_002.mesh	OK	4588	96	58	1	2804	0	1	0	884	96	58
mobile_maps_source\w1351_dl_dzsuzhuan_003.mesh	OK	8140	174	112	1	5096	0	1	0	1616	174	112
mobile_maps_source\w1351_dl_fangche_001.mesh	OK	25060	545	372	1	16004	0	1	0	5104	545	372
mobile_maps_source\w1351_dl_fangwu_001.mesh	OK	200516	4461	2722	5	130352	0	1	0	41132	4461	146+84+222+590+1680
mobile_maps_source\w1351_dl_fangwu_002.mesh	OK	48128	1069	634	4	31200	0	1	0	9820	1069	506+48+16+64
mobile_maps_source\w1351_dl_fangwu_003.mesh	OK	87744	1941	1225	6	56798	0	0	0	33506	1941	775+234+36+76+32+72
mobile_maps_source\w1351_dl_fangwualpha_001.mesh	OK	114280	2551	1492	6	74412	0	1	0	23392	2551	726+195+174+91+66+240
mobile_maps_source\w1351_dl_fangwubufang_001.mesh	OK	147568	3269	2063	6	95658	0	0	0	56430	3269	986+132+244+115+42+544
mobile_maps_source\w1351_dl_fangwugelou_001.mesh	OK	248401	4136	2036	5	186056	197	1	0	103336	4136	304+420+64+192+1056
mobile_maps_source\w1351_dl_fangwumen_001.mesh	OK	150800	3348	2073	4	97890	0	0	0	57714	3348	1334+529+96+114
mobile_maps_source\w1351_dl_fangwumen_002.mesh	OK	8392	181	108	2	5284	0	1	0	1664	181	92+16
mobile_maps_source\w1351_dl_fangwuxiaoyuan_002.mesh	OK	47836	1062	632	5	31000	0	1	0	9760	1062	166+352+60+16+38
mobile_maps_source\w1351_dl_fangwuyizhan_001.mesh	OK	35924	802	444	3	23344	0	1	0	7304	802	238+174+32
mobile_maps_source\w1351_dl_fengche_001.mesh	OK	21068	458	308	1	13440	0	1	0	4280	458	308
mobile_maps_source\w1351_dl_fwliujiaowudingtingzi_001.mesh	OK	40264	888	556	4	25976	0	1	0	8216	888	304+24+192+36
mobile_maps_source\w1351_dl_fwxiuwentaiyuanmener_001.mesh	OK	141352	3136	1952	4	91712	0	1	0	28992	3136	1074+530+214+134
mobile_maps_source\w1351_dl_fwyizhanbanyuan_001.mesh	OK	128968	2878	1693	6	83970	0	0	0	49434	2878	944+354+300+87+4+4
mobile_maps_source\w1351_dl_gouweibacao_001.mesh	OK	2044	40	20	1	1160	0	1	0	360	40	20
mobile_maps_source\w1351_dl_guoshu_001.mesh	OK	117572	1962	926	3	88180	0	1	0	48940	1962	136+680+110
mobile_maps_source\w1351_dl_hehua_001.mesh	OK	27124	574	485	1	17042	0	0	0	10154	574	485
mobile_maps_source\w1351_dl_hehua_002.mesh	OK	18412	387	331	1	11498	0	0	0	6854	387	331
mobile_maps_source\w1351_dl_hehua_003.mesh	OK	29812	639	496	1	18884	0	1	0	6104	639	496
mobile_maps_source\w1351_dl_huacu_001a.mesh	OK	26092	580	326	1	16892	0	1	0	5292	580	326
mobile_maps_source\w1351_dl_huacu_002.mesh	OK	112748	1896	786	1	84996	0	1	0	47076	1896	786
mobile_maps_source\w1351_dl_huacu_003.mesh	OK	43516	936	724	1	27656	0	1	0	8936	936	724
mobile_maps_source\w1351_dl_huacu_004.mesh	OK	11828	250	193	1	7386	0	0	0	4386	250	193
mobile_maps_source\w1351_dl_huacu_005.mesh	OK	8924	188	140	1	5544	0	1	0	1784	188	140
mobile_maps_source\w1351_dl_huacu_006.mesh	OK	11628	246	188	1	7264	0	1	0	2344	246	188
mobile_maps_source\w1351_dl_huacu_007a.mesh	OK	18972	416	256	1	12160	0	1	0	3840	416	256
mobile_maps_source\w1351_dl_huacu_008.mesh	OK	19068	414	278	1	12148	0	1	0	3868	414	278
mobile_maps_source\w1351_dl_huacu_009.mesh	OK	40652	878	656	1	25896	0	1	0	8336	878	656
mobile_maps_source\w1351_dl_huacu_010.mesh	OK	16788	359	268	1	10588	0	1	0	3408	359	268
mobile_maps_source\w1351_dl_huacu_011.mesh	OK	5244	110	70	1	3220	0	1	0	1020	110	70
mobile_maps_source\w1351_dl_huacu_012.mesh	OK	30228	650	493	1	19186	0	0	0	11386	650	493
mobile_maps_source\w1351_dl_huagai_001.mesh	OK	16448	270	130	2	12140	0	1	0	6740	270	8+122
mobile_maps_source\w1351_dl_huanggong_001.mesh	OK	131148	2934	1686	5	85524	0	1	0	26844	2934	1006+106+294+184+96
mobile_maps_source\w1351_dl_huashu_001.mesh	OK	193636	3250	1418	3	145836	0	1	0	80836	3250	346+672+400
mobile_maps_source\w1351_dl_huashu_002.mesh	OK	42308	705	317	3	31654	0	1	0	17554	705	101+168+48
mobile_maps_source\w1351_dl_huatai_001.mesh	OK	25060	569	252	1	16436	0	1	0	5056	569	252
mobile_maps_source\w1351_dl_huatai_002.mesh	OK	16300	370	152	1	10664	0	1	0	3264	370	152
mobile_maps_source\w1351_dl_hudiehua_001.mesh	OK	42488	903	760	2	26804	0	1	0	8744	903	32+728
mobile_maps_source\w1351_dl_hudiehua_002.mesh	OK	20724	444	335	1	13102	0	0	0	7774	444	335
mobile_maps_source\w1351_dl_hudiehua_003.mesh	OK	32928	688	640	2	20544	0	1	0	6784	688	452+188
mobile_maps_source\w1351_dl_huluteng_001.mesh	OK	2748	56	28	1	1624	0	1	0	504	56	28
mobile_maps_source\w1351_dl_juchicao_001.mesh	OK	6044	120	120	1	3600	0	1	0	1200	120	120
mobile_maps_source\w1351_dl_leitai_001.mesh	OK	6116	129	84	1	3780	0	1	0	1200	129	84
mobile_maps_source\w1351_dl_longwenqizi_001.mesh	OK	14968	323	220	2	9484	0	1	0	3024	323	40+180
mobile_maps_source\w1351_dl_longzhu_001.mesh	OK	94009	1995	1716	1	59292	197	1	0	19392	1995	1716
mobile_maps_source\w1351_dl_louti_002.mesh	OK	30268	671	392	3	19572	0	1	0	6152	671	264+112+16
mobile_maps_source\w1351_dl_louti_003.mesh	OK	3872	80	48	2	2336	0	1	0	736	80	16+32
mobile_maps_source\w1351_dl_louti_004.mesh	OK	25764	568	344	3	16592	0	1	0	5232	568	32+264+48
mobile_maps_source\w1351_dl_loutia_001.mesh	OK	25888	568	360	2	16624	0	1	0	5264	568	96+264
mobile_maps_source\w1351_dl_menpaifan_001.mesh	OK	58804	1292	854	3	37884	0	1	0	12044	1292	482+324+48
mobile_maps_source\w1351_dl_minjumguaijiao_001.mesh	OK	51584	1146	681	4	33450	0	0	0	19698	1146	62+64+62+493
mobile_maps_source\w1351_dl_minjumhongmu_001.mesh	OK	47080	1046	618	4	30524	0	1	0	9604	1046	46+440+100+32
mobile_maps_source\w1351_dl_mudengzi_001.mesh	OK	3708	76	48	1	2224	0	1	0	704	76	48
mobile_maps_source\w1351_dl_mupeng_001.mesh	OK	3028	58	53	1	1730	0	0	0	1034	58	53
mobile_maps_source\w1351_dl_mutong_001.mesh	OK	4852	101	66	1	2960	0	1	0	940	101	66
mobile_maps_source\w1351_dl_muzhalan_001.mesh	OK	9788	216	108	1	6264	0	1	0	1944	216	108
mobile_maps_source\w1351_dl_muzhuo_001.mesh	OK	2620	52	32	1	1520	0	1	0	480	52	32
mobile_maps_source\w1351_dl_nongjiaxiaoyuan_001.mesh	OK	28508	630	377	3	18394	0	0	0	10834	630	218+9+150
mobile_maps_source\w1351_dl_nongjiaxiaoyuan_002.mesh	OK	12992	284	168	2	8288	0	1	0	2608	284	106+62
mobile_maps_source\w1351_dl_nongjiaxiaoyuan_003m.mesh	OK	20628	456	262	3	13292	0	1	0	4172	456	106+56+100
mobile_maps_source\w1351_dl_nongjiaxiaoyuan_004.mesh	OK	16992	375	213	2	10926	0	0	0	6426	375	106+107
mobile_maps_source\w1351_dl_pashanhu_001.mesh	OK	5092	105	76	1	3092	0	1	0	992	105	76
mobile_maps_source\w1351_dl_putaojia_001.mesh	OK	43716	950	678	3	27956	0	1	0	8956	950	294+198+186
mobile_maps_source\w1351_dl_putaojia_002.mesh	OK	97588	2154	1392	3	63096	0	1	0	20016	2154	234+420+738
mobile_maps_source\w1351_dl_qiang_001.mesh	OK	7876	172	88	3	4992	0	1	0	1552	172	58+14+16
mobile_maps_source\w1351_dl_qiang_002.mesh	OK	7060	154	76	3	4464	0	1	0	1384	154	56+12+8
mobile_maps_source\w1351_dl_qiang_003.mesh	OK	10388	232	102	3	6700	0	1	0	2060	232	74+16+12
mobile_maps_source\w1351_dl_qiangmian_001.mesh	OK	4889	97	66	1	2848	197	1	0	908	97	66
mobile_maps_source\w1351_dl_qiangmian_002.mesh	OK	3217	60	42	1	1764	197	1	0	564	60	42
mobile_maps_source\w1351_dl_qiangmian_003.mesh	OK	4889	97	66	1	2848	197	1	0	908	97	66
mobile_maps_source\w1351_dl_qiangmian_004.mesh	OK	3217	60	42	1	1764	197	1	0	564	60	42
mobile_maps_source\w1351_dl_qiangmian_005.mesh	OK	2097	36	22	1	1052	197	1	0	332	36	22
mobile_maps_source\w1351_dl_qiangmian_006.mesh	OK	2529	46	26	1	1340	197	1	0	420	46	26
mobile_maps_source\w1351_dl_qiangmian_007.mesh	OK	2097	36	22	1	1052	197	1	0	332	36	22
mobile_maps_source\w1351_dl_qiangmian_008.mesh	OK	2529	46	26	1	1340	197	1	0	420	46	26
mobile_maps_source\w1351_dl_qiao_001.mesh	OK	45852	1006	666	1	29500	0	1	0	9380	1006	666
mobile_maps_source\w1351_dl_qiao_002.mesh	OK	35500	776	522	1	22772	0	1	0	7252	776	522
mobile_maps_source\w1351_dl_qiao_003.mesh	OK	27292	594	406	1	17444	0	1	0	5564	594	406
mobile_maps_source\w1351_dl_qinghuaqiang_001.mesh	OK	4884	104	54	3	3020	0	1	0	940	104	12+30+12
mobile_maps_source\w1351_dl_qinghuaqiangjiao_001.mesh	OK	5020	107	56	3	3108	0	1	0	968	107	32+12+12
mobile_maps_source\w1351_dl_qinghuaqiangtou_001.mesh	OK	9444	207	109	3	6014	0	0	0	3530	207	10+83+16
mobile_maps_source\w1351_dl_qingtongbaijian_001.mesh	OK	10516	225	154	1	6608	0	1	0	2108	225	154
mobile_maps_source\w1351_dl_qingtongfangding_001.mesh	OK	25084	548	360	1	16064	0	1	0	5104	548	360
mobile_maps_source\w1351_dl_qingtongjiuzun_001.mesh	OK	18124	379	335	1	11282	0	0	0	6734	379	335
mobile_maps_source\w1351_dl_rigui_001.mesh	OK	141024	3012	2532	2	89400	0	1	0	29160	3012	183+2349
mobile_maps_source\w1351_dl_rongshu_001.mesh	OK	17052	365	270	3	10760	0	1	0	3460	365	126+16+128
mobile_maps_source\w1351_dl_san_001.mesh	OK	1976	37	26	2	1088	0	1	0	348	37	14+12
mobile_maps_source\w1351_dl_shimo_001.mesh	OK	11620	243	202	1	7208	0	1	0	2348	243	202
mobile_maps_source\w1351_dl_shishizi_001.mesh	OK	113085	2226	2945	2	68218	197	0	0	41506	2226	224+2721
mobile_maps_source\w1351_dl_shishizi_002.mesh	OK	11468	238	208	1	7080	0	1	0	2320	238	208
mobile_maps_source\w1351_dl_shitoudui_001.mesh	OK	3156	63	44	1	1852	0	1	0	592	63	44
mobile_maps_source\w1351_dl_shizhuang_001.mesh	OK	12668	276	168	1	8064	0	1	0	2544	276	168
mobile_maps_source\w1351_dl_shucaijia_001.mesh	OK	9932	207	171	1	6138	0	0	0	3654	207	171
mobile_maps_source\w1351_dl_shuigang_001.mesh	OK	2692	49	56	1	1484	0	1	0	504	49	56
mobile_maps_source\w1351_dl_shuijing_001.mesh	OK	16812	367	230	3	10736	0	1	0	3396	367	118+48+64
mobile_maps_source\w1351_dl_shuijinga_002.mesh	OK	16972	380	186	1	11012	0	1	0	3412	380	186
mobile_maps_source\w1351_dl_simiao_001.mesh	OK	186236	4126	2612	5	120752	0	1	0	38232	4126	1037+216+695+154+510
mobile_maps_source\w1351_dl_taijie4_001.mesh	OK	19656	431	266	2	12600	0	1	0	3980	431	214+52
mobile_maps_source\w1351_dl_taijiebian_001.mesh	OK	9868	213	133	1	6230	0	0	0	3674	213	133
mobile_maps_source\w1351_dl_taijiediaohua4_001.mesh	OK	20248	445	270	2	13000	0	1	0	4100	445	214+56
mobile_maps_source\w1351_dl_tanzi_001.mesh	OK	3380	63	72	1	1908	0	1	0	648	63	72
mobile_maps_source\w1351_dl_tengman_001.mesh	OK	9596	206	134	1	6036	0	1	0	1916	206	134
mobile_maps_source\w1351_dl_tiejiangqi_001.mesh	OK	12572	205	101	1	9222	0	1	0	5122	205	101
mobile_maps_source\w1351_dl_tiejiangtaizi_001.mesh	OK	134048	3135	1045	2	89870	0	0	0	52250	3135	917+128
mobile_maps_source\w1351_dl_tiejiangtaizi_002.mesh	OK	2780	56	32	1	1632	0	1	0	512	56	32
mobile_maps_source\w1351_dl_tiejiangtaizi_003.mesh	OK	4380	94	42	1	2716	0	1	0	836	94	42
mobile_maps_source\w1351_dl_tonglu_001.mesh	OK	14332	299	261	1	8894	0	0	0	5306	299	261
mobile_maps_source\w1351_dl_tongqian_001.mesh	OK	4464	90	72	2	2664	0	1	0	864	90	60+12
mobile_maps_source\w1351_dl_wangfu_001.mesh	OK	128644	2878	1653	5	83890	0	0	0	49354	2878	116+851+76+524+86
mobile_maps_source\w1351_dl_wangfu_002.mesh	OK	35832	787	494	5	23024	100	1	0	7284	787	268+24+128+36+38
mobile_maps_source\w1351_dl_wangfu_003.mesh	OK	49284	1087	688	5	31812	0	1	0	10072	1087	12+48+454+120+54
mobile_maps_source\w1351_dl_wangfu_004.mesh	OK	70380	1549	1015	5	45402	0	0	0	26814	1549	64+194+521+68+168
mobile_maps_source\w1351_dl_wangfu_005.mesh	OK	61336	1344	910	4	39452	0	1	0	12572	1344	440+68+370+32
mobile_maps_source\w1351_dl_wangfu_006.mesh	OK	57260	1269	776	3	37084	0	1	0	11704	1269	524+168+84
mobile_maps_source\w1351_dl_weilan_001.mesh	OK	4236	88	54	1	2572	0	1	0	812	88	54
mobile_maps_source\w1351_dl_weilan_002.mesh	OK	2092	40	26	1	1172	0	1	0	372	40	26
mobile_maps_source\w1351_dl_weilan_003.mesh	OK	20044	440	270	1	12860	0	1	0	4060	440	270
mobile_maps_source\w1351_dl_weilan_004.mesh	OK	12140	264	162	1	7716	0	1	0	2436	264	162
mobile_maps_source\w1351_dl_weilanhuatan_001.mesh	OK	12316	272	144	1	7904	0	1	0	2464	272	144
mobile_maps_source\w1351_dl_weilanhuatanjiao_001.mesh	OK	14348	318	168	1	9240	0	1	0	2880	318	168
mobile_maps_source\w1351_dl_weilanhuatantou_001.mesh	OK	7420	162	82	1	4700	0	1	0	1460	162	82
mobile_maps_source\w1351_dl_wuguan_001.mesh	OK	63864	1060	526	4	47692	0	1	0	26492	1060	32+160+2+332
mobile_maps_source\w1351_dl_wuguanqi_001.mesh	OK	36000	597	285	2	26838	0	1	0	14898	597	198+87
mobile_maps_source\w1351_dl_xiangjiaoshu_001.mesh	OK	22972	386	134	1	17252	0	1	0	9532	386	134
mobile_maps_source\w1351_dl_xianglu_001.mesh	OK	39884	874	580	1	25632	0	1	0	8152	874	580
mobile_maps_source\w1351_dl_xiangzi_001.mesh	OK	2316	44	34	1	1300	0	1	0	420	44	34
mobile_maps_source\w1351_dl_yaojiazi_001.mesh	OK	7856	172	86	2	4988	0	1	0	1548	172	14+72
mobile_maps_source\w1351_dl_yaokuang_001.mesh	OK	3036	58	54	1	1732	0	1	0	572	58	54
mobile_maps_source\w1351_dl_yaoyi_001.mesh	OK	11060	239	152	1	6996	0	1	0	2216	239	152
mobile_maps_source\w1351_dl_yezishu_001.mesh	OK	38416	649	223	2	29002	0	1	0	16022	649	60+163
mobile_maps_source\w1351_dl_yezishu_002.mesh	OK	10592	216	208	2	6464	0	1	0	2144	216	48+160
mobile_maps_source\w1351_dl_yezishu_003.mesh	OK	68692	1158	444	3	51840	0	1	0	28680	1158	184+224+36
mobile_maps_source\w1351_dl_yingchunhua_001a.mesh	OK	3177	57	52	1	1700	197	1	0	560	57	52
mobile_maps_source\w1351_dl_yizhanmacao_001.mesh	OK	3992	81	58	2	2384	0	1	0	764	81	40+18
mobile_maps_source\w1351_dl_yumijia_001.mesh	OK	18140	394	262	1	11556	0	1	0	3676	394	262
mobile_maps_source\w1351_dl_zahuotan_001.mesh	OK	18340	410	206	3	11892	0	1	0	3692	410	16+180+10
mobile_maps_source\w1351_dl_zhalan_001.mesh	OK	3896	77	66	2	2288	0	1	0	748	77	16+50
mobile_maps_source\w1351_dl_zhalan_002.mesh	OK	1188	19	18	1	568	0	1	0	188	19	18
mobile_maps_source\w1351_dl_zhongguojie_001.mesh	OK	1724	24	12	1	1080	0	1	0	600	24	12
mobile_maps_source\w1351_dl_zhulongcao_001.mesh	OK	56676	1211	994	1	35896	0	1	0	11676	1211	994
mobile_maps_source\w1351_dl_zhuzi_001.mesh	OK	27852	464	198	1	20812	0	1	0	11532	464	198
mobile_maps_source\w1351_dw_caopeng_001.mesh	OK	7328	154	110	2	4532	0	1	0	1452	154	40+70
mobile_maps_source\w1351_dw_fwcaodinglou_001.mesh	OK	52100	1147	740	5	33596	0	1	0	10656	1147	175+317+40+146+62
mobile_maps_source\w1351_dw_fwcaopengmuti_001.mesh	OK	44028	953	702	3	28088	0	1	0	9028	953	261+254+187
mobile_maps_source\w1351_dw_fwchanghezi_001.mesh	OK	41948	924	587	3	27046	0	0	0	15958	924	206+101+280
mobile_maps_source\w1351_dw_fwercengxiao_001.mesh	OK	47268	1043	656	5	30516	0	1	0	9656	1043	430+60+2+156+8
mobile_maps_source\w1351_dw_fwfang_001.mesh	OK	21388	465	312	3	13644	0	1	0	4344	465	2+32+278
mobile_maps_source\w1351_dw_fwmuwuer_001.mesh	OK	68004	1517	879	3	44234	0	0	0	26030	1517	241+72+566
mobile_maps_source\w1351_dw_fwshiqiangbu_001.mesh	OK	33996	746	482	5	21852	0	1	0	6932	746	42+284+101+40+15
mobile_maps_source\w1351_dw_fwyuandinggao_001.mesh	OK	32240	715	418	4	20856	0	1	0	6556	715	44+262+16+96
mobile_maps_source\w1351_dw_fwzhalan_001.mesh	OK	22052	480	320	3	14080	0	1	0	4480	480	2+40+278
mobile_maps_source\w1351_dw_jitantubao_001.mesh	OK	67228	1569	523	1	44978	0	0	0	26150	1569	523
mobile_maps_source\w1351_dw_kushusongshu_001.mesh	OK	8472	180	123	2	5286	0	0	0	3126	180	80+43
mobile_maps_source\w1351_dw_mucaduiqi_001.mesh	OK	13884	282	290	1	8476	0	1	0	2836	282	290
mobile_maps_source\w1351_dw_mucaidui_001.mesh	OK	10636	233	129	1	6782	0	0	0	3986	233	129
mobile_maps_source\w1351_dw_mucaiduisanjiao_001.mesh	OK	24996	544	369	1	15970	0	0	0	9442	544	369
mobile_maps_source\w1351_dw_mujiafengche_001.mesh	OK	35172	782	450	3	22796	0	1	0	7156	782	188+228+34
mobile_maps_source\w1351_dw_mujiasanmian_001.mesh	OK	13664	293	207	2	8618	0	0	0	5102	293	12+195
mobile_maps_source\w1351_dw_mumen_001.mesh	OK	12740	275	182	1	8064	0	1	0	2564	275	182
mobile_maps_source\w1351_dw_mupengban_001.mesh	OK	11956	258	168	3	7560	0	1	0	2400	258	122+12+34
mobile_maps_source\w1351_dw_mupengbupeng_001.mesh	OK	20188	435	312	3	12804	0	1	0	4104	435	4+8+300
mobile_maps_source\w1351_dw_muqiao_001.mesh	OK	32868	723	458	1	21160	0	1	0	6700	723	458
mobile_maps_source\w1351_dw_muti_001.mesh	OK	10700	230	152	1	6744	0	1	0	2144	230	152
mobile_maps_source\w1351_dw_mutidui_001.mesh	OK	25540	553	392	1	16268	0	1	0	5208	553	392
mobile_maps_source\w1351_dw_muzhalan_001.mesh	OK	12340	264	187	1	7766	0	0	0	4598	264	187
mobile_maps_source\w1351_dw_muzhalangongge_001.mesh	OK	13260	283	207	1	8338	0	0	0	4942	283	207
mobile_maps_source\w1351_dw_muzhalanpo_001.mesh	OK	14196	306	209	1	8986	0	0	0	5314	306	209
mobile_maps_source\w1351_dw_muzhalanzhongy_001.mesh	OK	17580	375	287	1	11074	0	0	0	6574	375	287
mobile_maps_source\w1351_dw_muzhuangsan_001.mesh	OK	6684	142	90	1	4156	0	1	0	1316	142	90
mobile_maps_source\w1351_dw_shitouqun_001.mesh	OK	17396	367	304	1	10884	0	1	0	3544	367	304
mobile_maps_source\w1351_dw_shiyangtao_001.mesh	OK	10532	223	166	1	6576	0	1	0	2116	223	166
mobile_maps_source\w1351_dw_shuzhuangnianlun_001.mesh	OK	2732	54	36	1	1584	0	1	0	504	54	36
mobile_maps_source\w1351_dw_songshuduan_001.mesh	OK	51828	1118	852	3	33008	0	1	0	10648	1118	746+26+80
mobile_maps_source\w1351_dw_songshufei_001.mesh	OK	48560	1027	899	2	30554	0	0	0	18230	1027	856+43
mobile_maps_source\w1351_dw_songshugao_001.mesh	OK	49584	1061	857	2	31422	0	0	0	18690	1061	820+37
mobile_maps_source\w1351_dw_songshuku_001.mesh	OK	8432	179	123	2	5258	0	0	0	3110	179	80+43
mobile_maps_source\w1351_dw_songshulv_001.mesh	OK	19568	413	345	2	12254	0	0	0	7298	413	308+37
mobile_maps_source\w1351_dw_yehuacong_001.mesh	OK	10300	168	76	1	7544	0	1	0	4184	168	76
mobile_maps_source\w1351_dw_yejuhuacong_001.mesh	OK	10300	168	76	1	7544	0	1	0	4184	168	76
mobile_maps_source\w1351_dw_yuanmucaidui_001.mesh	OK	26836	569	474	1	16880	0	1	0	5500	569	474
mobile_maps_source\w1351_dw_yuanshimuqiao_001.mesh	OK	59192	1295	888	2	38036	0	1	0	12136	1295	704+184
mobile_maps_source\w1351_dw_yuanshiqiao_001.mesh	OK	59288	1292	915	2	38006	0	0	0	22502	1292	177+738
mobile_maps_source\w1351_dw_zifengling_001.mesh	OK	15164	248	124	1	11160	0	1	0	6200	248	124
mobile_maps_source\w1351_dw_zifenglingxiao_001.mesh	OK	4604	72	36	1	3240	0	1	0	1800	72	36
mobile_maps_source\w1351_eh_duanqi_001.mesh	OK	11525	184	92	2	8280	197	1	0	4600	184	32+60
mobile_maps_source\w1351_eh_fangmen_001.mesh	OK	54792	1226	683	2	35694	0	0	0	20982	1226	343+340
mobile_maps_source\w1351_eh_fwlvbu_001.mesh	OK	58604	1297	804	3	37924	0	1	0	11984	1297	4+554+246
mobile_maps_source\w1351_eh_shuiche_001.mesh	OK	76964	1693	1120	1	49644	0	1	0	15784	1693	1120
mobile_maps_source\w1351_eh_wanjiegushu_001.mesh	OK	16568	361	229	4	10566	0	0	0	6234	361	18+15+130+66
mobile_maps_source\w1351_eh_wenquandong_001.mesh	OK	20868	453	305	7	13294	0	0	0	7858	453	58+170+4+4+8+8+53
mobile_maps_source\w1351_em_biaozhiqi_001.mesh	OK	10612	172	86	3	7740	0	1	0	4300	172	30+24+32
mobile_maps_source\w1351_em_changlangtingyuo_001.mesh	OK	21856	469	350	4	13832	0	1	0	4452	469	138+118+38+56
mobile_maps_source\w1351_em_changlangyuan_001.mesh	OK	45088	965	774	4	28568	0	1	0	9268	965	296+124+130+224
mobile_maps_source\w1351_em_dabaihehua_001.mesh	OK	28612	614	471	1	18134	0	0	0	10766	614	471
mobile_maps_source\w1351_em_denglong_001.mesh	OK	34316	571	257	1	25638	0	1	0	14218	571	257
mobile_maps_source\w1351_em_denglongyi_001.mesh	OK	12268	201	91	1	9026	0	1	0	5006	201	91
mobile_maps_source\w1351_em_dimian_001.mesh	OK	12060	248	232	1	7408	0	1	0	2448	248	232
mobile_maps_source\w1351_em_emeipaidamen_001.mesh	OK	92612	2046	1310	3	59908	0	1	0	18988	2046	200+54+1056
mobile_maps_source\w1351_em_fangtingqiao_001.mesh	OK	77280	1690	1172	6	49664	0	1	0	15864	1690	40+174+16+88+194+660
mobile_maps_source\w1351_em_fwgongchun_001.mesh	OK	102356	2261	1452	5	66212	0	1	0	20992	2261	106+736+136+396+78
mobile_maps_source\w1351_em_fwpiandian_001.mesh	OK	39672	873	556	6	25556	0	1	0	8096	873	272+52+4+170+26+32
mobile_maps_source\w1351_em_huidiesidai_001.mesh	OK	7964	128	64	1	5760	0	1	0	3200	128	64
mobile_maps_source\w1351_em_ludenglong_001.mesh	OK	15856	261	119	2	11722	0	1	0	6502	261	28+91
mobile_maps_source\w1351_em_pingfeng_001.mesh	OK	60160	1324	864	2	38800	0	1	0	12320	1324	396+468
mobile_maps_source\w1351_em_qiang2x5_001.mesh	OK	2244	45	20	1	1300	0	1	0	400	45	20
mobile_maps_source\w1351_em_qiang2x5_002.mesh	OK	4116	87	44	1	2524	0	1	0	784	87	44
mobile_maps_source\w1351_em_qiang2x5jiao_001.mesh	OK	4676	99	54	1	2880	0	1	0	900	99	54
mobile_maps_source\w1351_em_qiang2x5jiao_002.mesh	OK	1988	39	18	1	1128	0	1	0	348	39	18
mobile_maps_source\w1351_em_qiang2x5tou_001.mesh	OK	3180	66	32	1	1912	0	1	0	592	66	32
mobile_maps_source\w1351_em_qiang4_001.mesh	OK	3409	62	56	1	1848	197	1	0	608	62	56
mobile_maps_source\w1351_em_qiang4jiao_001.mesh	OK	5313	102	94	1	3044	197	1	0	1004	102	94
mobile_maps_source\w1351_em_qiang8_001.mesh	OK	5868	118	108	1	3520	0	1	0	1160	118	108
mobile_maps_source\w1351_em_qiang8jiao_001.mesh	OK	9836	202	184	1	6024	0	1	0	1984	202	184
mobile_maps_source\w1351_em_qiaozhu_001.mesh	OK	2036	37	34	1	1104	0	1	0	364	37	34
mobile_maps_source\w1351_em_qingtaihuamu_001.mesh	OK	6524	141	75	1	4098	0	0	0	2406	141	75
mobile_maps_source\w1351_em_rongshuai_001.mesh	OK	40528	907	495	2	26386	0	0	0	15502	907	466+29
mobile_maps_source\w1351_em_shengjiemuqiao_001.mesh	OK	17872	374	328	2	11128	0	1	0	3648	374	216+112
mobile_maps_source\w1351_em_shengjiemuqiaotou_001.mesh	OK	18632	390	343	2	11606	0	0	0	6926	390	230+113
mobile_maps_source\w1351_em_shiqiao_001.mesh	OK	15816	340	240	2	10000	8	1	0	3200	340	208+32
mobile_maps_source\w1351_em_shiqiaoxie_001.mesh	OK	15816	340	240	2	10000	8	1	0	3200	340	208+32
mobile_maps_source\w1351_em_shushengjie_001.mesh	OK	9308	200	128	1	5856	0	1	0	1856	200	128
mobile_maps_source\w1351_em_shuzhuangtai_001.mesh	OK	29300	608	586	3	18196	0	1	0	6036	608	192+27+367
mobile_maps_source\w1351_em_taijieduan_001.mesh	OK	9552	205	133	2	6006	0	0	0	3546	205	28+105
mobile_maps_source\w1351_em_taijieduan_002.mesh	OK	2268	44	28	1	1288	0	1	0	408	44	28
mobile_maps_source\w1351_em_taijieduana_001.mesh	OK	7644	163	105	1	4774	0	0	0	2818	163	105
mobile_maps_source\w1351_em_taijiejian_003.mesh	OK	9724	212	120	1	6176	0	1	0	1936	212	120
mobile_maps_source\w1351_em_taijiejian_004.mesh	OK	14524	316	200	1	9248	0	1	0	2928	316	200
mobile_maps_source\w1351_em_taohuashu_001.mesh	OK	10276	217	164	1	6404	0	1	0	2064	217	164
mobile_maps_source\w1351_em_taohuashuer_001.mesh	OK	12908	278	188	1	8160	0	1	0	2600	278	188
mobile_maps_source\w1351_em_taohuashuxicha_001.mesh	OK	9508	204	133	1	5978	0	0	0	3530	204	133
mobile_maps_source\w1351_em_tingzi_001.mesh	OK	45052	982	684	5	28864	0	1	0	9224	982	300+64+240+48+32
mobile_maps_source\w1351_em_weilan_001.mesh	OK	3668	75	48	1	2196	0	1	0	696	75	48
mobile_maps_source\w1351_em_xiaojuhua_001.mesh	OK	1180	20	12	1	584	0	1	0	184	20	12
mobile_maps_source\w1351_em_xiaotingzi_001.mesh	OK	26476	568	432	5	16768	0	1	0	5408	568	40+110+16+64+202
mobile_maps_source\w1351_em_yuanmulan_001.mesh	OK	21616	476	286	2	13900	0	1	0	4380	476	70+216
mobile_maps_source\w1351_em_zhuguocong_001.mesh	OK	2912	56	48	2	1664	0	1	0	544	56	36+12
mobile_maps_source\w1351_em_zhumen_001.mesh	OK	5952	122	98	2	3612	0	1	0	1172	122	74+24
mobile_maps_source\w1351_fbgf_bianzhong_001.mesh	OK	117073	2568	1734	1	75372	197	1	0	24012	2568	1734
mobile_maps_source\w1351_fbgf_cipingbai_001.mesh	OK	10252	206	216	1	6200	0	1	0	2080	206	216
mobile_maps_source\w1351_fbgf_cipingdi_001.mesh	OK	15153	306	304	1	9176	197	1	0	3056	306	304
mobile_maps_source\w1351_fbgf_ditanchang_001.mesh	OK	1649	26	16	1	760	197	1	0	240	26	16
mobile_maps_source\w1351_fbgf_gongdengdengzhu_001.mesh	OK	40133	870	606	2	25572	197	1	0	8172	870	590+16
mobile_maps_source\w1351_fbgf_pingfengerxiao_001.mesh	OK	26353	574	364	1	16800	197	1	0	5320	574	364
mobile_maps_source\w1351_fbgf_pingfengfang_001.mesh	OK	11916	258	164	1	7552	0	1	0	2392	258	164
mobile_maps_source\w1351_fbgf_pingfengmujia_001.mesh	OK	22841	499	300	1	14572	197	1	0	4592	499	300
mobile_maps_source\w1351_fbgf_pingfengzheng_001.mesh	OK	184012	3950	3216	1	117032	0	1	0	38032	3950	3216
mobile_maps_source\w1351_fbgf_putuan_001.mesh	OK	6044	132	60	1	3816	0	1	0	1176	132	60
mobile_maps_source\w1351_fbgf_qintai_001.mesh	OK	18820	404	297	1	11906	0	0	0	7058	404	297
mobile_maps_source\w1351_fbgf_shizuo_001.mesh	OK	15732	343	216	1	10036	0	1	0	3176	343	216
mobile_maps_source\w1351_fbgf_shufajia_001.mesh	OK	54540	1172	922	1	34660	0	1	0	11220	1172	922
mobile_maps_source\w1351_fbgf_shufaping_001.mesh	OK	11793	246	184	1	7256	197	1	0	2336	246	184
mobile_maps_source\w1351_fbgf_shujiachang_001.mesh	OK	203977	4572	2577	1	133170	197	0	0	78306	4572	2577
mobile_maps_source\w1351_fbgf_shujiaer_001.mesh	OK	108433	2407	1459	1	70314	197	0	0	41430	2407	1459
mobile_maps_source\w1351_fbgf_shujiank_001m.mesh	OK	74753	1663	969	1	48502	197	0	0	28546	1663	969
mobile_maps_source\w1351_fbgf_shujiazai_001.mesh	OK	72300	1598	1012	1	46768	0	1	0	14808	1598	1012
mobile_maps_source\w1351_fbgf_shuzhuohua_001.mesh	OK	61897	1341	972	1	39492	197	1	0	12672	1341	972
mobile_maps_source\w1351_fbgf_xiangluhulu_001.mesh	OK	33905	650	928	1	20056	197	1	0	7056	650	928
mobile_maps_source\w1351_fbgf_zhujian_001.mesh	OK	6353	128	94	1	3772	197	1	0	1212	128	94
mobile_maps_source\w1351_fbgf_zhujiandui_001.mesh	OK	35393	766	534	1	22516	197	1	0	7196	766	534
mobile_maps_source\w1351_fh_denglong_001.mesh	OK	5857	90	42	1	4044	197	1	0	2244	90	42
mobile_maps_source\w1351_fh_shaluoshuer_001.mesh	OK	19161	411	280	1	12068	197	1	0	3848	411	280
mobile_maps_source\w1351_fh_shaotahui_001.mesh	OK	35985	772	578	1	22772	197	1	0	7332	772	578
mobile_maps_source\w1351_fq_lianhuadeng_001.mesh	OK	14921	295	330	1	8920	197	1	0	3020	295	330
mobile_maps_source\w1351_gb_damen_001.mesh	OK	56492	1254	754	5	36620	0	1	0	11540	1254	542+32+124+28+28
mobile_maps_source\w1351_gb_fwxiangfangduilian_001.mesh	OK	57964	1272	848	5	37312	0	1	0	11872	1272	138+28+324+356+2
mobile_maps_source\w1351_gb_fwxiangfangmen_001.mesh	OK	29020	634	420	5	18592	0	1	0	5912	634	108+204+36+68+4
mobile_maps_source\w1351_gb_fwxiangfangshuang_001.mesh	OK	59620	1305	890	5	38320	0	1	0	12220	1305	18+238+130+468+36
mobile_maps_source\w1351_gb_fwxiangfangtaijie_001.mesh	OK	54284	1187	813	5	34862	0	0	0	20618	1187	38+14+363+64+334
mobile_maps_source\w1351_gb_gaibangzhongduoqi_001.mesh	OK	15125	244	122	2	10980	197	1	0	6100	244	28+94
mobile_maps_source\w1351_gb_ganglinghuai_001.mesh	OK	4012	84	46	1	2444	0	1	0	764	84	46
mobile_maps_source\w1351_gb_pianmen_001.mesh	OK	11844	257	158	5	7512	0	1	0	2372	257	40+8+30+32+48
mobile_maps_source\w1351_gb_qiang_001.mesh	OK	5332	114	60	3	3312	0	1	0	1032	114	12+40+8
mobile_maps_source\w1351_gb_qiang_002.mesh	OK	3209	62	30	3	1796	197	1	0	556	62	6+20+4
mobile_maps_source\w1351_gb_qiang_003.mesh	OK	4036	86	38	3	2484	0	1	0	764	86	8+26+4
mobile_maps_source\w1351_gb_qiangjiao_001.mesh	OK	9124	200	104	3	5808	0	1	0	1808	200	16+20+68
mobile_maps_source\w1351_gb_qiangjiao_002.mesh	OK	4041	80	44	3	2328	197	1	0	728	80	8+8+28
mobile_maps_source\w1351_gb_qiangtou_001.mesh	OK	7556	162	98	3	4732	0	1	0	1492	162	86+8+4
mobile_maps_source\w1351_gb_qizhuo_001.mesh	OK	8892	190	126	1	5572	0	1	0	1772	190	126
mobile_maps_source\w1351_gb_shandong_001.mesh	OK	8688	179	155	2	5322	0	0	0	3174	179	2+153
mobile_maps_source\w1351_gb_shanmentaijiea_001.mesh	OK	6157	130	59	2	3758	197	0	0	2198	130	28+31
mobile_maps_source\w1351_gb_shanmentaijiea_002.mesh	OK	3900	80	52	1	2344	0	1	0	744	80	52
mobile_maps_source\w1351_gb_shanmentaijiequan_001.mesh	OK	16240	364	174	2	10540	0	1	0	3260	364	62+112
mobile_maps_source\w1351_gb_shidiaoguangong_001.mesh	OK	25024	529	447	2	15706	0	0	0	9358	529	403+44
mobile_maps_source\w1351_gb_taijiehulan_001.mesh	OK	9932	216	126	1	6300	0	1	0	1980	216	126
mobile_maps_source\w1351_gb_taijiehulan_002.mesh	OK	5260	110	72	1	3224	0	1	0	1024	110	72
mobile_maps_source\w1351_gb_taijiehulan_003.mesh	OK	4492	94	56	1	2744	0	1	0	864	94	56
mobile_maps_source\w1351_gb_taijiepm_001.mesh	OK	13484	298	160	1	8664	0	1	0	2704	298	160
mobile_maps_source\w1351_gb_tingzi_001.mesh	OK	33148	723	492	3	21228	0	1	0	6768	723	152+316+24
mobile_maps_source\w1351_gb_yingbi_001.mesh	OK	17912	390	252	4	11424	0	1	0	3624	390	72+12+8+160
mobile_maps_source\w1351_gb_yiqi_001.mesh	OK	11265	180	88	1	8096	197	1	0	4496	180	88
mobile_maps_source\w1351_gb_yueliangmen_001.mesh	OK	24708	524	432	3	15536	0	1	0	5056	524	68+348+16
mobile_maps_source\w1351_gb_zhongqi_001.mesh	OK	11265	180	88	1	8096	197	1	0	4496	180	88
mobile_maps_source\w1351_gf_taohuashulao_001.mesh	OK	131477	2758	2584	2	82392	197	1	0	27232	2758	1420+1164
mobile_maps_source\w1351_gf_taohuashuxiao_001.mesh	OK	86637	1897	1284	2	55684	197	1	0	17744	1897	703+581
mobile_maps_source\w1351_gymx_dwmcshuzhuang_001.mesh	OK	4921	93	90	1	2784	197	1	0	924	93	90
mobile_maps_source\w1351_gymx_dwmcshuzhuang_002.mesh	OK	2209	36	36	1	1080	197	1	0	360	36	36
mobile_maps_source\w1351_gymx_dwmuchangshu_001.mesh	OK	25537	551	377	1	16182	197	0	0	9570	551	377
mobile_maps_source\w1351_gymx_dwmuchangshu_004.mesh	OK	27897	590	477	1	17474	197	0	0	10394	590	477
mobile_maps_source\w1351_gymx_dwmutoudui_001.mesh	OK	13465	289	176	5	8444	197	1	0	2664	289	154+6+6+6+4
mobile_maps_source\w1351_gymx_dwzhalan_001.mesh	OK	16137	336	277	1	9962	197	0	0	5930	336	277
mobile_maps_source\w1351_gymx_dwzhalan_002.mesh	OK	11377	231	207	1	6882	197	0	0	4110	231	207
mobile_maps_source\w1351_gymx_dwzhalan_003.mesh	OK	13481	279	230	1	8272	197	1	0	2692	279	230
mobile_maps_source\w1351_gymx_dwzhalan_004.mesh	OK	9361	187	175	1	5586	197	0	0	3342	187	175
mobile_maps_source\w1351_gymx_dwzhalan_005.mesh	OK	10801	219	195	1	6522	197	0	0	3894	219	195
mobile_maps_source\w1351_gymx_dwzhalantai_001.mesh	OK	23257	491	392	1	14532	197	1	0	4712	491	392
mobile_maps_source\w1351_gymx_fenhuaguanmuy_001.mesh	OK	60972	1028	390	1	46012	0	1	0	25452	1028	390
mobile_maps_source\w1351_gymx_gbdachuan_001.mesh	OK	226844	4990	3369	3	146458	0	0	0	86578	4990	1410+1140+819
mobile_maps_source\w1351_gymx_gbdachuan_002.mesh	OK	127788	2828	1797	3	82778	0	0	0	48842	2828	1043+360+394
mobile_maps_source\w1351_gymx_huangguanmuy_001.mesh	OK	64940	1092	438	1	48924	0	1	0	27084	1092	438
mobile_maps_source\w1351_gymx_juhuaguanmuy_001.mesh	OK	60252	1016	384	1	45472	0	1	0	25152	1016	384
mobile_maps_source\w1351_gymx_jushu_001.mesh	OK	291456	4916	1984	2	220272	0	1	0	121952	4916	1012+972
mobile_maps_source\w1351_gymx_pinjieshi_004.mesh	OK	4508	84	108	1	2568	0	1	0	888	84	108
mobile_maps_source\w1351_gymx_shugen_003.mesh	OK	27609	555	616	1	16772	197	1	0	5672	555	616
mobile_maps_source\w1351_gymx_xiaochashu_001.mesh	OK	196336	3298	1420	2	147952	0	1	0	81992	3298	315+1105
mobile_maps_source\w1351_gymx_xiaochuan_001.mesh	OK	27492	601	396	1	17620	0	1	0	5600	601	396
mobile_maps_source\w1351_hld_baguatai_002.mesh	OK	54956	1182	923	3	34942	0	0	0	20758	1182	540+170+213
mobile_maps_source\w1351_hld_duanzhuzi_001.mesh	OK	4156	86	54	1	2516	0	1	0	796	86	54
mobile_maps_source\w1351_hld_kushuduan_001.mesh	OK	9084	192	140	1	5656	0	1	0	1816	192	140
mobile_maps_source\w1351_hld_shuduan_001.mesh	OK	8648	186	115	2	5438	0	0	0	3206	186	16+99
mobile_maps_source\w1351_hld_tengtiaodenglong_001.mesh	OK	28408	583	600	2	17524	0	1	0	5864	583	480+120
mobile_maps_source\w1351_hld_zhongrushi_001.mesh	OK	10556	225	159	1	6618	0	0	0	3918	225	159
mobile_maps_source\w1351_hlf_shibanya_001.mesh	OK	1180	20	16	1	560	0	1	0	160	20	16
mobile_maps_source\w1351_hlf_shitaijie_001.mesh	OK	2196	40	52	1	1120	0	1	0	320	40	52
mobile_maps_source\w1351_hlf_shizhusan_001.mesh	OK	17980	394	322	2	11032	0	1	0	3152	394	50+272
mobile_maps_source\w1351_hlf_shizhusan_002.mesh	OK	17900	392	322	2	10976	0	1	0	3136	392	50+272
mobile_maps_source\w1351_hlf_shizhusan_003.mesh	OK	3256	68	42	1	1904	0	1	0	544	68	42
mobile_maps_source\w1351_hlf_xueputaojia_001.mesh	OK	44122	1003	619	2	28084	0	1	0	8024	1003	307+312
mobile_maps_source\w1351_jb_diaodeng_001.mesh	OK	6681	135	100	1	3980	197	1	0	1280	135	100
mobile_maps_source\w1351_jb_diaodeng_002.mesh	OK	6681	135	100	1	3980	197	1	0	1280	135	100
mobile_maps_source\w1351_jb_gongpin_001.mesh	OK	16613	314	434	1	9660	297	1	0	3380	314	434
mobile_maps_source\w1351_jb_guanyudx_001.mesh	OK	85659	1702	2087	3	51830	591	0	0	31406	1702	875+36+1176
mobile_maps_source\w1351_jb_jiubei_001.mesh	OK	4857	89	102	1	2696	197	1	0	916	89	102
mobile_maps_source\w1351_jb_jiuhu_001.mesh	OK	15073	284	404	1	8760	197	1	0	3080	284	404
mobile_maps_source\w1351_jb_maocaofang_001.mesh	OK	58705	1292	815	7	37806	197	0	0	22302	1292	180+36+59+36+412+28+64
mobile_maps_source\w1351_jb_maocaofang_002.mesh	OK	71425	1593	900	7	46404	197	1	0	14544	1593	153+36+72+487+40+56+56
mobile_maps_source\w1351_jb_maocaofangpj_001.mesh	OK	12600	274	168	4	8008	0	1	0	2528	274	18+100+48+2
mobile_maps_source\w1351_jb_maocaomen_001.mesh	OK	33977	756	406	3	21980	197	1	0	6860	756	112+280+14
mobile_maps_source\w1351_jb_maocaoting_001.mesh	OK	56525	1253	740	2	36564	197	1	0	11504	1253	596+144
mobile_maps_source\w1351_jb_muzhuo_001.mesh	OK	8486	176	96	1	5120	394	1	0	1600	176	96
mobile_maps_source\w1351_jb_qizi_001.mesh	OK	16985	353	298	1	10480	197	1	0	3420	353	298
mobile_maps_source\w1351_jb_shanlan_001.mesh	OK	107641	2381	1490	1	69648	197	1	0	22028	2381	1490
mobile_maps_source\w1351_jb_shanlan_002.mesh	OK	36129	792	496	1	23168	197	1	0	7328	792	496
mobile_maps_source\w1351_jb_shanshi_002.mesh	OK	22113	420	604	1	12968	197	1	0	4568	420	604
mobile_maps_source\w1351_jb_shanshi_003.mesh	OK	27517	514	809	2	16010	197	0	0	9842	514	629+180
mobile_maps_source\w1351_jb_shanshi_004.mesh	OK	25481	459	830	1	14512	197	1	0	5332	459	830
mobile_maps_source\w1351_jb_shideng_001.mesh	OK	4825	87	108	1	2652	197	1	0	912	87	108
mobile_maps_source\w1351_jb_shizhuo_001.mesh	OK	10785	205	263	1	6266	197	0	0	3806	205	263
mobile_maps_source\w1351_jb_shizhuochang_001.mesh	OK	7424	142	84	1	4144	788	1	0	1304	142	84
mobile_maps_source\w1351_jb_taohuaban_001.mesh	OK	657	4	2	1	116	197	1	0	36	4	2
mobile_maps_source\w1351_jb_taohuaban_002.mesh	OK	2137	25	32	1	1164	197	1	0	664	25	32
mobile_maps_source\w1351_jb_xianglu_001.mesh	OK	13137	281	177	1	8222	197	0	0	4850	281	177
mobile_maps_source\w1351_jb_xiaoshanshi_001.mesh	OK	8497	150	252	1	4704	197	1	0	1704	150	252
mobile_maps_source\w1351_jb_xiaoshanshi_002.mesh	OK	7313	128	214	1	4012	197	1	0	1452	128	214
mobile_maps_source\w1351_jb_yuantai_001.mesh	OK	49137	1050	832	1	31064	197	1	0	10064	1050	832
mobile_maps_source\w1351_jg_caomenguimian_001.mesh	OK	14000	302	204	2	8864	0	1	0	2824	302	188+16
mobile_maps_source\w1351_jg_fwercengzhandao_001.mesh	OK	72700	1591	1096	3	46740	0	1	0	14920	1591	46+866+184
mobile_maps_source\w1351_jg_fwtu_001.mesh	OK	136460	2954	2251	3	87214	0	0	0	51766	2954	184+2038+29
mobile_maps_source\w1351_jg_fwwuhouci_001.mesh	OK	93848	2073	1330	2	60704	0	1	0	19244	2073	880+450
mobile_maps_source\w1351_jg_fwzhandao_001.mesh	OK	42712	925	678	2	27256	0	1	0	8756	925	94+584
mobile_maps_source\w1351_jg_fwzhandaotingzi_001.mesh	OK	53140	1158	816	3	34056	0	1	0	10896	1158	636+156+24
mobile_maps_source\w1351_jg_guimiantuteng_001.mesh	OK	13868	282	288	1	8472	0	1	0	2832	282	288
mobile_maps_source\w1351_jg_guimiantutenger_001.mesh	OK	21156	439	414	1	13120	0	1	0	4340	439	414
mobile_maps_source\w1351_jg_guimiantutengsan_001.mesh	OK	32244	671	640	1	20068	0	1	0	6648	671	640
mobile_maps_source\w1351_jg_jianlou_001.mesh	OK	260112	5708	3936	6	167696	0	1	0	53536	5708	588+224+188+416+1832+688
mobile_maps_source\w1351_jg_jianmen_001.mesh	OK	91116	2024	1232	5	59136	0	1	0	18656	2024	548+144+36+160+344
mobile_maps_source\w1351_jg_maocaopengzi_001.mesh	OK	16776	351	306	2	10440	0	1	0	3420	351	178+128
mobile_maps_source\w1351_jg_maocaowu_001.mesh	OK	16920	361	274	2	10656	0	1	0	3436	361	226+48
mobile_maps_source\w1351_jg_maocaowugelou_001.mesh	OK	46736	1022	696	2	30008	0	1	0	9568	1022	136+560
mobile_maps_source\w1351_jg_maocaowushuang_001.mesh	OK	31720	689	484	2	20260	0	1	0	6480	689	400+84
mobile_maps_source\w1351_jg_maocaowushuangqiao_001.mesh	OK	35560	761	604	2	22516	0	1	0	7296	761	476+128
mobile_maps_source\w1351_jg_muzhalan_001.mesh	OK	3857	76	42	1	2212	197	1	0	692	76	42
mobile_maps_source\w1351_jg_muzhalan_002.mesh	OK	5057	104	52	1	3016	197	1	0	936	104	52
mobile_maps_source\w1351_jg_muzhalan_003.mesh	OK	7356	160	84	1	4648	0	1	0	1448	160	84
mobile_maps_source\w1351_jg_shikejianjian_001.mesh	OK	4380	88	72	1	2608	0	1	0	848	88	72
mobile_maps_source\w1351_jg_shikejianque_001.mesh	OK	4620	94	72	1	2776	0	1	0	896	94	72
mobile_maps_source\w1351_jg_wuhoucipai_001.mesh	OK	59996	1334	794	1	38940	0	1	0	12260	1334	794
mobile_maps_source\w1351_jg_zhandaoao_001.mesh	OK	28636	627	409	1	18374	0	0	0	10850	627	409
mobile_maps_source\w1351_jg_zhandaoaoxie_001.mesh	OK	28636	627	409	1	18374	0	0	0	10850	627	409
mobile_maps_source\w1351_jg_zhandaoban_001.mesh	OK	52620	1158	752	1	33928	0	1	0	10768	1158	752
mobile_maps_source\w1351_jg_zhandaocha_001.mesh	OK	14460	314	202	1	9196	0	1	0	2916	314	202
mobile_maps_source\w1351_jg_zhandaof_001.mesh	OK	24604	538	350	1	15764	0	1	0	5004	538	350
mobile_maps_source\w1351_jg_zhandaopo_001.mesh	OK	12660	274	177	1	8026	0	0	0	4738	274	177
mobile_maps_source\w1351_jg_zhandaoxiaxie_001.mesh	OK	8620	185	117	1	5414	0	0	0	3194	185	117
mobile_maps_source\w1351_jg_zhandaoxie_001.mesh	OK	7628	163	103	1	4770	0	0	0	2814	163	103
mobile_maps_source\w1351_jg_zhandaoyangjiao_001.mesh	OK	68716	1516	974	1	44396	0	1	0	14076	1516	974
mobile_maps_source\w1351_jg_zhandaoyou_001.mesh	OK	9740	209	137	1	6126	0	0	0	3618	209	137
mobile_maps_source\w1351_jg_zhandaozhong_001.mesh	OK	23468	516	318	1	15084	0	1	0	4764	516	318
mobile_maps_source\w1351_jg_zhuzidan_001.mesh	OK	6332	102	42	1	4572	0	1	0	2532	102	42
mobile_maps_source\w1351_jg_zhuziwu_001.mesh	OK	25244	420	180	1	18840	0	1	0	10440	420	180
mobile_maps_source\w1351_jh_chenggan_001.mesh	OK	2396	46	34	1	1356	0	1	0	436	46	34
mobile_maps_source\w1351_jh_dayujia_001.mesh	OK	17888	378	310	2	11204	0	1	0	3644	378	228+82
mobile_maps_source\w1351_jh_denglongchuan_001.mesh	OK	16428	368	178	1	10660	0	1	0	3300	368	178
mobile_maps_source\w1351_jh_diaohuadenglong_001.mesh	OK	13404	296	160	1	8608	0	1	0	2688	296	160
mobile_maps_source\w1351_jh_duchuan_001.mesh	OK	13004	286	160	1	8328	0	1	0	2608	286	160
mobile_maps_source\w1351_jh_fwzhujuao_001.mesh	OK	133432	2933	1978	2	86080	0	1	0	27420	2933	1858+120
mobile_maps_source\w1351_jh_fwzhujuchanglang_001.mesh	OK	70468	1552	1013	1	45482	0	0	0	26858	1552	1013
mobile_maps_source\w1351_jh_fwzhujushizi_001.mesh	OK	134824	2962	2007	2	86950	0	0	0	51406	2962	1935+72
mobile_maps_source\w1351_jh_fwzhujutxing_001.mesh	OK	89348	1967	1298	1	57672	0	1	0	18332	1967	1298
mobile_maps_source\w1351_jh_fwzhujuxiaofang_001.mesh	OK	42176	926	594	1	27116	100	1	0	8596	926	594
mobile_maps_source\w1351_jh_huachuan_001.mesh	OK	82192	1819	1143	2	53218	0	0	0	31390	1819	929+214
mobile_maps_source\w1351_jh_huachuanqigan_001.mesh	OK	2252	45	21	1	1302	0	0	0	762	45	21
mobile_maps_source\w1351_jh_jinghudamen_001.mesh	OK	135656	3001	1916	2	87860	0	1	0	27840	3001	80+1836
mobile_maps_source\w1351_jh_qiangtou_001.mesh	OK	1557	24	14	2	700	197	1	0	220	24	12+2
mobile_maps_source\w1351_jh_qigan_001.mesh	OK	2428	46	38	1	1364	0	1	0	444	46	38
mobile_maps_source\w1351_jh_shiqiao_001.mesh	OK	18252	394	276	1	11584	0	1	0	3704	394	276
mobile_maps_source\w1351_jh_xiaozhumen_001.mesh	OK	12572	260	236	1	7752	0	1	0	2552	260	236
mobile_maps_source\w1351_jh_yujia_001.mesh	OK	12632	272	183	2	7982	0	0	0	4718	272	167+16
mobile_maps_source\w1351_jh_yutan_001.mesh	OK	27344	585	456	4	17292	0	1	0	5592	585	302+136+2+16
mobile_maps_source\w1351_jh_yuwang_001.mesh	OK	6592	134	118	2	3988	0	1	0	1308	134	46+72
mobile_maps_source\w1351_jh_zhalanheng_001.mesh	OK	5548	117	73	1	3422	0	0	0	2018	117	73
mobile_maps_source\w1351_jh_zhalanjiao_001.mesh	OK	2860	57	37	1	1670	0	0	0	986	57	37
mobile_maps_source\w1351_jh_zhufa_001.mesh	OK	9164	200	110	1	5820	0	1	0	1820	200	110
mobile_maps_source\w1351_jh_zhuqiaojiao_001.mesh	OK	25704	571	322	2	16632	0	1	0	5212	571	274+48
mobile_maps_source\w1351_jh_zhuqiaomatou_001.mesh	OK	25505	564	308	1	16408	197	1	0	5128	564	308
mobile_maps_source\w1351_jh_zhuqiaopo_001.mesh	OK	18225	400	218	1	11636	197	1	0	3636	400	218
mobile_maps_source\w1351_jh_zhuqiaoshizi_001.mesh	OK	23477	504	354	2	14820	197	1	0	4740	504	290+64
mobile_maps_source\w1351_jh_zhuqiaotou_001.mesh	OK	1385	19	18	1	568	197	1	0	188	19	18
mobile_maps_source\w1351_jh_zhuqiaotu_001.mesh	OK	22825	481	388	1	14244	197	1	0	4624	481	388
mobile_maps_source\w1351_jh_zhuqiaoyouxie_001.mesh	OK	11845	244	200	2	7232	197	1	0	2352	244	168+32
mobile_maps_source\w1351_jh_zhuqiaozhi_001.mesh	OK	12717	263	214	2	7792	197	1	0	2532	263	182+32
mobile_maps_source\w1351_jh_zhuqiaozhiduan_001.mesh	OK	6693	134	106	2	3964	197	1	0	1284	134	90+16
mobile_maps_source\w1351_jh_zhutilang_001.mesh	OK	6312	129	108	2	3828	0	1	0	1248	129	100+8
mobile_maps_source\w1351_jh_zhutingzi_001.mesh	OK	33424	718	552	2	21208	0	1	0	6848	718	532+20
mobile_maps_source\w1351_jianyu_bandengzi_001.mesh	OK	4348	92	48	1	2672	0	1	0	832	92	48
mobile_maps_source\w1351_jianyu_daocaodui_001.mesh	OK	2860	54	52	1	1616	0	1	0	536	54	52
mobile_maps_source\w1351_jianyu_huolu_001.mesh	OK	2388	47	28	1	1372	0	1	0	432	47	28
mobile_maps_source\w1351_jianyu_lazhudeng_001.mesh	OK	12492	264	206	1	7804	0	1	0	2524	264	206
mobile_maps_source\w1351_jianyu_muzhagai_001.mesh	OK	11548	248	168	1	7280	0	1	0	2320	248	168
mobile_maps_source\w1351_jianyu_shugengbai_001.mesh	OK	61540	1282	1247	1	38390	0	0	0	23006	1282	1247
mobile_maps_source\w1351_jianyu_xingjumujia_001.mesh	OK	15292	320	276	1	9512	0	1	0	3112	320	276
mobile_maps_source\w1351_jianyu_xingjutiejia_001.mesh	OK	24252	532	336	1	15568	0	1	0	4928	532	336
mobile_maps_source\w1351_jianyu_youdeng_001.mesh	OK	3116	60	42	1	1764	96	1	0	564	60	42
mobile_maps_source\w1351_jianyu_zhalan_001.mesh	OK	18604	402	268	1	11792	96	1	0	3752	402	268
mobile_maps_source\w1351_jianyu_zhalanmen_001.mesh	OK	32716	717	457	1	20990	96	0	0	12386	717	457
mobile_maps_source\w1351_jianyu_zhalanmen_002.mesh	OK	32716	717	457	1	20990	96	0	0	12386	717	457
mobile_maps_source\w1351_jianyu_zhalanmenkai_001.mesh	OK	32716	717	457	1	20990	96	0	0	12386	717	457
mobile_maps_source\w1351_jianyu_zhalanmenkai_002.mesh	OK	32716	717	457	1	20990	96	0	0	12386	717	457
mobile_maps_source\w1351_jianyu_zhuozi_001.mesh	OK	12241	268	130	1	7764	197	1	0	2404	268	130
mobile_maps_source\w1351_jianyu_zhuwang_001.mesh	OK	1132	18	16	1	536	0	1	0	176	18	16
mobile_maps_source\w1351_jianyu_zhuwangceng_001.mesh	OK	1132	18	16	1	536	0	1	0	176	18	16
mobile_maps_source\w1351_jianyu_zhuwangchang_001.mesh	OK	1980	36	32	1	1072	0	1	0	352	36	32
mobile_maps_source\w1351_jianyu_zhuwangshugeng_001.mesh	OK	33328	697	645	2	20806	0	0	0	12442	697	627+18
mobile_maps_source\w1351_jianyu_zhuzhi_001.mesh	OK	2748	56	28	1	1624	0	1	0	504	56	28
mobile_maps_source\w1351_jiebai_taohuashu_001.mesh	OK	27938	570	557	2	17074	394	0	0	10234	570	361+196
mobile_maps_source\w1351_jiebai_taohuashu_002.mesh	OK	19410	398	351	2	11846	394	0	0	7070	398	185+166
mobile_maps_source\w1351_jiebai_taohuashu_003.mesh	OK	16442	328	330	2	9844	394	1	0	3284	328	218+112
mobile_maps_source\w1351_jiebai_taohuashu_004.mesh	OK	17986	366	333	2	10914	394	0	0	6522	366	237+96
mobile_maps_source\w1351_jiebai_taohuashu_005.mesh	OK	17810	359	346	2	10744	394	1	0	3564	359	218+128
mobile_maps_source\w1351_jiebai_taohuashu_006.mesh	OK	208553	4697	2523	3	136562	197	0	0	80198	4697	444+616+1463
mobile_maps_source\w1351_jiehun_baobianqiang_001.mesh	OK	1713	28	14	1	812	197	1	0	252	28	14
mobile_maps_source\w1351_jiehun_baobianqiang_003.mesh	OK	3514	64	34	2	1860	394	1	0	580	64	32+2
mobile_maps_source\w1351_jiehun_baobianqiang_004.mesh	OK	6149	128	68	2	3720	197	1	0	1160	128	64+4
mobile_maps_source\w1351_jiehun_beijingdaqiang_001.mesh	OK	314021	6589	6244	8	196980	197	1	0	65200	6589	696+3526+910+532+484+28+56+12
mobile_maps_source\w1351_jiehun_beijingdaqiang_002.mesh	OK	11817	252	156	3	7368	197	1	0	2328	252	48+96+12
mobile_maps_source\w1351_jiehun_beijingdaqiang_003.mesh	OK	27517	590	428	4	17376	197	1	0	5576	590	12+78+98+240
mobile_maps_source\w1351_jiehun_chenglou_001.mesh	OK	80909	1764	1232	4	51856	197	1	0	16576	1764	156+844+20+212
mobile_maps_source\w1351_jiehun_chuanglian_001.mesh	OK	1812	34	28	1	952	0	1	0	272	34	28
mobile_maps_source\w1351_jiehun_chuanglian_002.mesh	OK	705	5	3	1	146	197	0	0	86	5	3
mobile_maps_source\w1351_jiehun_chujibinkezuowei_001.mesh	OK	7241	133	180	1	4084	197	1	0	1424	133	180
mobile_maps_source\w1351_jiehun_chujigongzhuobu_001.mesh	OK	3821	73	52	2	2148	197	1	0	688	73	16+36
mobile_maps_source\w1351_jiehun_chujigongzhuoxiang_001.mesh	OK	18797	395	314	2	11688	197	1	0	3788	395	60+254
mobile_maps_source\w1351_jiehun_chujiguanchuangqiang_001.mesh	OK	5969	122	76	1	3568	197	1	0	1128	122	76
mobile_maps_source\w1351_jiehun_chujiguanmenqiang_001.mesh	OK	10993	234	144	1	6840	197	1	0	2160	234	144
mobile_maps_source\w1351_jiehun_chujihongditan_001.mesh	OK	1809	28	26	1	836	197	1	0	276	28	26
mobile_maps_source\w1351_jiehun_chujihongditan_002.mesh	OK	1601	24	20	1	712	197	1	0	232	24	20
mobile_maps_source\w1351_jiehun_chujihongditan_003.mesh	OK	16801	328	400	1	9984	197	1	0	3424	328	400
mobile_maps_source\w1351_jiehun_chujihonghua_002.mesh	OK	5249	104	76	1	3064	197	1	0	984	104	76
mobile_maps_source\w1351_jiehun_chujihonghua_003.mesh	OK	1137	14	12	1	416	197	1	0	136	14	12
mobile_maps_source\w1351_jiehun_chujihunqingzhu_001.mesh	OK	5361	110	60	1	3200	197	1	0	1000	110	60
mobile_maps_source\w1351_jiehun_chujikaichuangqiang_001.mesh	OK	11249	242	136	1	7048	197	1	0	2208	242	136
mobile_maps_source\w1351_jiehun_chujilangan_001.mesh	OK	2945	56	28	1	1624	197	1	0	504	56	28
mobile_maps_source\w1351_jiehun_chujilangan_002.mesh	OK	1361	20	10	1	580	197	1	0	180	20	10
mobile_maps_source\w1351_jiehun_chujimubandeng_001.mesh	OK	8601	179	120	1	5252	197	1	0	1672	179	120
mobile_maps_source\w1351_jiehun_chujisiyitai_001.mesh	OK	48143	1016	828	2	30104	591	1	0	9784	1016	168+660
mobile_maps_source\w1351_jiehun_chujitaijieai_001.mesh	OK	16437	364	174	2	10540	197	1	0	3260	364	112+62
mobile_maps_source\w1351_jiehun_chujixi_001.mesh	OK	40789	872	678	2	25772	197	1	0	8332	872	522+156
mobile_maps_source\w1351_jiehun_chujiyanhua_001.mesh	OK	3529	61	76	1	1860	197	1	0	640	61	76
mobile_maps_source\w1351_jiehun_chujizhijiaoqiang_001.mesh	OK	4737	95	57	1	2774	197	0	0	1634	95	57
mobile_maps_source\w1351_jiehun_chujizhongguojie_001_001.mesh	OK	8917	170	204	2	5168	197	1	0	1768	170	200+4
mobile_maps_source\w1351_jiehun_dahongdenglong_001.mesh	OK	10409	207	206	1	6208	197	1	0	2068	207	206
mobile_maps_source\w1351_jiehun_dahongdenglong_002.mesh	OK	19569	396	406	1	11900	197	1	0	3980	396	406
mobile_maps_source\w1351_jiehun_dahonghua_001.mesh	OK	1353	19	14	1	560	197	1	0	180	19	14
mobile_maps_source\w1351_jiehun_dahonghua_002.mesh	OK	985	11	8	1	324	197	1	0	104	11	8
mobile_maps_source\w1351_jiehun_dahonghua_003.mesh	OK	713	5	4	1	148	197	1	0	48	5	4
mobile_maps_source\w1351_jiehun_dahonghua_004.mesh	OK	849	8	6	1	236	197	1	0	76	8	6
mobile_maps_source\w1351_jiehun_damen_001.mesh	OK	238025	5189	3745	7	152782	197	0	0	90514	5189	820+52+360+1049+1252+204+8
mobile_maps_source\w1351_jiehun_damen_002.mesh	OK	164301	3530	2825	6	104490	197	0	0	62130	3530	8+1252+204+1049+248+64
mobile_maps_source\w1351_jiehun_dazhuzi_001.mesh	OK	4825	93	78	1	2760	197	1	0	900	93	78
mobile_maps_source\w1351_jiehun_dazhuzi_002.mesh	OK	3929	73	66	1	2176	197	1	0	716	73	66
mobile_maps_source\w1351_jiehun_dbzhuangshi_001.mesh	OK	1361	20	10	1	580	197	1	0	180	20	10
mobile_maps_source\w1351_jiehun_denglongjia_001.mesh	OK	57697	1252	892	1	36840	197	1	0	11800	1252	892
mobile_maps_source\w1351_jiehun_denglongjia_002.mesh	OK	68305	1132	554	1	50916	197	1	0	28276	1132	554
mobile_maps_source\w1351_jiehun_fangmuzhuo_001.mesh	OK	6537	137	72	1	3980	197	1	0	1240	137	72
mobile_maps_source\w1351_jiehun_fangmuzhuo_002.mesh	OK	5601	116	60	1	3368	197	1	0	1048	116	60
mobile_maps_source\w1351_jiehun_fwyoulang_001.mesh	OK	161773	3477	2772	10	102900	197	1	0	33360	3477	2+2+88+78+32+64+2368+98+16+24
mobile_maps_source\w1351_jiehun_fwyoulang_002.mesh	OK	104097	2220	1848	9	65856	197	1	0	21456	2220	16+16+2+2+88+1640+44+24+16
mobile_maps_source\w1351_jiehun_fwyoulang_004.mesh	OK	80849	1730	1392	9	51224	197	1	0	16624	1730	24+1244+44+36+16+2+8+16+2
mobile_maps_source\w1351_jiehun_fwyoulangjiao_001.mesh	OK	318737	6901	5273	9	203774	197	0	0	120962	6901	6+32+8+48+220+120+4698+86+55
mobile_maps_source\w1351_jiehun_fwzhudian_001.mesh	OK	562885	13179	4403	6	377818	197	0	0	219670	13179	1516+537+144+2154+4+48
mobile_maps_source\w1351_jiehun_gaojixibao_001.mesh	OK	1817	29	22	1	856	197	1	0	276	29	22
mobile_maps_source\w1351_jiehun_glangan_001.mesh	OK	39681	750	346	1	21692	6629	1	0	6692	750	346
mobile_maps_source\w1351_jiehun_glangan_002.mesh	OK	19537	290	128	1	8376	6629	1	0	2576	290	128
mobile_maps_source\w1351_jiehun_glangan_003.mesh	OK	10689	84	52	1	2456	6629	1	0	776	84	52
mobile_maps_source\w1351_jiehun_glangan_004.mesh	OK	93473	1982	910	1	57316	6629	1	0	17676	1982	910
mobile_maps_source\w1351_jiehun_gongzhuogaoan_001.mesh	OK	51513	1109	833	3	32718	197	0	0	19410	1109	312+92+429
mobile_maps_source\w1351_jiehun_gongzhuohongbu_001.mesh	OK	28545	612	448	1	18032	197	1	0	5792	612	448
mobile_maps_source\w1351_jiehun_gongzhuolingwei_001.mesh	OK	57656	1234	1001	2	36554	0	0	0	21746	1234	812+189
mobile_maps_source\w1351_jiehun_haohuaxibao_001t.mesh	OK	9389	191	158	2	5664	197	1	0	1844	191	30+128
mobile_maps_source\w1351_jiehun_hongbubeijing_001.mesh	OK	753	6	4	1	176	197	1	0	56	6	4
mobile_maps_source\w1351_jiehun_hongditan_001.mesh	OK	950	6	4	1	176	394	1	0	56	6	4
mobile_maps_source\w1351_jiehun_hongditan_002.mesh	OK	1182	11	8	1	324	394	1	0	104	11	8
mobile_maps_source\w1351_jiehun_hongseyanhua_001.mesh	OK	3165	53	70	2	1624	197	1	0	564	53	64+6
mobile_maps_source\w1351_jiehun_hongseyanhua_002.mesh	OK	3533	61	76	2	1860	197	1	0	640	61	70+6
mobile_maps_source\w1351_jiehun_hongseyanhua_003.mesh	OK	3537	61	76	3	1860	197	1	0	640	61	64+6+6
mobile_maps_source\w1351_jiehun_huadeng_001.mesh	OK	28476	612	464	1	18064	0	1	0	5824	612	464
mobile_maps_source\w1351_jiehun_huajia_001.mesh	OK	81641	1531	1686	1	46240	6629	1	0	15620	1531	1686
mobile_maps_source\w1351_jiehun_huapaipiaodai_002.mesh	OK	10070	127	119	1	3794	3754	0	0	2270	127	119
mobile_maps_source\w1351_jiehun_huapen_001.mesh	OK	35125	736	650	2	21908	197	1	0	7188	736	120+530
mobile_maps_source\w1351_jiehun_huapen_002.mesh	OK	46756	992	848	3	29472	0	1	0	9632	992	120+160+568
mobile_maps_source\w1351_jiehun_hunlibaijian_001.mesh	OK	22070	470	324	1	13808	394	1	0	4408	470	324
mobile_maps_source\w1351_jiehun_hunlibaijian_002.mesh	OK	22070	470	324	1	13808	394	1	0	4408	470	324
mobile_maps_source\w1351_jiehun_hunlibaozhen_001.mesh	OK	2041	31	40	1	948	197	1	0	328	31	40
mobile_maps_source\w1351_jiehun_hunlidiaodeng_001.mesh	OK	87845	1848	1680	2	55104	197	1	0	18144	1848	1448+232
mobile_maps_source\w1351_jiehun_hunlimenchuang_001.mesh	OK	8864	165	148	3	4916	788	1	0	1616	165	106+12+30
mobile_maps_source\w1351_jiehun_hunlimenchuang_002.mesh	OK	17169	365	260	3	10740	197	1	0	3440	365	28+202+30
mobile_maps_source\w1351_jiehun_hunlimenchuang_003.mesh	OK	10737	221	176	3	6540	197	1	0	2120	221	100+36+40
mobile_maps_source\w1351_jiehun_hunlimenchuang_004.mesh	OK	11801	242	204	3	7184	197	1	0	2344	242	12+36+156
mobile_maps_source\w1351_jiehun_hunlimenchuang_005.mesh	OK	32216	660	592	3	19664	788	1	0	6464	660	424+48+120
mobile_maps_source\w1351_jiehun_jiehuntai_001.mesh	OK	702153	16402	5698	3	470652	197	1	0	142612	16402	5024+6+668
mobile_maps_source\w1351_jiehun_jiehuntai_002.mesh	OK	36634	798	504	2	23352	394	1	0	7392	798	260+244
mobile_maps_source\w1351_jiehun_jiehuntai_003.mesh	OK	19263	410	248	2	11976	591	1	0	3776	410	132+116
mobile_maps_source\w1351_jiehun_jiehuntaiditan_001.mesh	OK	905	9	8	1	268	197	1	0	88	9	8
mobile_maps_source\w1351_jiehun_jiehuntaitaijie_001.mesh	OK	33233	766	264	1	21976	197	1	0	6656	766	264
mobile_maps_source\w1351_jiehun_jiehuntaitaijie_002.mesh	OK	11633	258	104	1	7432	197	1	0	2272	258	104
mobile_maps_source\w1351_jiehun_jiutan_001.mesh	OK	3556	67	74	1	2024	0	1	0	684	67	74
mobile_maps_source\w1351_jiehun_jiuzhuoditan_001.mesh	OK	753	6	4	1	176	197	1	0	56	6	4
mobile_maps_source\w1351_jiehun_langan_001.mesh	OK	4353	80	84	1	2408	197	1	0	808	80	84
mobile_maps_source\w1351_jiehun_langan_002.mesh	OK	5525	106	100	2	3168	197	1	0	1048	106	16+84
mobile_maps_source\w1351_jiehun_langan_003.mesh	OK	30725	636	600	2	19008	197	1	0	6288	636	504+96
mobile_maps_source\w1351_jiehun_langan_004.mesh	OK	15605	318	300	2	9504	197	1	0	3144	318	252+48
mobile_maps_source\w1351_jiehun_lazhu_001.mesh	OK	4117	75	79	2	2258	197	0	0	1358	75	75+4
mobile_maps_source\w1351_jiehun_longfengditan_001.mesh	OK	657	4	2	1	116	197	1	0	36	4	2
mobile_maps_source\w1351_jiehun_loubanzoulang_001.mesh	OK	20053	430	296	2	12632	197	1	0	4032	430	56+240
mobile_maps_source\w1351_jiehun_loubanzoulang_002.mesh	OK	6161	122	100	1	3616	197	1	0	1176	122	100
mobile_maps_source\w1351_jiehun_loubanzoulang_003.mesh	OK	18645	398	280	2	11704	197	1	0	3744	398	40+240
mobile_maps_source\w1351_jiehun_loubanzoulang_004.mesh	OK	1329	18	16	1	536	197	1	0	176	18	16
mobile_maps_source\w1351_jiehun_louti_002.mesh	OK	30465	671	392	3	19572	197	1	0	6152	671	16+112+264
mobile_maps_source\w1351_jiehun_ludenglong_001.mesh	OK	19289	383	436	1	11596	197	1	0	3936	383	436
mobile_maps_source\w1351_jiehun_ludenglong_002.mesh	OK	14097	266	372	1	8192	197	1	0	2872	266	372
mobile_maps_source\w1351_jiehun_mlangan_001.mesh	OK	13841	298	180	1	8704	197	1	0	2744	298	180
mobile_maps_source\w1351_jiehun_mlangan_002.mesh	OK	25937	566	352	1	16552	197	1	0	5232	566	352
mobile_maps_source\w1351_jiehun_mudengjian_001.mesh	OK	17620	379	272	1	11156	0	1	0	3576	379	272
mobile_maps_source\w1351_jiehun_muqiao_001.mesh	OK	82511	1682	1792	6	50680	591	1	0	17040	1682	120+288+224+288+840+32
mobile_maps_source\w1351_jiehun_penzaijinju_001.mesh	OK	34197	748	474	2	21892	197	1	0	6932	748	466+8
mobile_maps_source\w1351_jiehun_penzaixiqing_002.mesh	OK	25982	536	483	1	15974	394	0	0	9542	536	483
mobile_maps_source\w1351_jiehun_pinlibu_001.mesh	OK	29632	569	403	2	16738	3360	0	0	9910	569	75+328
mobile_maps_source\w1351_jiehun_pinlijiutan_001.mesh	OK	25612	559	370	3	16392	0	1	0	5212	559	82+100+188
mobile_maps_source\w1351_jiehun_pinlilan_001.mesh	OK	9756	202	174	1	6004	0	1	0	1964	202	174
mobile_maps_source\w1351_jiehun_pinlilansuo_001.mesh	OK	9092	187	166	1	5568	0	1	0	1828	187	166
mobile_maps_source\w1351_jiehun_pinlixiangzi_001.mesh	OK	6748	142	97	3	4170	0	0	0	2466	142	14+20+63
mobile_maps_source\w1351_jiehun_pinlixizixiang_001.mesh	OK	20464	453	257	2	13198	0	0	0	7762	453	68+189
mobile_maps_source\w1351_jiehun_putongxibao_001.mesh	OK	1633	26	14	1	756	197	1	0	236	26	14
mobile_maps_source\w1351_jiehun_qiang2x5_001.mesh	OK	2441	45	20	1	1300	197	1	0	400	45	20
mobile_maps_source\w1351_jiehun_qiangdizhuan_001.mesh	OK	2097	36	22	1	1052	197	1	0	332	36	22
mobile_maps_source\w1351_jiehun_qiangdizhuan_002.mesh	OK	1361	20	10	1	580	197	1	0	180	20	10
mobile_maps_source\w1351_jiehun_qiangmian_001.mesh	OK	4001	78	50	1	2284	197	1	0	724	78	50
mobile_maps_source\w1351_jiehun_qiangmian_002.mesh	OK	2737	50	32	1	1464	197	1	0	464	50	32
mobile_maps_source\w1351_jiehun_qiangmian_003.mesh	OK	1809	30	16	1	872	197	1	0	272	30	16
mobile_maps_source\w1351_jiehun_qiangmian_005.mesh	OK	2737	50	32	1	1464	197	1	0	464	50	32
mobile_maps_source\w1351_jiehun_qiangzhuangshi_001.mesh	OK	48705	1035	853	1	30686	197	0	0	18266	1035	853
mobile_maps_source\w1351_jiehun_shaluoshuer_001.mesh	OK	358821	6108	2036	2	272824	197	1	0	150664	6108	568+1468
mobile_maps_source\w1351_jiehun_shaluoshusan_001.mesh	OK	445013	7464	3318	2	335052	197	1	0	185772	7464	1972+1346
mobile_maps_source\w1351_jiehun_shaolou_001.mesh	OK	106125	2362	1394	4	68924	197	1	0	21684	2362	784+8+480+122
mobile_maps_source\w1351_jiehun_shuangzhutai_001.mesh	OK	42904	922	716	4	27248	0	1	0	8808	922	8+150+38+520
mobile_maps_source\w1351_jiehun_siyitai_002.mesh	OK	25989	556	408	2	16384	197	1	0	5264	556	48+360
mobile_maps_source\w1351_jiehun_tiandipai_001.mesh	OK	61077	1306	1044	2	38656	197	1	0	12536	1306	768+276
mobile_maps_source\w1351_jiehun_weilan_001.mesh	OK	5365	110	60	2	3200	197	1	0	1000	110	58+2
mobile_maps_source\w1351_jiehun_weilan_003.mesh	OK	78565	1760	960	2	51200	197	1	0	16000	1760	928+32
mobile_maps_source\w1351_jiehun_weilan_004.mesh	OK	20005	440	240	2	12800	197	1	0	4000	440	232+8
mobile_maps_source\w1351_jiehun_xianglu_001.mesh	OK	48601	846	981	1	25650	6629	0	0	15498	846	981
mobile_maps_source\w1351_jiehun_xindujuanhua_001.mesh	OK	14649	301	265	3	8958	197	1	0	2938	301	189+32+44
mobile_maps_source\w1351_jiehun_xiqingjiaozi_001.mesh	OK	124193	2558	2674	1	76972	197	1	0	25812	2558	2674
mobile_maps_source\w1351_jiehun_xizidenglongchang_001.mesh	OK	6180	127	102	1	3760	0	1	0	1220	127	102
mobile_maps_source\w1351_jiehun_xizipinfeng_001.mesh	OK	107125	2282	1920	2	67736	197	1	0	22096	2282	322+1598
mobile_maps_source\w1351_jiehun_xizipinfeng_002.mesh	OK	70689	1503	1260	3	44604	197	1	0	14544	1503	180+1004+76
mobile_maps_source\w1351_jiehun_xizitie_001.mesh	OK	854	4	2	1	116	394	1	0	36	4	2
mobile_maps_source\w1351_jiehun_xizitie_002.mesh	OK	657	4	2	1	116	197	1	0	36	4	2
mobile_maps_source\w1351_jiehun_yanhuabaozhu_001t.mesh	OK	66777	1444	1067	1	42566	197	0	0	25238	1444	1067
mobile_maps_source\w1351_jiehun_yanhuasuixie_001.mesh	OK	657	4	2	1	116	197	1	0	36	4	2
mobile_maps_source\w1351_jiehun_yizigao_001.mesh	OK	40755	791	610	1	23368	3951	1	0	7548	791	610
mobile_maps_source\w1351_jiehun_yizijian_001.mesh	OK	27817	593	452	1	17508	197	1	0	5648	593	452
mobile_maps_source\w1351_jiehun_yuanmuzhuo_001.mesh	OK	40059	822	788	1	24592	591	1	0	8152	822	788
mobile_maps_source\w1351_jiehun_yuanmuzhuog_001.mesh	OK	305897	6513	5612	1	193588	197	1	0	63328	6513	5612
mobile_maps_source\w1351_jiehun_zhiqiao_001.mesh	OK	30485	524	326	2	15324	6629	1	0	4844	524	286+40
mobile_maps_source\w1351_jiehun_zhiqiao_002.mesh	OK	51077	840	516	2	24552	13061	1	0	7752	840	436+80
mobile_maps_source\w1351_jiehun_zhiqiaoditan_001.mesh	OK	657	4	2	1	116	197	1	0	36	4	2
mobile_maps_source\w1351_jiehun_zhuangshimujia_001.mesh	OK	137713	2886	2724	1	86256	197	1	0	28536	2886	2724
mobile_maps_source\w1351_jiehun_zhuzi_001.mesh	OK	5213	99	96	2	2964	197	1	0	984	99	60+36
mobile_maps_source\w1351_jiehun_zoulang_004.mesh	OK	62821	1373	926	4	40296	197	1	0	12836	1373	142+40+240+504
mobile_maps_source\w1351_jiehunchujikaimenqiang_001.mesh	OK	12385	264	168	1	7728	197	1	0	2448	264	168
mobile_maps_source\w1351_jiujiao_che_001.mesh	OK	81676	1786	1244	1	52496	0	1	0	16776	1786	1244
mobile_maps_source\w1351_jiujiao_dzqiangshu_002.mesh	OK	2828	58	28	1	1680	0	1	0	520	58	28
mobile_maps_source\w1351_jiujiao_dzqiangshu_003.mesh	OK	4860	104	52	1	3016	0	1	0	936	104	52
mobile_maps_source\w1351_jiujiao_dzqiangshu_005.mesh	OK	1420	26	12	1	752	0	1	0	232	26	12
mobile_maps_source\w1351_jiujiao_muti_001.mesh	OK	11604	253	150	1	7384	0	1	0	2324	253	150
mobile_maps_source\w1351_jiujiao_zhengliutong_001.mesh	OK	14648	303	280	2	9044	0	1	0	2984	303	184+96
mobile_maps_source\w1351_jiujiao_zhengqitongda_001.mesh	OK	7524	157	120	1	4636	0	1	0	1496	157	120
mobile_maps_source\w1351_jxz_qiang_001.mesh	OK	2792	57	28	2	1652	0	1	0	512	57	10+18
mobile_maps_source\w1351_jxz_qiang_002.mesh	OK	2552	51	28	2	1484	0	1	0	464	51	12+16
mobile_maps_source\w1351_jxz_qiang_003.mesh	OK	4424	93	52	2	2708	0	1	0	848	93	24+28
mobile_maps_source\w1351_jz_canjian_001.mesh	OK	5116	104	84	1	3080	0	1	0	1000	104	84
mobile_maps_source\w1351_jz_canjiandui_001.mesh	OK	20720	438	364	2	12992	0	1	0	4232	438	216+148
mobile_maps_source\w1351_jz_canjiansan_001.mesh	OK	13360	284	214	2	8380	0	1	0	2700	284	66+148
mobile_maps_source\w1351_jz_jianduier_001.mesh	OK	9924	209	160	1	6172	0	1	0	1992	209	160
mobile_maps_source\w1351_jz_jianduisan_001.mesh	OK	14112	300	228	2	8856	0	1	0	2856	300	64+164
mobile_maps_source\w1351_jz_jianzhijia_001.mesh	OK	12460	264	202	1	7796	0	1	0	2516	264	202
mobile_maps_source\w1351_jz_kushucha_001.mesh	OK	22700	499	406	6	13972	0	1	0	3992	499	233+64+72+16+2+19
mobile_maps_source\w1351_jz_kushuwan_001.mesh	OK	62822	1430	887	5	40040	0	1	0	11440	1430	460+32+350+24+21
mobile_maps_source\w1351_jz_lianjianlu_001.mesh	OK	117392	2522	2028	2	74672	0	1	0	24232	2522	1140+888
mobile_maps_source\w1351_jz_tiaofuba_001.mesh	OK	7004	112	56	1	5040	0	1	0	2800	112	56
mobile_maps_source\w1351_jz_tiaofuer_001.mesh	OK	4124	64	32	1	2880	0	1	0	1600	64	32
mobile_maps_source\w1351_jz_tiaofusan_001.mesh	OK	4604	72	36	1	3240	0	1	0	1800	72	36
mobile_maps_source\w1351_jz_tiaofusi_001.mesh	OK	5084	80	40	1	3600	0	1	0	2000	80	40
mobile_maps_source\w1351_jz_zhongjiandiaohua_001.mesh	OK	13500	280	252	1	8344	0	1	0	2744	280	252
mobile_maps_source\w1351_jz_zhongjiankuijia_001.mesh	OK	15640	328	278	4	9740	0	1	0	3180	328	64+104+72+38
mobile_maps_source\w1351_jz_zhongjianmianju_001.mesh	OK	12464	260	222	2	7724	0	1	0	2524	260	46+176
mobile_maps_source\w1351_jz_zhongjiantielian_001.mesh	OK	40016	855	691	2	25322	0	0	0	15062	855	544+147
mobile_maps_source\w1351_kfjj_aiqiang_001.mesh	OK	6649	140	70	3	4060	197	1	0	1260	140	36+12+22
mobile_maps_source\w1351_kfjj_aiqiang_002.mesh	OK	17289	376	220	3	10968	197	1	0	3448	376	72+24+124
mobile_maps_source\w1351_kfjj_aiqiang_003.mesh	OK	13405	288	174	4	8412	197	1	0	2652	288	124+16+12+22
mobile_maps_source\w1351_kfjj_aiqiang_004.mesh	OK	36021	767	606	4	22688	197	1	0	7348	767	242+24+120+220
mobile_maps_source\w1351_kfjj_aiqiang_005.mesh	OK	35077	737	638	4	21912	197	1	0	7172	737	266+32+120+220
mobile_maps_source\w1351_kfjj_aiqiang_006.mesh	OK	40313	860	678	3	25436	197	1	0	8236	860	156+144+378
mobile_maps_source\w1351_kfjj_aiqiang_007.mesh	OK	52009	1102	930	3	32716	197	1	0	10676	1102	218+476+236
mobile_maps_source\w1351_kfjj_baobian_001.mesh	OK	1713	28	14	1	812	197	1	0	252	28	14
mobile_maps_source\w1351_kfjj_baobianzhu_001.mesh	OK	4217	85	42	1	2464	197	1	0	764	85	42
mobile_maps_source\w1351_kfjj_denglong_001.mesh	OK	66945	1423	1192	3	42228	197	1	0	13768	1423	500+508+184
mobile_maps_source\w1351_kfjj_dizhuan_001.mesh	OK	1649	26	16	1	760	197	1	0	240	26	16
mobile_maps_source\w1351_kfjj_dizhuan_002.mesh	OK	1361	20	10	1	580	197	1	0	180	20	10
mobile_maps_source\w1351_kfjj_fangtai_001.mesh	OK	1993	33	24	1	972	197	1	0	312	33	24
mobile_maps_source\w1351_kfjj_louti_001.mesh	OK	10917	234	134	2	6820	197	1	0	2140	234	120+14
mobile_maps_source\w1351_kfjj_lumian_001.mesh	OK	1361	20	10	1	580	197	1	0	180	20	10
mobile_maps_source\w1351_kfjj_lumian_002.mesh	OK	3617	70	42	1	2044	197	1	0	644	70	42
mobile_maps_source\w1351_kfjj_minju_002.mesh	OK	255261	5950	2096	4	170792	197	1	0	51792	5950	318+94+1440+244
mobile_maps_source\w1351_kfjj_minju_003.mesh	OK	204045	4752	1684	4	136424	197	1	0	41384	4752	356+116+1008+204
mobile_maps_source\w1351_kfjj_pianmen_001.mesh	OK	536905	12491	4596	5	358940	197	0	0	358940	0	244+1060+2064+1148+80
mobile_maps_source\w1351_kfjj_qiangbi_001.mesh	OK	376585	8775	3136	5	251972	197	1	0	76472	8775	352+740+1780+198+66
mobile_maps_source\w1351_kfjj_wuqijia_002.mesh	OK	87169	1891	1381	1	55710	197	0	0	33018	1891	1381
mobile_maps_source\w1351_kfjj_wuqijia_005.mesh	OK	98505	2121	1648	1	62684	197	1	0	20264	2121	1648
mobile_maps_source\w1351_kfjj_wuqijia_006.mesh	OK	42308	939	744	1	26292	0	1	0	7512	939	744
mobile_maps_source\w1351_kfjj_zhongxinpingtai_001.mesh	OK	54198	1212	628	5	35192	394	1	0	10952	1212	84+8+504+16+16
mobile_maps_source\w1351_kls_bingqiao_001.mesh	OK	31144	653	592	2	19468	0	1	0	6408	653	402+190
mobile_maps_source\w1351_kls_diaobingqun_001.mesh	OK	28712	597	568	2	17852	0	1	0	5912	597	537+31
mobile_maps_source\w1351_kls_fwzhandao_001.mesh	OK	402852	8949	5574	5	261720	0	1	0	82740	8949	60+768+1207+454+3085
mobile_maps_source\w1351_kls_guanmucong_001.mesh	OK	24780	534	392	1	15736	0	1	0	5056	534	392
mobile_maps_source\w1351_kls_hanbingwangzuo_001.mesh	OK	49240	1034	949	2	30850	0	0	0	18442	1034	786+163
mobile_maps_source\w1351_kls_jushi_001.mesh	OK	7540	151	152	1	4532	0	1	0	1512	151	152
mobile_maps_source\w1351_kls_jushijiian_001.mesh	OK	4204	74	120	1	2312	0	1	0	832	74	120
mobile_maps_source\w1351_kls_jushijiianduan_001.mesh	OK	4204	74	120	1	2312	0	1	0	832	74	120
mobile_maps_source\w1351_kls_jushipai_001.mesh	OK	19012	377	456	1	11468	0	1	0	3928	377	456
mobile_maps_source\w1351_kls_jushipian_001.mesh	OK	8676	175	174	1	5248	0	1	0	1748	175	174
mobile_maps_source\w1351_kls_jushiqun_001.mesh	OK	14484	293	310	1	8824	0	1	0	2964	293	310
mobile_maps_source\w1351_kls_jushisan_001.mesh	OK	7404	144	170	1	4372	0	1	0	1492	144	170
mobile_maps_source\w1351_kls_jushiya_001.mesh	OK	6052	113	156	1	3476	0	1	0	1216	113	156
mobile_maps_source\w1351_kls_shengzibingxue_001.mesh	OK	2396	48	24	1	1392	0	1	0	432	48	24
mobile_maps_source\w1351_kls_shizhenjilianbei_001.mesh	OK	61288	1285	1199	4	38378	0	0	0	22958	1285	432+32+48+687
mobile_maps_source\w1351_kls_shizhubing_001.mesh	OK	19768	401	430	2	12088	0	1	0	4068	401	402+28
mobile_maps_source\w1351_kls_shizhusan_001.mesh	OK	52652	1097	1060	3	32836	0	1	0	10896	1097	251+180+629
mobile_maps_source\w1351_kls_shizhusheng_001.mesh	OK	33252	690	670	3	20660	0	1	0	6860	690	144+438+88
mobile_maps_source\w1351_kls_shizhushengxie_001.mesh	OK	37548	790	707	3	23534	0	0	0	14054	790	144+459+104
mobile_maps_source\w1351_kls_weilantou_001.mesh	OK	1868	35	23	1	1026	0	0	0	606	35	23
mobile_maps_source\w1351_kls_xuelianhua_001.mesh	OK	14468	308	233	1	9090	0	0	0	5394	308	233
mobile_maps_source\w1351_kls_xuelianhuaer_001.mesh	OK	21548	470	308	1	13776	0	1	0	4376	470	308
mobile_maps_source\w1351_kls_xuelianhuasan_001.mesh	OK	32972	707	551	1	20898	0	0	0	12414	707	551
mobile_maps_source\w1351_kls_xueshanpubu_001.mesh	OK	7884	140	250	1	4420	0	1	0	1620	140	250
mobile_maps_source\w1351_kls_zhandao_001.mesh	OK	14904	326	197	2	9522	0	0	0	5610	326	14+183
mobile_maps_source\w1351_kls_zhandaojia_001.mesh	OK	13948	304	188	1	8888	0	1	0	2808	304	188
mobile_maps_source\w1351_kls_zhandaopo_001.mesh	OK	30560	672	424	2	19664	0	1	0	6224	672	8+416
mobile_maps_source\w1351_kls_zhandaoshengdui_001.mesh	OK	20836	454	298	3	13308	0	1	0	4228	454	48+14+236
mobile_maps_source\w1351_kls_zhandaowanguai_001.mesh	OK	58896	1301	821	2	38070	0	0	0	22458	1301	34+787
mobile_maps_source\w1351_kls_zhandaowanxie_001.mesh	OK	32592	721	433	2	21054	0	0	0	12402	721	20+413
mobile_maps_source\w1351_kls_zhandaoxie_001.mesh	OK	9888	215	125	2	6270	0	0	0	3690	215	14+111
mobile_maps_source\w1351_kls_zhandaoxiec_001.mesh	OK	13008	285	165	2	8310	0	0	0	4890	285	12+153
mobile_maps_source\w1351_kls_zhandaoyangjiao_001.mesh	OK	75880	1677	1064	2	49084	0	1	0	15544	1677	86+978
mobile_maps_source\w1351_lhyd_yudiaoxiang_001.mesh	OK	251977	5035	6262	1	153504	197	1	0	52804	5035	6262
mobile_maps_source\w1351_ll_baitiaoyuanta_001.mesh	OK	18860	390	370	5	11660	0	1	0	3860	390	64+80+72+24+130
mobile_maps_source\w1351_ll_buchuan_001.mesh	OK	75772	1660	1134	5	48748	0	1	0	15548	1660	458+144+358+78+96
mobile_maps_source\w1351_ll_butiaolan_001.mesh	OK	4928	104	60	2	3032	0	1	0	952	104	24+36
mobile_maps_source\w1351_ll_butiaolv_001.mesh	OK	4576	96	56	2	2800	0	1	0	880	96	20+36
mobile_maps_source\w1351_ll_butiaozong_001.mesh	OK	4736	100	56	2	2912	0	1	0	912	100	20+36
mobile_maps_source\w1351_ll_changzhou_001.mesh	OK	40500	892	566	3	26108	0	1	0	8268	892	462+50+54
mobile_maps_source\w1351_ll_chengmen_001.mesh	OK	65248	1425	992	8	41884	0	1	0	13384	1425	136+32+96+36+100+412+116+64
mobile_maps_source\w1351_ll_chengqiangmen_001.mesh	OK	50748	1109	760	7	32572	0	1	0	10392	1109	196+80+20+176+168+48+72
mobile_maps_source\w1351_ll_ditanpengzier_001.mesh	OK	45688	989	730	2	29152	0	1	0	9372	989	128+602
mobile_maps_source\w1351_ll_ditanzhangpeng_001.mesh	OK	36608	822	430	2	23876	0	1	0	7436	822	80+350
mobile_maps_source\w1351_ll_dizhuanbanban_001.mesh	OK	5996	124	94	1	3660	0	1	0	1180	124	94
mobile_maps_source\w1351_ll_dizhuanbanban_002.mesh	OK	3948	80	58	1	2356	0	1	0	756	80	58
mobile_maps_source\w1351_ll_dizhuanbanban_003.mesh	OK	1740	32	22	1	940	0	1	0	300	32	22
mobile_maps_source\w1351_ll_dizhuanfanggehei_001.mesh	OK	1164	20	10	1	580	0	1	0	180	20	10
mobile_maps_source\w1351_ll_dizhuanfanggehei_002.mesh	OK	2396	48	24	1	1392	0	1	0	432	48	24
mobile_maps_source\w1351_ll_dizhuanfanggehei_003.mesh	OK	5212	112	56	1	3248	0	1	0	1008	112	56
mobile_maps_source\w1351_ll_dizhuanhuahuanggong_001.mesh	OK	3244	66	40	1	1928	0	1	0	608	66	40
mobile_maps_source\w1351_ll_dizhuanhuahuanggong_002.mesh	OK	21884	476	320	1	13968	0	1	0	4448	476	320
mobile_maps_source\w1351_ll_dizhuanhuangzhuan_001.mesh	OK	7772	172	76	1	4968	0	1	0	1528	172	76
mobile_maps_source\w1351_ll_dizhuanhuangzhuan_003.mesh	OK	1980	38	22	1	1108	0	1	0	348	38	22
mobile_maps_source\w1351_ll_dizhuanhuaweiyuan_001.mesh	OK	2116	41	24	1	1196	0	1	0	376	41	24
mobile_maps_source\w1351_ll_dizhuanhuaweiyuan_002.mesh	OK	4372	91	56	1	2660	0	1	0	840	91	56
mobile_maps_source\w1351_ll_dizhuanhuaweiyuan_003.mesh	OK	8324	177	120	1	5196	0	1	0	1656	177	120
mobile_maps_source\w1351_ll_dizhuanhuaweiyuan_004.mesh	OK	8332	174	136	1	5144	0	1	0	1664	174	136
mobile_maps_source\w1351_ll_dizhuanhuaweiyuan_005.mesh	OK	18076	384	304	1	11360	0	1	0	3680	384	304
mobile_maps_source\w1351_ll_dizhuanhuaweiyuan_007.mesh	OK	23452	500	396	1	14792	0	1	0	4792	500	396
mobile_maps_source\w1351_ll_dizhuanhuaweiyuan_008.mesh	OK	6636	138	104	1	4072	0	1	0	1312	138	104
mobile_maps_source\w1351_ll_dizhuanhuaweiyuan_009.mesh	OK	4156	84	64	1	2480	0	1	0	800	84	64
mobile_maps_source\w1351_ll_dizhuanhuaweiyuan_010.mesh	OK	36172	774	616	1	22904	0	1	0	7424	774	616
mobile_maps_source\w1351_ll_dizhuanhuaweiyuan_011.mesh	OK	5548	114	88	1	3368	0	1	0	1088	114	88
mobile_maps_source\w1351_ll_dizhuanhuaweiyuan_012.mesh	OK	6148	128	93	1	3770	0	0	0	2234	128	93
mobile_maps_source\w1351_ll_dizhuanhuaweiyuan_014.mesh	OK	8332	174	136	1	5144	0	1	0	1664	174	136
mobile_maps_source\w1351_ll_dizhuanqiangbaiban_001.mesh	OK	2828	58	28	1	1680	0	1	0	520	58	28
mobile_maps_source\w1351_ll_dizhuanqiangbaiban_002.mesh	OK	2828	58	28	1	1680	0	1	0	520	58	28
mobile_maps_source\w1351_ll_dizhuanqiangbaiban_003.mesh	OK	4860	104	52	1	3016	0	1	0	936	104	52
mobile_maps_source\w1351_ll_dizhuanqiangban_001.mesh	OK	2668	54	28	1	1568	0	1	0	488	54	28
mobile_maps_source\w1351_ll_dizhuanqiangban_002.mesh	OK	2668	54	28	1	1568	0	1	0	488	54	28
mobile_maps_source\w1351_ll_dizhuanqiangban_003.mesh	OK	4540	96	52	1	2792	0	1	0	872	96	52
mobile_maps_source\w1351_ll_dizhuanqiangbanhua_001.mesh	OK	2748	56	28	1	1624	0	1	0	504	56	28
mobile_maps_source\w1351_ll_dizhuanqiangbanhua_002.mesh	OK	2668	54	28	1	1568	0	1	0	488	54	28
mobile_maps_source\w1351_ll_dizhuanqiangbanhua_003.mesh	OK	4380	92	52	1	2680	0	1	0	840	92	52
mobile_maps_source\w1351_ll_dizhuanqianghua_001.mesh	OK	2628	53	28	1	1540	0	1	0	480	53	28
mobile_maps_source\w1351_ll_dizhuanqianghua_002.mesh	OK	2428	48	28	1	1400	0	1	0	440	48	28
mobile_maps_source\w1351_ll_dizhuanqianghua_003.mesh	OK	4060	84	52	1	2456	0	1	0	776	84	52
mobile_maps_source\w1351_ll_dizhuanqianghuanggong_001.mesh	OK	2668	54	28	1	1568	0	1	0	488	54	28
mobile_maps_source\w1351_ll_dizhuanqianghuanggong_002.mesh	OK	2348	46	28	1	1344	0	1	0	424	46	28
mobile_maps_source\w1351_ll_dizhuanqianghuanggong_003.mesh	OK	3900	80	52	1	2344	0	1	0	744	80	52
mobile_maps_source\w1351_ll_dizhuanqiangxinhua_002.mesh	OK	2348	46	28	1	1344	0	1	0	424	46	28
mobile_maps_source\w1351_ll_dizhuanqiangxinhua_003.mesh	OK	3980	82	52	1	2400	0	1	0	760	82	52
mobile_maps_source\w1351_ll_dizhuanxinhuawen_001.mesh	OK	5532	116	76	1	3400	0	1	0	1080	116	76
mobile_maps_source\w1351_ll_dizhuanxinhuawen_002.mesh	OK	2108	40	28	1	1176	0	1	0	376	40	28
mobile_maps_source\w1351_ll_dizhuanxinhuawen_003.mesh	OK	1532	28	16	1	816	0	1	0	256	28	16
mobile_maps_source\w1351_ll_dizhuanxinhuawen_004.mesh	OK	1164	20	10	1	580	0	1	0	180	20	10
mobile_maps_source\w1351_ll_dizhuanxinhuawen_005.mesh	OK	20220	440	292	1	12904	0	1	0	4104	440	292
mobile_maps_source\w1351_ll_dizhuanxinhuawen_006.mesh	OK	10428	224	148	1	6568	0	1	0	2088	224	148
mobile_maps_source\w1351_ll_dizhuanxinhuawen_007.mesh	OK	3900	80	52	1	2344	0	1	0	744	80	52
mobile_maps_source\w1351_ll_dizhuanxinhuawen_008.mesh	OK	7164	152	100	1	4456	0	1	0	1416	152	100
mobile_maps_source\w1351_ll_dizhuanxinhuawenheibai_001.mesh	OK	5052	104	76	1	3064	0	1	0	984	104	76
mobile_maps_source\w1351_ll_dizhuanxinhuawenheibai_002.mesh	OK	2108	40	28	1	1176	0	1	0	376	40	28
mobile_maps_source\w1351_ll_dizhuanxinhuawenhuang_001.mesh	OK	5052	104	76	1	3064	0	1	0	984	104	76
mobile_maps_source\w1351_ll_dizhuanxinhuawenhuang_002.mesh	OK	2108	40	28	1	1176	0	1	0	376	40	28
mobile_maps_source\w1351_ll_dizhuanxinhuawenhuang_003.mesh	OK	1532	28	16	1	816	0	1	0	256	28	16
mobile_maps_source\w1351_ll_duobianzhita_001.mesh	OK	22476	491	316	7	14380	0	1	0	4560	491	96+30+16+80+32+40+22
mobile_maps_source\w1351_ll_dzchitangbian_001.mesh	OK	27344	590	432	2	17384	0	1	0	5584	590	248+184
mobile_maps_source\w1351_ll_dzheigezi4x5_001.mesh	OK	5532	116	76	1	3400	0	1	0	1080	116	76
mobile_maps_source\w1351_ll_dzheigezi8x8_001.mesh	OK	21488	474	280	2	13832	0	1	0	4352	474	152+128
mobile_maps_source\w1351_ll_dzlongwenfang_001.mesh	OK	8648	185	120	2	5420	0	1	0	1720	185	40+80
mobile_maps_source\w1351_ll_dzyuanfang_001.mesh	OK	7688	161	120	2	4748	0	1	0	1528	161	80+40
mobile_maps_source\w1351_ll_fangtaimen_001.mesh	OK	18924	407	294	3	11984	0	1	0	3844	407	32+10+252
mobile_maps_source\w1351_ll_fangzhubaiding_001.mesh	OK	6876	139	128	3	4148	0	1	0	1368	139	64+40+24
mobile_maps_source\w1351_ll_fenghuotai_001.mesh	OK	33824	734	520	6	21592	0	1	0	6912	734	32+50+286+24+80+48
mobile_maps_source\w1351_ll_fwbaidingfangzhu_001.mesh	OK	33596	728	521	7	21426	0	0	0	12690	728	66+58+24+60+12+105+196
mobile_maps_source\w1351_ll_fwbanmawei_001.mesh	OK	21420	451	385	5	13398	0	0	0	7986	451	16+138+24+158+49
mobile_maps_source\w1351_ll_fwchangfang_001.mesh	OK	47380	1046	656	3	30600	0	1	0	9680	1046	174+290+192
mobile_maps_source\w1351_ll_fwfangxing_001.mesh	OK	21224	462	306	4	13548	0	1	0	4308	462	202+30+20+54
mobile_maps_source\w1351_ll_fwfangxingdanchuang_001.mesh	OK	20316	443	288	3	12980	0	1	0	4120	443	194+84+10
mobile_maps_source\w1351_ll_fwhuanggonglou_001.mesh	OK	65716	1404	1157	5	41626	0	0	0	24778	1404	32+16+490+115+504
mobile_maps_source\w1351_ll_fwlvdeingcemen_001.mesh	OK	10652	222	184	5	6584	0	1	0	2144	222	32+32+4+104+12
mobile_maps_source\w1351_ll_fwpailouwan_001.mesh	OK	68500	1512	966	3	44268	0	1	0	14028	1512	566+276+124
mobile_maps_source\w1351_ll_fwqingzhensi_001.mesh	OK	27384	579	490	6	17192	0	1	0	5612	579	8+12+96+126+196+52
mobile_maps_source\w1351_ll_fwsanlvding_001.mesh	OK	66120	1422	1117	6	42050	0	0	0	24986	1422	272+469+32+58+270+16
mobile_maps_source\w1351_ll_fwsifangzhu_001.mesh	OK	92624	2031	1384	8	59636	0	1	0	19016	2031	72+160+184+16+40+16+736+160
mobile_maps_source\w1351_ll_fwsijiaoyuanzhu_001.mesh	OK	74544	1596	1300	6	47288	0	1	0	15368	1596	72+216+272+114+112+514
mobile_maps_source\w1351_ll_fwsimianmen_001.mesh	OK	56276	1224	878	3	36028	0	1	0	11548	1224	64+106+708
mobile_maps_source\w1351_ll_fwxiaobieshu_001.mesh	OK	38516	851	522	5	24872	0	1	0	7852	851	146+111+120+16+129
mobile_maps_source\w1351_ll_fwxingzouao_001.mesh	OK	603292	13186	9444	5	388096	0	1	0	124376	13186	1400+1320+430+3834+2460
mobile_maps_source\w1351_ll_fwxingzoujiao3x3_001.mesh	OK	187908	4112	2891	5	120918	0	0	0	71574	4112	455+372+134+1214+716
mobile_maps_source\w1351_ll_fwxingzoujiao_001.mesh	OK	168140	3680	2580	5	108200	0	1	0	34600	3680	408+324+118+1086+644
mobile_maps_source\w1351_ll_fwxingzoutu_001.mesh	OK	271492	5944	4179	5	174790	0	0	0	103462	5944	656+552+186+1725+1060
mobile_maps_source\w1351_ll_fwyuanzhu_001.mesh	OK	31192	688	422	4	20108	0	1	0	6348	688	12+42+40+328
mobile_maps_source\w1351_ll_hamiguaxiang_001.mesh	OK	8656	172	162	2	5140	192	1	0	1700	172	10+152
mobile_maps_source\w1351_ll_hongliu_001.mesh	OK	13660	228	76	1	10184	0	1	0	5624	228	76
mobile_maps_source\w1351_ll_hongweiqi_001.mesh	OK	2852	53	44	1	1572	96	1	0	512	53	44
mobile_maps_source\w1351_ll_huacong_001.mesh	OK	89948	1938	1518	1	57300	0	1	0	18540	1938	1518
mobile_maps_source\w1351_ll_huangchengmen_001.mesh	OK	115456	2547	1658	8	74632	0	1	0	23692	2547	64+24+404+16+232+428+130+360
mobile_maps_source\w1351_ll_huanggong_001.mesh	OK	111644	2405	1892	7	71124	0	1	0	23024	2405	264+100+56+122+186+636+528
mobile_maps_source\w1351_ll_huanggongcemen_001.mesh	OK	43356	933	716	7	27556	0	1	0	8896	933	160+104+16+60+192+124+60
mobile_maps_source\w1351_ll_huapengbei_001.mesh	OK	9020	191	136	3	5620	0	1	0	1800	191	8+112+16
mobile_maps_source\w1351_ll_jiedeng_001.mesh	OK	14412	236	114	1	10612	0	1	0	5892	236	114
mobile_maps_source\w1351_ll_langzhu_001.mesh	OK	11412	238	200	3	7064	0	1	0	2304	238	16+104+80
mobile_maps_source\w1351_ll_langzhumen_001.mesh	OK	22660	479	400	5	14212	0	1	0	4632	479	120+120+32+32+96
mobile_maps_source\w1351_ll_langzhutou_001.mesh	OK	13948	293	242	3	8688	0	1	0	2828	293	24+120+98
mobile_maps_source\w1351_ll_lanweiqi_001.mesh	OK	5660	88	44	1	3960	96	1	0	2200	88	44
mobile_maps_source\w1351_ll_lanweiqier_001.mesh	OK	5660	88	44	1	3960	96	1	0	2200	88	44
mobile_maps_source\w1351_ll_lianhua_001.mesh	OK	61652	1411	616	1	40740	0	1	0	12520	1411	616
mobile_maps_source\w1351_ll_loukongqiang_001.mesh	OK	5892	124	80	3	3632	0	1	0	1152	124	40+28+12
mobile_maps_source\w1351_ll_lvweiqi_001.mesh	OK	5564	88	44	1	3960	0	1	0	2200	88	44
mobile_maps_source\w1351_ll_mazhiditan_001.mesh	OK	1156	17	24	1	524	0	1	0	184	17	24
mobile_maps_source\w1351_ll_menta_001.mesh	OK	24464	518	432	2	15368	0	1	0	5008	518	384+48
mobile_maps_source\w1351_ll_mjlouti_001.mesh	OK	14036	296	238	3	8764	0	1	0	2844	296	48+48+142
mobile_maps_source\w1351_ll_mjyuangdingbai_001.mesh	OK	5936	110	156	2	3392	0	1	0	1192	110	132+24
mobile_maps_source\w1351_ll_mjyuangdinglan_001.mesh	OK	9992	195	238	2	5936	0	1	0	2036	195	46+192
mobile_maps_source\w1351_ll_pigeditan_001.mesh	OK	1156	17	24	1	524	0	1	0	184	17	24
mobile_maps_source\w1351_ll_pigeditanban_001.mesh	OK	1092	17	16	1	508	0	1	0	168	17	16
mobile_maps_source\w1351_ll_qiang_001.mesh	OK	20868	454	302	3	13316	0	1	0	4236	454	204+90+8
mobile_maps_source\w1351_ll_qiang_002.mesh	OK	55556	1210	858	3	35596	0	1	0	11396	1210	568+266+24
mobile_maps_source\w1351_ll_qiang_003.mesh	OK	90420	1972	1406	3	58028	0	1	0	18588	1972	928+438+40
mobile_maps_source\w1351_ll_qiangmensanjiao_001.mesh	OK	13780	298	194	7	8732	0	1	0	2772	298	18+20+18+8+40+82+8
mobile_maps_source\w1351_ll_qiangtou_001.mesh	OK	18476	405	248	3	11836	0	1	0	3736	405	158+84+6
mobile_maps_source\w1351_ll_qiangtoulvding_001.mesh	OK	34224	739	545	6	21782	0	0	0	12914	739	91+62+4+243+66+79
mobile_maps_source\w1351_ll_qiaoshuangjie_001.mesh	OK	18336	382	346	2	11388	0	1	0	3748	382	226+120
mobile_maps_source\w1351_ll_qingzhensimen_001.mesh	OK	49220	1064	792	11	31376	0	1	0	10096	1064	72+24+16+148+16+20+16+36+172+160+112
mobile_maps_source\w1351_ll_qingzhensiqiang_001.mesh	OK	10576	228	144	6	6672	0	1	0	2112	228	32+24+32+12+24+20
mobile_maps_source\w1351_ll_qingzhensiqiangzhu_001.mesh	OK	8384	168	170	6	5044	0	1	0	1684	168	16+32+60+16+30+16
mobile_maps_source\w1351_ll_qingzhenyuanzhuting_001.mesh	OK	61516	1319	1044	6	39020	100	1	0	12640	1319	224+16+40+184+108+472
mobile_maps_source\w1351_ll_qizhibao_001.mesh	OK	7124	114	56	3	5128	0	1	0	2848	114	24+30+2
mobile_maps_source\w1351_ll_qizhidang_001.mesh	OK	10148	168	56	3	7504	0	1	0	4144	168	24+30+2
mobile_maps_source\w1351_ll_qizhifu_001.mesh	OK	7124	114	56	3	5128	0	1	0	2848	114	24+30+2
mobile_maps_source\w1351_ll_qizhijiu_001.mesh	OK	7124	114	56	3	5128	0	1	0	2848	114	24+30+2
mobile_maps_source\w1351_ll_qizhishi_001.mesh	OK	7220	114	56	3	5128	96	1	0	2848	114	24+30+2
mobile_maps_source\w1351_ll_qizhishou_001.mesh	OK	7124	114	56	3	5128	0	1	0	2848	114	24+30+2
mobile_maps_source\w1351_ll_qizhitie_001.mesh	OK	7124	114	56	3	5128	0	1	0	2848	114	24+30+2
mobile_maps_source\w1351_ll_qizhiyao_001.mesh	OK	7124	114	56	3	5128	0	1	0	2848	114	24+30+2
mobile_maps_source\w1351_ll_qizhiza_001.mesh	OK	7124	114	56	3	5128	0	1	0	2848	114	24+30+2
mobile_maps_source\w1351_ll_shuangqiao_001.mesh	OK	41240	926	488	4	26904	0	1	0	8384	926	280+112+76+20
mobile_maps_source\w1351_ll_shuchelun_001.mesh	OK	120780	2674	1680	1	78232	96	1	0	24752	2674	1680
mobile_maps_source\w1351_ll_shuchetaizi_001.mesh	OK	13868	294	228	1	8688	0	1	0	2808	294	228
mobile_maps_source\w1351_ll_shuiguochuan_001.mesh	OK	57732	1236	1000	3	36608	0	1	0	11888	1236	451+494+55
mobile_maps_source\w1351_ll_shuiguokuang_001.mesh	OK	18924	405	280	3	11900	192	1	0	3800	405	224+16+40
mobile_maps_source\w1351_ll_shuiguotan_001.mesh	OK	2980	60	36	3	1752	0	1	0	552	60	8+20+8
mobile_maps_source\w1351_ll_shuilian_001.mesh	OK	63036	1409	799	1	41050	0	0	0	24142	1409	799
mobile_maps_source\w1351_ll_sifangtinglandi_001.mesh	OK	27660	596	440	5	17568	0	1	0	5648	596	8+88+48+264+32
mobile_maps_source\w1351_ll_sifangtinglanding_001.mesh	OK	37732	799	684	5	23740	0	1	0	7760	799	54+88+48+456+38
mobile_maps_source\w1351_ll_taijieanmian_001.mesh	OK	12860	276	192	1	8112	0	1	0	2592	276	192
mobile_maps_source\w1351_ll_taijiehuangmian_001.mesh	OK	12860	276	192	1	8112	0	1	0	2592	276	192
mobile_maps_source\w1351_ll_taijiehuangmian_002.mesh	OK	12860	276	192	1	8112	0	1	0	2592	276	192
mobile_maps_source\w1351_ll_taijiehulan_001.mesh	OK	9612	208	126	1	6076	0	1	0	1916	208	126
mobile_maps_source\w1351_ll_taijiehulanan_001.mesh	OK	10604	231	135	1	6738	0	0	0	3966	231	135
mobile_maps_source\w1351_ll_taijiehulanliang_001.mesh	OK	10604	231	135	1	6738	0	0	0	3966	231	135
mobile_maps_source\w1351_ll_taijieliang_002.mesh	OK	5580	118	72	1	3448	0	1	0	1088	118	72
mobile_maps_source\w1351_ll_taijiequan_001.mesh	OK	31680	696	444	2	20376	0	1	0	6456	696	192+252
mobile_maps_source\w1351_ll_tashuangceng_001.mesh	OK	19028	394	370	7	11772	0	1	0	3892	394	16+16+32+16+160+24+106
mobile_maps_source\w1351_ll_weilanmenkong_001.mesh	OK	14092	299	230	3	8832	0	1	0	2852	299	80+114+36
mobile_maps_source\w1351_ll_weilanmenkong_002.mesh	OK	4488	89	80	2	2652	0	1	0	872	89	44+36
mobile_maps_source\w1351_ll_weilanmenkong_003.mesh	OK	41692	897	690	3	26496	0	1	0	8556	897	240+342+108
mobile_maps_source\w1351_ll_weilanmenkong_004.mesh	OK	69292	1495	1150	3	44160	0	1	0	14260	1495	400+570+180
mobile_maps_source\w1351_ll_weilantou_001.mesh	OK	4484	89	80	1	2652	0	1	0	872	89	80
mobile_maps_source\w1351_ll_weilanxkong_001.mesh	OK	6620	137	106	3	4048	0	1	0	1308	137	94+4+8
mobile_maps_source\w1351_ll_weilanxkong_002.mesh	OK	19276	411	318	3	12144	0	1	0	3924	411	282+12+24
mobile_maps_source\w1351_ll_weilanxkong_003.mesh	OK	31932	685	530	3	20240	0	1	0	6540	685	470+20+40
mobile_maps_source\w1351_ll_yangjiaozhu_001.mesh	OK	42060	894	752	1	26536	0	1	0	8656	894	752
mobile_maps_source\w1351_ll_youlang_001.mesh	OK	13492	293	184	5	8572	0	1	0	2712	293	52+36+64+24+8
mobile_maps_source\w1351_ll_youlangdao_001.mesh	OK	18444	397	284	3	11684	0	1	0	3744	397	136+20+128
mobile_maps_source\w1351_ll_youlangdaolan_001.mesh	OK	15900	335	276	3	9932	0	1	0	3232	335	56+140+80
mobile_maps_source\w1351_ll_youlangdaolantou_001.mesh	OK	31904	679	556	4	20124	0	1	0	6544	679	120+223+181+32
mobile_maps_source\w1351_ll_youlangjiao_001.mesh	OK	27212	592	404	5	17384	0	1	0	5544	592	50+106+24+152+72
mobile_maps_source\w1351_ll_youlangtou_001.mesh	OK	19228	416	286	5	12220	0	1	0	3900	416	8+46+84+116+32
mobile_maps_source\w1351_ll_youlangtouhua_001.mesh	OK	31876	674	578	3	20028	0	1	0	6548	674	171+123+284
mobile_maps_source\w1351_ll_yueyadeng_001.mesh	OK	11868	249	202	3	7376	0	1	0	2396	249	72+42+88
mobile_maps_source\w1351_ll_zheyangpengbai_001.mesh	OK	8924	184	136	1	5424	192	1	0	1744	184	136
mobile_maps_source\w1351_ll_zheyangpenghong_001.mesh	OK	9408	196	136	2	5760	192	1	0	1840	196	72+64
mobile_maps_source\w1351_ll_zheyangpengshuangse_001.mesh	OK	8736	184	136	2	5424	0	1	0	1744	184	72+64
mobile_maps_source\w1351_ll_zhijinditan_001.mesh	OK	1156	17	24	1	524	0	1	0	184	17	24
mobile_maps_source\w1351_ll_zhongxinta_001.mesh	OK	16924	349	332	7	10436	0	1	0	3456	349	84+40+112+16+16+32+32
mobile_maps_source\w1351_ll_zhumuqiao_001.mesh	OK	40916	907	544	1	26484	0	1	0	8344	907	544
mobile_maps_source\w1351_ll_ziweiqi_001.mesh	OK	5564	88	44	1	3960	0	1	0	2200	88	44
mobile_maps_source\w1351_ll_zonglvai_001.mesh	OK	20400	336	162	2	15108	0	1	0	8388	336	150+12
mobile_maps_source\w1351_ll_zonglvaijian_001.mesh	OK	13200	218	76	1	9744	100	1	0	5384	218	76
mobile_maps_source\w1351_ll_zonglvqu_001.mesh	OK	34092	572	222	1	25612	0	1	0	14172	572	222
mobile_maps_source\w1351_ll_zonglvs_001.mesh	OK	66864	1120	482	2	50244	0	1	0	27844	1120	148+334
mobile_maps_source\w1351_ll_zonglvxiaocu_001.mesh	OK	15036	250	94	1	11188	0	1	0	6188	250	94
mobile_maps_source\w1351_ll_zonglvxiaozhi_001.mesh	OK	15164	247	119	1	11106	96	1	0	6166	247	119
mobile_maps_source\w1351_ll_zonglvyuan_001.mesh	OK	28156	474	166	1	21188	0	1	0	11708	474	166
mobile_maps_source\w1351_ll_zonglvzhi_001.mesh	OK	96080	1612	690	2	72308	0	1	0	40068	1612	236+454
mobile_maps_source\w1351_ll_zoudaomenbao_001.mesh	OK	9564	199	164	3	5900	0	1	0	1920	199	24+120+20
mobile_maps_source\w1351_ll_zoudaomenhou_001.mesh	OK	13196	279	218	3	8248	0	1	0	2668	279	20+82+116
mobile_maps_source\w1351_lq_muzhalantengman_001.mesh	OK	6332	136	76	1	3960	0	1	0	1240	136	76
mobile_maps_source\w1351_lq_muzhalantou_001.mesh	OK	9788	216	108	1	6264	0	1	0	1944	216	108
mobile_maps_source\w1351_lq_shibei_001.mesh	OK	6452	127	136	1	3828	0	1	0	1288	127	136
mobile_maps_source\w1351_lq_songshujiao_001.mesh	OK	46729	783	299	3	35050	197	1	0	19390	783	152+126+21
mobile_maps_source\w1351_lq_songshusi_001.mesh	OK	65097	1093	425	3	48942	197	1	0	27082	1093	24+176+225
mobile_maps_source\w1351_lq_yingchunhua_001.mesh	OK	1180	20	12	1	584	0	1	0	184	20	12
mobile_maps_source\w1351_ly__fangwuyancong_001.mesh	OK	35681	787	464	3	22964	197	1	0	7224	787	342+16+106
mobile_maps_source\w1351_ly__fwshuangcenglou_001.mesh	OK	68440	1531	862	6	44592	0	1	0	13972	1531	304+364+24+46+48+76
mobile_maps_source\w1351_ly__juanxincai_001.mesh	OK	8017	154	172	1	4656	197	1	0	1576	154	172
mobile_maps_source\w1351_ly__san_001.mesh	OK	5225	105	68	1	3076	197	1	0	976	105	68
mobile_maps_source\w1351_ly_baicaotangmen_001.mesh	OK	36729	811	474	5	23656	197	1	0	7436	811	310+32+4+112+16
mobile_maps_source\w1351_ly_baimasi_001.mesh	OK	62385	1352	976	5	39808	197	1	0	12768	1352	8+52+510+398+8
mobile_maps_source\w1351_ly_baishu_001.mesh	OK	26557	582	349	2	16994	197	0	0	10010	582	160+189
mobile_maps_source\w1351_ly_baishu_002.mesh	OK	18805	407	255	2	11906	197	0	0	7022	407	159+96
mobile_maps_source\w1351_ly_baogushi_001.mesh	OK	52449	1108	956	1	32936	197	1	0	10776	1108	956
mobile_maps_source\w1351_ly_baogushi_002.mesh	OK	55129	1175	956	1	34812	197	1	0	11312	1175	956
mobile_maps_source\w1351_ly_bazi_001.mesh	OK	20341	438	292	2	12848	197	1	0	4088	438	192+100
mobile_maps_source\w1351_ly_beilou_001.mesh	OK	4065	78	58	1	2300	197	1	0	740	78	58
mobile_maps_source\w1351_ly_biaojudibiao_001.mesh	OK	30337	666	400	5	19448	197	1	0	6128	666	16+4+104+32+244
mobile_maps_source\w1351_ly_biaojuqiang_001.mesh	OK	23549	512	322	4	14980	197	1	0	4740	512	8+42+20+252
mobile_maps_source\w1351_ly_biwutau_001.mesh	OK	49993	1102	678	3	32212	197	1	0	10172	1102	172+350+156
mobile_maps_source\w1351_ly_boji_001.mesh	OK	2561	47	25	1	1366	197	0	0	802	47	25
mobile_maps_source\w1351_ly_caihua_001.mesh	OK	4357	88	44	2	2552	197	1	0	792	88	12+32
mobile_maps_source\w1351_ly_caoduo_001.mesh	OK	4353	87	49	1	2534	197	0	0	1490	87	49
mobile_maps_source\w1351_ly_chalouqizi_001.mesh	OK	13969	225	111	1	10122	197	1	0	5622	225	111
mobile_maps_source\w1351_ly_chazhuo_001.mesh	OK	22145	486	278	1	14164	197	1	0	4444	486	278
mobile_maps_source\w1351_ly_chengfang_001.mesh	OK	18693	414	206	2	12004	197	1	0	3724	414	154+52
mobile_maps_source\w1351_ly_chenglou_001.mesh	OK	54389	1205	712	4	35164	197	1	0	11064	1205	40+272+16+384
mobile_maps_source\w1351_ly_chenglou_001a.mesh	OK	22217	489	272	1	14236	197	1	0	4456	489	272
mobile_maps_source\w1351_ly_chengmen_001.mesh	OK	30149	668	368	2	19440	197	1	0	6080	668	348+20
mobile_maps_source\w1351_ly_chengqiang_001.mesh	OK	35073	780	424	1	22688	197	1	0	7088	780	424
mobile_maps_source\w1351_ly_chengqiang_002.mesh	OK	23737	523	292	1	15228	197	1	0	4768	523	292
mobile_maps_source\w1351_ly_chengqiangxie_001.mesh	OK	19844	433	280	1	12684	0	1	0	4024	433	280
mobile_maps_source\w1351_ly_dabao_001.mesh	OK	1993	33	24	1	972	197	1	0	312	33	24
mobile_maps_source\w1351_ly_dangpuqizi_001.mesh	OK	13148	216	96	1	9696	0	1	0	5376	216	96
mobile_maps_source\w1351_ly_dangpuqizi_002.mesh	OK	4468	95	48	1	2756	0	1	0	856	95	48
mobile_maps_source\w1351_ly_daoyaochu_001.mesh	OK	2841	52	35	1	1526	197	0	0	902	52	35
mobile_maps_source\w1351_ly_dapao_001.mesh	OK	10173	211	156	2	6220	197	1	0	2000	211	62+94
mobile_maps_source\w1351_ly_denglong_001.mesh	OK	22316	368	178	1	16548	0	1	0	9188	368	178
mobile_maps_source\w1351_ly_denglong_002.mesh	OK	47260	788	356	1	35384	0	1	0	19624	788	356
mobile_maps_source\w1351_ly_denglongdu_002.mesh	OK	3724	75	55	1	2210	0	0	0	1310	75	55
mobile_maps_source\w1351_ly_diaoxiangdizuo_001.mesh	OK	15150	317	224	1	9324	394	1	0	2984	317	224
mobile_maps_source\w1351_ly_diaoxiangwenshi_001.mesh	OK	16865	344	328	1	10288	197	1	0	3408	344	328
mobile_maps_source\w1351_ly_dibiao_001.mesh	OK	20269	441	268	2	12884	197	1	0	4064	441	156+112
mobile_maps_source\w1351_ly_dizhuanchang1_001.mesh	OK	1164	20	10	1	580	0	1	0	180	20	10
mobile_maps_source\w1351_ly_dizhuanchang1_002.mesh	OK	2220	44	22	1	1276	0	1	0	396	44	22
mobile_maps_source\w1351_ly_dizhuandangehuabian_001.mesh	OK	4913	98	64	1	2872	197	1	0	912	98	64
mobile_maps_source\w1351_ly_dizhuanhua1_001.mesh	OK	1729	28	16	1	816	197	1	0	256	28	16
mobile_maps_source\w1351_ly_dizhuanhuawu1_001.mesh	OK	1889	32	16	1	928	197	1	0	288	32	16
mobile_maps_source\w1351_ly_dizhuanlingxinghuabian29_001.mesh	OK	14401	302	230	1	8916	197	1	0	2876	302	230
mobile_maps_source\w1351_ly_dizhuanlingxinghuabian46_001.mesh	OK	16241	346	240	1	10168	197	1	0	3248	346	240
mobile_maps_source\w1351_ly_dizhuanlx109_001.mesh	OK	16129	346	226	1	10140	197	1	0	3220	346	226
mobile_maps_source\w1351_ly_dizhuanlx109_001a.mesh	OK	1937	32	22	1	940	197	1	0	300	32	22
mobile_maps_source\w1351_ly_dizhuanlx109_001b.mesh	OK	1337	19	12	1	556	197	1	0	176	19	12
mobile_maps_source\w1351_ly_dizhuanlx66_001.mesh	OK	9545	199	138	1	5848	197	1	0	1868	199	138
mobile_maps_source\w1351_ly_dizhuanlxdan1_001.mesh	OK	2417	44	22	1	1276	197	1	0	396	44	22
mobile_maps_source\w1351_ly_dizhuanlxdan2_001.mesh	OK	2180	43	22	1	1248	0	1	0	388	43	22
mobile_maps_source\w1351_ly_dizhuanlxdan5_001.mesh	OK	2417	44	22	1	1276	197	1	0	396	44	22
mobile_maps_source\w1351_ly_duanshu_001.mesh	OK	33525	563	189	2	25150	197	1	0	13890	563	125+64
mobile_maps_source\w1351_ly_dzlongwen24_001.mesh	OK	12837	272	184	2	7984	197	1	0	2544	272	180+4
mobile_maps_source\w1351_ly_dzlongwen46_001.mesh	OK	19301	414	282	2	12156	197	1	0	3876	414	278+4
mobile_maps_source\w1351_ly_dzlongwen78_001a.mesh	OK	2945	56	28	1	1624	197	1	0	504	56	28
mobile_maps_source\w1351_ly_dzlongwen78_001aa.mesh	OK	1361	20	10	1	580	197	1	0	180	20	10
mobile_maps_source\w1351_ly_dzlongwen78_001b.mesh	OK	6209	128	76	1	3736	197	1	0	1176	128	76
mobile_maps_source\w1351_ly_dzlongwen78_001bb.mesh	OK	2625	48	28	1	1400	197	1	0	440	48	28
mobile_maps_source\w1351_ly_dzlongwen78_001c.mesh	OK	1257	17	12	1	500	197	1	0	160	17	12
mobile_maps_source\w1351_ly_dzlongwen_001.mesh	OK	6261	126	92	2	3712	197	1	0	1192	126	88+4
mobile_maps_source\w1351_ly_dzlongwenyuan24_001.mesh	OK	12021	254	172	2	7456	197	1	0	2376	254	168+4
mobile_maps_source\w1351_ly_dzlongwenyuan78_001.mesh	OK	29253	636	416	2	18640	197	1	0	5920	636	412+4
mobile_maps_source\w1351_ly_dzlongwenyuan78_001a.mesh	OK	29253	636	416	2	18640	197	1	0	5920	636	412+4
mobile_maps_source\w1351_ly_dzlongwenyuan_001.mesh	OK	9621	210	92	2	6064	197	1	0	1864	210	88+4
mobile_maps_source\w1351_ly_fangche_001.mesh	OK	10881	236	120	1	6848	197	1	0	2128	236	120
mobile_maps_source\w1351_ly_fangwu_001.mesh	OK	34873	768	458	3	22420	197	1	0	7060	768	266+134+58
mobile_maps_source\w1351_ly_fangwudiaohua_001.mesh	OK	55641	1239	698	5	36088	197	1	0	11308	1239	434+36+144+58+26
mobile_maps_source\w1351_ly_fangwudimian_001.mesh	OK	71817	1582	1005	5	46306	197	0	0	27322	1582	8+208+690+49+50
mobile_maps_source\w1351_ly_fangwuer_001.mesh	OK	32641	721	414	3	21016	197	1	0	6596	721	322+72+20
mobile_maps_source\w1351_ly_fangwueryuan_001.mesh	OK	44688	996	569	4	29026	0	0	0	17074	996	434+27+4+104
mobile_maps_source\w1351_ly_fangwuhubu_001.mesh	OK	77613	1720	1039	6	50238	197	0	0	29598	1720	96+112+2+46+70+713
mobile_maps_source\w1351_ly_fangwujiuzhoushanghui_001.mesh	OK	68901	1527	915	6	44586	197	0	0	26262	1527	561+88+56+2+204+4
mobile_maps_source\w1351_ly_fangwumajiu_001.mesh	OK	44140	984	560	5	28672	0	1	0	8992	984	196+260+8+40+56
mobile_maps_source\w1351_ly_fangwushuangmian_001.mesh	OK	30009	661	384	5	19276	197	1	0	6056	661	8+120+44+16+196
mobile_maps_source\w1351_ly_fangwuxiaosijiao_001.mesh	OK	19924	434	284	3	12720	0	1	0	4040	434	20+52+212
mobile_maps_source\w1351_ly_fangwuxiaoyuan_001.mesh	OK	260869	5818	3456	6	169816	197	1	0	53456	5818	178+4+220+250+2212+592
mobile_maps_source\w1351_ly_fangwuyancong_001.mesh	OK	35681	787	464	3	22964	197	1	0	7224	787	342+16+106
mobile_maps_source\w1351_ly_fangwuyuanmen_001.mesh	OK	28445	626	364	4	18256	197	1	0	5736	626	196+132+32+4
mobile_maps_source\w1351_ly_fangwuyuanmen_002.mesh	OK	20125	439	260	2	12812	197	1	0	4032	439	112+148
mobile_maps_source\w1351_ly_fangwuzhedang_001.mesh	OK	33692	752	414	5	21884	0	1	0	6844	752	86+32+48+196+52
mobile_maps_source\w1351_ly_fengshu_001.mesh	OK	11205	244	120	2	7072	197	1	0	2192	244	64+56
mobile_maps_source\w1351_ly_fwbingbu_001.mesh	OK	66665	1475	895	7	43090	197	0	0	25390	1475	4+611+48+2+62+68+100
mobile_maps_source\w1351_ly_fwdaxiongbaodian_001.mesh	OK	50289	1109	678	7	32408	197	1	0	10228	1109	4+114+408+54+4+16+78
mobile_maps_source\w1351_ly_fwduanwangfu_001.mesh	OK	197189	4376	2706	6	127940	197	1	0	40420	4376	102+4+392+1846+186+176
mobile_maps_source\w1351_ly_fwluoyangfushu_001.mesh	OK	54029	1225	754	7	34300	197	1	0	9800	1225	4+92+548+24+8+12+66
mobile_maps_source\w1351_ly_fwmingjinggaoxuan_001.mesh	OK	49796	1108	646	7	32316	0	1	0	10156	1108	2+104+404+32+36+60+8
mobile_maps_source\w1351_ly_fwnongbu_001.mesh	OK	67417	1494	894	7	43620	197	1	0	13740	1494	12+2+130+638+44+22+46
mobile_maps_source\w1351_ly_fwshuangmian_001.mesh	OK	32121	705	428	5	20596	197	1	0	6496	705	260+26+90+8+44
mobile_maps_source\w1351_ly_fwshuangzhu_001.mesh	OK	36989	814	492	4	23776	197	1	0	7496	814	68+20+270+134
mobile_maps_source\w1351_ly_fwzhongyi_001.mesh	OK	53944	1195	730	6	34920	0	1	0	11020	1195	478+60+56+8+60+68
mobile_maps_source\w1351_ly_gaoshipai_001.mesh	OK	5737	109	112	1	3276	197	1	0	1096	109	112
mobile_maps_source\w1351_ly_gaoshiqiang_001.mesh	OK	19041	415	244	3	12108	197	1	0	3808	415	136+4+104
mobile_maps_source\w1351_ly_gelou_001.mesh	OK	27857	605	396	3	17732	197	1	0	5632	605	48+40+308
mobile_maps_source\w1351_ly_gongyitai_001.mesh	OK	20449	444	276	1	12984	197	1	0	4104	444	276
mobile_maps_source\w1351_ly_gouhuotai_001.mesh	OK	28765	628	394	4	18372	197	1	0	5812	628	24+74+252+44
mobile_maps_source\w1351_ly_gouhuotai_002.mesh	OK	6836	148	78	3	4300	0	1	0	1340	148	44+10+24
mobile_maps_source\w1351_ly_gu_001.mesh	OK	12761	271	180	1	7948	197	1	0	2528	271	180
mobile_maps_source\w1351_ly_guanmucong_001.mesh	OK	3345	62	48	1	1832	197	1	0	592	62	48
mobile_maps_source\w1351_ly_guanshangshi_001.mesh	OK	6716	133	139	1	4002	0	0	0	2406	133	139
mobile_maps_source\w1351_ly_guanzi_001.mesh	OK	6393	127	104	1	3764	197	1	0	1224	127	104
mobile_maps_source\w1351_ly_guanzisier_001.mesh	OK	12465	258	208	1	7640	197	1	0	2480	258	208
mobile_maps_source\w1351_ly_guatan_001.mesh	OK	51093	848	390	2	38092	197	1	0	21132	848	382+8
mobile_maps_source\w1351_ly_hongmen_001.mesh	OK	20493	446	270	4	13028	197	1	0	4108	446	12+94+152+12
mobile_maps_source\w1351_ly_hongmuzhalan_001.mesh	OK	1409	20	16	1	592	197	1	0	192	20	16
mobile_maps_source\w1351_ly_hongqiang_001.mesh	OK	6421	136	62	2	3932	197	1	0	1212	136	32+30
mobile_maps_source\w1351_ly_hongqiang_002.mesh	OK	7733	162	96	2	4728	197	1	0	1488	162	48+48
mobile_maps_source\w1351_ly_hongyeshu_001.mesh	OK	31292	518	250	1	23292	0	1	0	12932	518	250
mobile_maps_source\w1351_ly_huabianpingjie_001.mesh	OK	988	16	8	1	464	0	1	0	144	16	8
mobile_maps_source\w1351_ly_huabianpingjie_002.mesh	OK	2348	46	28	1	1344	0	1	0	424	46	28
mobile_maps_source\w1351_ly_huabianpingjie_003.mesh	OK	5036	106	64	1	3096	0	1	0	976	106	64
mobile_maps_source\w1351_ly_huabianpingjie_004.mesh	OK	2428	48	28	1	1400	0	1	0	440	48	28
mobile_maps_source\w1351_ly_huacu_001.mesh	OK	2369	40	36	1	1192	197	1	0	392	40	36
mobile_maps_source\w1351_ly_huangyeguanmu_001.mesh	OK	5729	112	96	1	3328	197	1	0	1088	112	96
mobile_maps_source\w1351_ly_huaping_001.mesh	OK	5393	106	84	1	3136	197	1	0	1016	106	84
mobile_maps_source\w1351_ly_huaping_002.mesh	OK	7065	147	88	1	4292	197	1	0	1352	147	88
mobile_maps_source\w1351_ly_huaping_003.mesh	OK	6241	126	90	1	3708	197	1	0	1188	126	90
mobile_maps_source\w1351_ly_huaping_004.mesh	OK	7057	142	112	1	4200	197	1	0	1360	142	112
mobile_maps_source\w1351_ly_jiaozi_001.mesh	OK	9113	195	104	1	5668	197	1	0	1768	195	104
mobile_maps_source\w1351_ly_jiashanshi_001.mesh	OK	2369	40	36	1	1192	197	1	0	392	40	36
mobile_maps_source\w1351_ly_jiazi_001.mesh	OK	14593	312	202	5	9140	197	1	0	2900	312	16+72+52+60+2
mobile_maps_source\w1351_ly_laoshu_001.mesh	OK	38917	651	247	2	29138	197	1	0	16118	651	143+104
mobile_maps_source\w1351_ly_liangbao_001.mesh	OK	2401	40	40	1	1200	197	1	0	400	40	40
mobile_maps_source\w1351_ly_liangcang_001.mesh	OK	55356	1212	822	5	35580	0	1	0	11340	1212	661+34+62+25+40
mobile_maps_source\w1351_ly_liangcang_002.mesh	OK	47585	1026	756	5	30240	197	1	0	9720	1026	580+16+96+32+32
mobile_maps_source\w1351_ly_liangshi_001.mesh	OK	12565	248	270	2	7484	197	1	0	2524	248	256+14
mobile_maps_source\w1351_ly_liangshi_002.mesh	OK	2809	51	36	1	1500	197	1	0	480	51	36
mobile_maps_source\w1351_ly_liangyigan_001.mesh	OK	9233	194	124	1	5680	197	1	0	1800	194	124
mobile_maps_source\w1351_ly_liangyijia_001.mesh	OK	5969	122	76	1	3568	197	1	0	1128	122	76
mobile_maps_source\w1351_ly_liangyijia_002.mesh	OK	40165	856	680	2	25328	197	1	0	8208	856	512+168
mobile_maps_source\w1351_ly_lingzhi_001.mesh	OK	905	9	8	1	268	197	1	0	88	9	8
mobile_maps_source\w1351_ly_liushu_001.mesh	OK	34181	565	257	2	25374	197	1	0	14074	565	95+162
mobile_maps_source\w1351_ly_luoyangchengmen_001.mesh	OK	66269	1472	861	6	42938	197	0	0	25274	1472	403+88+248+22+80+20
mobile_maps_source\w1351_ly_luoyangchengmen_001a.mesh	OK	60109	1328	812	4	38808	197	1	0	12248	1328	528+52+212+20
mobile_maps_source\w1351_ly_mache_001.mesh	OK	61264	1344	902	2	39436	0	1	0	12556	1344	110+792
mobile_maps_source\w1351_ly_maocaopeng_001.mesh	OK	8669	181	118	2	5304	197	1	0	1684	181	48+70
mobile_maps_source\w1351_ly_maocaowu_001.mesh	OK	17149	369	238	2	10808	197	1	0	3428	369	154+84
mobile_maps_source\w1351_ly_maocaoxiaowu_001.mesh	OK	10197	214	144	2	6280	197	1	0	2000	214	72+72
mobile_maps_source\w1351_ly_maocaozhuwu_001.mesh	OK	21069	457	288	2	13372	197	1	0	4232	457	108+180
mobile_maps_source\w1351_ly_mingzhenlou_001.mesh	OK	136632	3020	1940	8	88440	0	1	0	28040	3020	48+1056+120+162+130+320+4+100
mobile_maps_source\w1351_ly_mucai_001.mesh	OK	43681	956	620	1	28008	197	1	0	8888	956	620
mobile_maps_source\w1351_ly_mucaiyi_001.mesh	OK	16692	363	236	1	10636	0	1	0	3376	363	236
mobile_maps_source\w1351_ly_mugua_001.mesh	OK	2649	43	56	1	1316	197	1	0	456	43	56
mobile_maps_source\w1351_ly_mujiazi_001.mesh	OK	14869	322	188	2	9392	197	1	0	2952	322	128+60
mobile_maps_source\w1351_ly_mujiazi_002.mesh	OK	14453	310	196	2	9072	197	1	0	2872	310	164+32
mobile_maps_source\w1351_ly_mutong_001.mesh	OK	5537	110	82	1	3244	197	1	0	1044	110	82
mobile_maps_source\w1351_ly_mutong_002.mesh	OK	7617	158	102	1	4628	197	1	0	1468	158	102
mobile_maps_source\w1351_ly_muzhalan_001.mesh	OK	12289	264	156	1	7704	197	1	0	2424	264	156
mobile_maps_source\w1351_ly_muzhuang_001.mesh	OK	6961	142	100	1	4176	197	1	0	1336	142	100
mobile_maps_source\w1351_ly_nangua_001.mesh	OK	15865	329	278	1	9768	197	1	0	3188	329	278
mobile_maps_source\w1351_ly_nanmen_001.mesh	OK	134269	2897	2236	6	85588	197	1	0	27648	2897	48+674+176+190+1116+32
mobile_maps_source\w1351_ly_paifang_001.mesh	OK	23969	526	304	5	15336	197	1	0	4816	526	20+8+98+162+16
mobile_maps_source\w1351_ly_panlongzhu_001.mesh	OK	89433	1898	1629	1	56402	197	0	0	33626	1898	1629
mobile_maps_source\w1351_ly_pengzi_001.mesh	OK	11433	237	184	1	7004	197	1	0	2264	237	184
mobile_maps_source\w1351_ly_pingkouguanzi_001.mesh	OK	4937	97	72	1	2860	197	1	0	920	97	72
mobile_maps_source\w1351_ly_qiang2x5_001.mesh	OK	2244	45	20	1	1300	0	1	0	400	45	20
mobile_maps_source\w1351_ly_qiang2x5_002.mesh	OK	3972	81	56	1	2380	0	1	0	760	81	56
mobile_maps_source\w1351_ly_qiang2x5_003.mesh	OK	1380	25	12	1	724	0	1	0	224	25	12
mobile_maps_source\w1351_ly_qiang2x5jiao_001.mesh	OK	5972	129	66	1	3744	0	1	0	1164	129	66
mobile_maps_source\w1351_ly_qiangmian_001.mesh	OK	4001	78	50	1	2284	197	1	0	724	78	50
mobile_maps_source\w1351_ly_qiangmian_002.mesh	OK	2737	50	32	1	1464	197	1	0	464	50	32
mobile_maps_source\w1351_ly_qiangmian_003.mesh	OK	1809	30	16	1	872	197	1	0	272	30	16
mobile_maps_source\w1351_ly_qiangmian_004.mesh	OK	2025	35	18	1	1016	197	1	0	316	35	18
mobile_maps_source\w1351_ly_qiangtou_001.mesh	OK	10585	226	132	3	6592	197	1	0	2072	226	94+12+26
mobile_maps_source\w1351_ly_qiling_001.mesh	OK	134641	2666	3440	1	81528	197	1	0	28208	2666	3440
mobile_maps_source\w1351_ly_qiuche_001.mesh	OK	42585	908	722	3	26868	197	1	0	8708	908	552+72+98
mobile_maps_source\w1351_ly_qiulong_001.mesh	OK	11657	250	146	3	7292	197	1	0	2292	250	98+16+32
mobile_maps_source\w1351_ly_qiuqian_001.mesh	OK	31133	682	420	4	19936	197	1	0	6296	682	80+136+20+184
mobile_maps_source\w1351_ly_san_001.mesh	OK	5225	105	68	1	3076	197	1	0	976	105	68
mobile_maps_source\w1351_ly_sanpu_001.mesh	OK	6801	140	90	1	4100	197	1	0	1300	140	90
mobile_maps_source\w1351_ly_sanzutongding_001.mesh	OK	13060	277	212	1	8180	0	1	0	2640	277	212
mobile_maps_source\w1351_ly_shibei_001.mesh	OK	5020	104	72	1	3056	0	1	0	976	104	72
mobile_maps_source\w1351_ly_shibeiyuantou_001.mesh	OK	6784	134	142	2	4036	0	1	0	1356	134	140+2
mobile_maps_source\w1351_ly_shibeiyuantou_002.mesh	OK	2880	58	34	2	1692	0	1	0	532	58	32+2
mobile_maps_source\w1351_ly_shidiaoma_001.mesh	OK	13473	276	244	1	8216	197	1	0	2696	276	244
mobile_maps_source\w1351_ly_shinian_001.mesh	OK	10001	211	135	1	6178	197	0	0	3646	211	135
mobile_maps_source\w1351_ly_shishizi_001.mesh	OK	113862	2284	2727	3	69406	394	0	0	41998	2284	579+2036+112
mobile_maps_source\w1351_ly_shishizihonghua_001.mesh	OK	13609	273	276	1	8196	197	1	0	2736	273	276
mobile_maps_source\w1351_ly_shita_001.mesh	OK	3497	61	72	1	1852	197	1	0	632	61	72
mobile_maps_source\w1351_ly_shuangcengtingzi_001.mesh	OK	32609	711	460	3	20828	197	1	0	6608	711	308+56+96
mobile_maps_source\w1351_ly_shucaitan_001.mesh	OK	6153	125	84	1	3668	197	1	0	1168	125	84
mobile_maps_source\w1351_ly_shuijing_001.mesh	OK	13533	287	196	2	8428	197	1	0	2688	287	88+108
mobile_maps_source\w1351_ly_songshu_001.mesh	OK	14513	304	233	3	8978	197	0	0	5330	304	14+75+144
mobile_maps_source\w1351_ly_songshu_002.mesh	OK	21337	353	135	3	15802	197	1	0	8742	353	56+63+16
mobile_maps_source\w1351_ly_songshu_003.mesh	OK	12933	210	86	2	9412	197	1	0	5212	210	32+54
mobile_maps_source\w1351_ly_songshuteng_001.mesh	OK	41977	702	272	3	31432	197	1	0	17392	702	120+30+122
mobile_maps_source\w1351_ly_songshuyingke_001.mesh	OK	6996	147	103	3	4322	0	0	0	2558	147	4+20+79
mobile_maps_source\w1351_ly_sujinghuibipai_001.mesh	OK	2497	46	22	1	1332	197	1	0	412	46	22
mobile_maps_source\w1351_ly_ta_001.mesh	OK	84061	1837	1260	6	53956	197	1	0	17216	1837	120+708+112+196+60+64
mobile_maps_source\w1351_ly_taijiediaohuaer_001.mesh	OK	31501	695	402	2	20264	197	1	0	6364	695	242+160
mobile_maps_source\w1351_ly_taijielingxinger_001.mesh	OK	29445	650	370	2	18940	197	1	0	5940	650	128+242
mobile_maps_source\w1351_ly_taijieshuanglingxing_001.mesh	OK	28160	626	354	2	18236	0	1	0	5716	626	242+112
mobile_maps_source\w1351_ly_taijieshuanglongwen_001.mesh	OK	28505	630	352	3	18344	197	1	0	5744	630	242+96+14
mobile_maps_source\w1351_ly_taijieshuanglongwen_002.mesh	OK	28308	630	352	3	18344	0	1	0	5744	630	242+96+14
mobile_maps_source\w1351_ly_taijiezai_001.mesh	OK	27269	600	348	2	17496	197	1	0	5496	600	252+96
mobile_maps_source\w1351_ly_taijiezai_002.mesh	OK	27072	600	348	2	17496	0	1	0	5496	600	252+96
mobile_maps_source\w1351_ly_tanzi_001.mesh	OK	7873	158	134	1	4692	197	1	0	1532	158	134
mobile_maps_source\w1351_ly_taohua_001.mesh	OK	16097	350	202	1	10204	197	1	0	3204	350	202
mobile_maps_source\w1351_ly_tongjiling_001.mesh	OK	20857	458	256	3	13336	197	1	0	4176	458	72+180+4
mobile_maps_source\w1351_ly_waibozishu_001.mesh	OK	36709	611	251	2	27386	197	1	0	15166	611	163+88
mobile_maps_source\w1351_ly_wanjindangpu_001.mesh	OK	47924	1062	642	7	31020	0	1	0	9780	1062	50+2+68+22+36+108+356
mobile_maps_source\w1351_ly_weilan_001.mesh	OK	2188	42	28	1	1232	0	1	0	392	42	28
mobile_maps_source\w1351_ly_weilan_002.mesh	OK	3388	70	38	1	2036	0	1	0	636	70	38
mobile_maps_source\w1351_ly_weilan_003.mesh	OK	9596	210	114	1	6108	0	1	0	1908	210	114
mobile_maps_source\w1351_ly_weilan_004.mesh	OK	15804	350	190	1	10180	0	1	0	3180	350	190
mobile_maps_source\w1351_ly_weiqiangmian_001.mesh	OK	4789	96	58	2	2804	197	1	0	884	96	16+42
mobile_maps_source\w1351_ly_weiqiangmian_002.mesh	OK	4837	98	54	2	2852	197	1	0	892	98	24+30
mobile_maps_source\w1351_ly_xi_001.mesh	OK	26533	560	456	2	16592	197	1	0	5392	560	156+300
mobile_maps_source\w1351_ly_xianglu_001.mesh	OK	13737	290	207	1	8534	197	0	0	5054	290	207
mobile_maps_source\w1351_ly_xiangzi_001.mesh	OK	1937	32	22	1	940	197	1	0	300	32	22
mobile_maps_source\w1351_ly_xiangzi_003.mesh	OK	2121	37	20	1	1076	197	1	0	336	37	20
mobile_maps_source\w1351_ly_xiaotingzi_001.mesh	OK	30737	677	396	3	19748	197	1	0	6208	677	72+32+292
mobile_maps_source\w1351_ly_ximen_001.mesh	OK	67977	1506	906	3	43980	197	1	0	13860	1506	436+426+44
mobile_maps_source\w1351_ly_yabianshu_001.mesh	OK	49093	821	329	2	36782	197	1	0	20362	821	120+209
mobile_maps_source\w1351_ly_yaohulu_001.mesh	OK	6129	118	116	1	3536	197	1	0	1176	118	116
mobile_maps_source\w1351_ly_yaopuqiz_001.mesh	OK	24412	403	195	1	18122	0	1	0	10062	403	195
mobile_maps_source\w1351_ly_yizhanmen_001.mesh	OK	56733	1250	780	4	36560	197	1	0	11560	1250	32+4+140+604
mobile_maps_source\w1351_ly_youcaihua_001.mesh	OK	4160	88	44	2	2552	0	1	0	792	88	32+12
mobile_maps_source\w1351_ly_yulou_001.mesh	OK	2281	37	40	1	1116	197	1	0	376	37	40
mobile_maps_source\w1351_ly_yutan_001.mesh	OK	27353	588	418	3	17300	197	1	0	5540	588	270+10+138
mobile_maps_source\w1351_ly_zhalan_001.mesh	OK	8601	167	180	1	5036	197	1	0	1696	167	180
mobile_maps_source\w1351_ly_zhalan_002.mesh	OK	4913	98	64	1	2872	197	1	0	912	98	64
mobile_maps_source\w1351_ly_zhong_001.mesh	OK	5265	96	118	1	2924	197	1	0	1004	96	118
mobile_maps_source\w1351_ly_zhulou_001.mesh	OK	3609	67	56	1	1988	197	1	0	648	67	56
mobile_maps_source\w1351_ly_zhuzhalan_001.mesh	OK	2113	36	24	1	1056	197	1	0	336	36	24
mobile_maps_source\w1351_lyxj_chenglou_001.mesh	OK	54192	1205	712	4	35164	0	1	0	11064	1205	40+272+16+384
mobile_maps_source\w1351_lyxj_chenglou_001a.mesh	OK	22020	489	272	1	14236	0	1	0	4456	489	272
mobile_maps_source\w1351_lyxj_chengqiang_002.mesh	OK	23737	523	292	1	15228	197	1	0	4768	523	292
mobile_maps_source\w1351_lyxj_luoyangchengmen_001.mesh	OK	66269	1472	861	6	42938	197	0	0	25274	1472	403+88+248+22+80+20
mobile_maps_source\w1351_lyxj_qiao_001.mesh	OK	45852	1006	666	1	29500	0	1	0	9380	1006	666
mobile_maps_source\w1351_miaoj_changgu_001.mesh	OK	14316	310	204	1	9088	0	1	0	2888	310	204
mobile_maps_source\w1351_miaoj_chuanzhou_001.mesh	OK	13420	296	162	1	8612	0	1	0	2692	296	162
mobile_maps_source\w1351_miaoj_damen_001.mesh	OK	40436	882	608	3	25912	0	1	0	8272	882	536+64+8
mobile_maps_source\w1351_miaoj_daohong_001.mesh	OK	3564	74	40	1	2152	0	1	0	672	74	40
mobile_maps_source\w1351_miaoj_daoshan_001.mesh	OK	67736	1492	970	4	43716	0	1	0	13876	1492	48+682+8+232
mobile_maps_source\w1351_miaoj_fwcaotingzi_001.mesh	OK	19940	432	296	3	12688	0	1	0	4048	432	24+122+150
mobile_maps_source\w1351_miaoj_fwloujiaer_001.mesh	OK	78208	1710	1178	2	50236	96	1	0	16036	1710	1138+40
mobile_maps_source\w1351_miaoj_fwmiaozai_001.mesh	OK	44736	974	686	2	28644	0	1	0	9164	974	582+104
mobile_maps_source\w1351_miaoj_fwshaoting_001.mesh	OK	48036	1059	674	1	31000	0	1	0	9820	1059	674
mobile_maps_source\w1351_miaoj_fwshuwu_001.mesh	OK	54648	1198	804	4	35152	0	1	0	11192	1198	494+141+22+147
mobile_maps_source\w1351_miaoj_fwzhujiating_001.mesh	OK	27872	606	418	2	17804	0	1	0	5684	606	390+28
mobile_maps_source\w1351_miaoj_fwzhulou_001.mesh	OK	32724	713	490	1	20944	0	1	0	6684	713	490
mobile_maps_source\w1351_miaoj_fwzhuloulvbu_001.mesh	OK	37344	810	570	2	23820	96	1	0	7620	810	566+4
mobile_maps_source\w1351_miaoj_fwzhupengzi_001.mesh	OK	37876	815	624	1	24068	0	1	0	7768	815	624
mobile_maps_source\w1351_miaoj_gongdi_001.mesh	OK	29416	656	361	2	19090	0	0	0	11218	656	160+201
mobile_maps_source\w1351_miaoj_hanyuta_001.mesh	OK	113280	1926	642	2	86028	0	1	0	47508	1926	252+390
mobile_maps_source\w1351_miaoj_huodui_001.mesh	OK	13708	299	183	1	8738	0	0	0	5150	299	183
mobile_maps_source\w1351_miaoj_huopengjia_001.mesh	OK	11240	242	159	2	7094	0	0	0	4190	242	81+78
mobile_maps_source\w1351_miaoj_jiaolou_001.mesh	OK	30364	660	460	1	19400	0	1	0	6200	660	460
mobile_maps_source\w1351_miaoj_jitanshu_001.mesh	OK	55108	1216	771	5	35590	0	0	0	20998	1216	16+22+144+358+231
mobile_maps_source\w1351_miaoj_luogu_001.mesh	OK	19044	407	310	1	12016	0	1	0	3876	407	310
mobile_maps_source\w1351_miaoj_miaojiangqi_001.mesh	OK	12160	198	98	2	8908	0	1	0	4948	198	66+32
mobile_maps_source\w1351_miaoj_miaozaishi_001.mesh	OK	6852	135	146	1	4072	0	1	0	1372	135	146
mobile_maps_source\w1351_miaoj_mujiajiao_001.mesh	OK	4444	93	55	1	2714	0	0	0	1598	93	55
mobile_maps_source\w1351_miaoj_mujiazi_001.mesh	OK	16460	354	252	1	10416	0	1	0	3336	354	252
mobile_maps_source\w1351_miaoj_podamen_001.mesh	OK	19649	424	275	3	12422	197	0	0	7334	424	234+4+37
mobile_maps_source\w1351_miaoj_qigan_001.mesh	OK	4844	98	80	1	2904	0	1	0	944	98	80
mobile_maps_source\w1351_miaoj_shitoukuai_001.mesh	OK	1164	20	10	1	580	0	1	0	180	20	10
mobile_maps_source\w1351_miaoj_shitoukuaique_001.mesh	OK	1436	26	14	1	756	0	1	0	236	26	14
mobile_maps_source\w1351_miaoj_shitouqingta_001.mesh	OK	2388	45	38	1	1336	0	1	0	436	45	38
mobile_maps_source\w1351_miaoj_shizhujitan_001.mesh	OK	20736	450	305	4	13210	0	0	0	7810	450	183+56+30+36
mobile_maps_source\w1351_miaoj_shuduancha_001.mesh	OK	3516	70	54	1	2068	0	1	0	668	70	54
mobile_maps_source\w1351_miaoj_shuduanzhi_001.mesh	OK	16728	370	205	2	10770	0	0	0	6330	370	32+173
mobile_maps_source\w1351_miaoj_shugen_001.mesh	OK	14004	304	195	1	8902	0	0	0	5254	304	195
mobile_maps_source\w1351_miaoj_shugencu_001.mesh	OK	25852	568	356	1	16616	0	1	0	5256	568	356
mobile_maps_source\w1351_miaoj_shuqiao_001.mesh	OK	24732	540	354	5	15828	0	1	0	5028	540	121+88+123+14+8
mobile_maps_source\w1351_miaoj_suoqiao_001.mesh	OK	4620	98	52	1	2848	0	1	0	888	98	52
mobile_maps_source\w1351_miaoj_tiesuojiaqiao_001.mesh	OK	50281	1110	674	3	32428	197	1	0	10228	1110	312+26+336
mobile_maps_source\w1351_miaoj_tiesuoqiaopo_001.mesh	OK	94132	2109	1185	3	61422	0	0	0	36114	2109	869+182+134
mobile_maps_source\w1351_miaoj_tiesuoqiaotou_001.mesh	OK	26332	585	319	1	17018	96	0	0	9998	585	319
mobile_maps_source\w1351_miaoj_tiesuoqiaotouchang_001.mesh	OK	29873	661	357	1	19222	293	0	0	11290	661	357
mobile_maps_source\w1351_miaoj_tutengdun_001.mesh	OK	4064	82	62	2	2420	0	1	0	780	82	56+6
mobile_maps_source\w1351_miaoj_tutenghuozhu_001.mesh	OK	9956	207	173	3	6142	0	0	0	3658	207	81+56+36
mobile_maps_source\w1351_miaoj_tutengzhuer_001.mesh	OK	1644	28	30	1	844	0	1	0	284	28	30
mobile_maps_source\w1351_miaoj_tutengzhuerfei_001.mesh	OK	4824	99	72	2	2916	0	1	0	936	99	50+22
mobile_maps_source\w1351_miaoj_tutengzhufei_001.mesh	OK	3564	72	50	1	2116	0	1	0	676	72	50
mobile_maps_source\w1351_miaoj_tutengzhuguan_001.mesh	OK	5724	116	100	1	3448	0	1	0	1128	116	100
mobile_maps_source\w1351_miaoj_tutengzhuzui_001.mesh	OK	3396	65	64	1	1948	0	1	0	648	65	64
mobile_maps_source\w1351_miaoj_xiaomen_001.mesh	OK	25548	554	388	1	16288	0	1	0	5208	554	388
mobile_maps_source\w1351_miaoj_xiaotuiche_001.mesh	OK	25012	552	330	3	16116	0	1	0	5076	552	266+32+32
mobile_maps_source\w1351_miaoj_xiaozhangpeng_001.mesh	OK	37720	818	588	4	24080	0	1	0	7720	818	316+8+48+216
mobile_maps_source\w1351_miaoj_yuandun_001.mesh	OK	2220	42	32	1	1240	0	1	0	400	42	32
mobile_maps_source\w1351_miaoj_yuanmudu_001.mesh	OK	1612	30	16	1	872	0	1	0	272	30	16
mobile_maps_source\w1351_miaoj_yuanmuer_001.mesh	OK	2940	60	32	1	1744	0	1	0	544	60	32
mobile_maps_source\w1351_miaoj_zhaopai_001.mesh	OK	14352	314	188	2	9168	0	1	0	2888	314	184+4
mobile_maps_source\w1351_miaoj_zhulouchai_001.mesh	OK	20188	442	278	1	12932	0	1	0	4092	442	278
mobile_maps_source\w1351_miaoj_zhuzhalan_001.mesh	OK	6012	129	71	1	3754	0	0	0	2206	129	71
mobile_maps_source\w1351_miaoj_zhuzhalancha_001.mesh	OK	8284	181	95	1	5258	0	0	0	3086	181	95
mobile_maps_source\w1351_miaoj_zhuzhalanjiao_001.mesh	OK	9996	220	114	1	6388	0	1	0	1988	220	114
mobile_maps_source\w1351_miaoj_zhuzhalankuan_001.mesh	OK	9340	205	107	1	5954	0	0	0	3494	205	107
mobile_maps_source\w1351_miaoj_zhuzhalanpo_001.mesh	OK	9804	216	110	1	6268	0	1	0	1948	216	110
mobile_maps_source\w1351_miaoj_zhuzhalansanjiao_001.mesh	OK	17356	372	274	1	10964	0	1	0	3524	372	274
mobile_maps_source\w1351_miaoj_zhuzhalanyuan_001.mesh	OK	15404	341	185	1	9918	0	0	0	5826	341	185
mobile_maps_source\w1351_mj_changtaizi_001.mesh	OK	10488	229	130	2	6672	0	1	0	2092	229	122+8
mobile_maps_source\w1351_mj_chushuikou_001.mesh	OK	4212	87	56	1	2548	0	1	0	808	87	56
mobile_maps_source\w1351_mj_daqiao_001.mesh	OK	49689	1070	800	3	31560	197	1	0	10160	1070	288+4+508
mobile_maps_source\w1351_mj_dengta_001.mesh	OK	5996	128	74	1	3732	0	1	0	1172	128	74
mobile_maps_source\w1351_mj_diaoqi_001.mesh	OK	6524	104	52	1	4680	0	1	0	2600	104	52
mobile_maps_source\w1351_mj_dzqianzhuan_001.mesh	OK	1500	28	12	1	808	0	1	0	248	28	12
mobile_maps_source\w1351_mj_dzqianzhuan_002.mesh	OK	2428	48	28	1	1400	0	1	0	440	48	28
mobile_maps_source\w1351_mj_dzqianzhuan_003.mesh	OK	4060	84	52	1	2456	0	1	0	776	84	52
mobile_maps_source\w1351_mj_dzqianzhuan_004.mesh	OK	1009	12	6	1	348	197	1	0	108	12	6
mobile_maps_source\w1351_mj_fangshizhu_001.mesh	OK	6272	136	68	2	3944	0	1	0	1224	136	34+34
mobile_maps_source\w1351_mj_fangtai_001.mesh	OK	5464	117	62	2	3400	0	1	0	1060	117	56+6
mobile_maps_source\w1351_mj_fwliaowangtai_001.mesh	OK	28848	619	475	2	18282	0	0	0	10854	619	283+192
mobile_maps_source\w1351_mj_gezidizhuan_001.mesh	OK	1164	20	10	1	580	0	1	0	180	20	10
mobile_maps_source\w1351_mj_gezidizhuan_002.mesh	OK	2028	38	28	1	1120	0	1	0	360	38	28
mobile_maps_source\w1351_mj_huopen_001.mesh	OK	8492	182	116	1	5328	0	1	0	1688	182	116
mobile_maps_source\w1351_mj_lianmen_001.mesh	OK	19564	434	240	1	12632	0	1	0	3952	434	240
mobile_maps_source\w1351_mj_men_001.mesh	OK	8604	188	100	1	5464	0	1	0	1704	188	100
mobile_maps_source\w1351_mj_mingzuntan_001.mesh	OK	36068	776	592	3	22912	0	1	0	7392	776	166+232+194
mobile_maps_source\w1351_mj_qiang_001.mesh	OK	5580	120	62	1	3484	0	1	0	1084	120	62
mobile_maps_source\w1351_mj_qiangjiao_001.mesh	OK	7516	164	84	1	4760	0	1	0	1480	164	84
mobile_maps_source\w1351_mj_qiangtou_001.mesh	OK	5628	120	68	1	3496	0	1	0	1096	120	68
mobile_maps_source\w1351_mj_shenghuotan_001.mesh	OK	25780	549	441	3	16254	0	0	0	9666	549	253+118+70
mobile_maps_source\w1351_mj_shiwushi_001.mesh	OK	46032	981	812	4	29092	0	1	0	9472	981	104+16+668+24
mobile_maps_source\w1351_mj_shizhuzheng_001.mesh	OK	26692	588	360	3	17184	0	1	0	5424	588	64+136+160
mobile_maps_source\w1351_mj_shuangqiao_001.mesh	OK	40480	896	544	2	26176	0	1	0	8256	896	4+540
mobile_maps_source\w1351_mj_taijie_001.mesh	OK	1265	18	8	1	520	197	1	0	160	18	8
mobile_maps_source\w1351_mj_tianrenshizhu_001.mesh	OK	5484	107	115	1	3226	0	0	0	1942	107	115
mobile_maps_source\w1351_mj_tianrenshizhuxuanguai_001.mesh	OK	11052	230	196	1	6832	0	1	0	2232	230	196
mobile_maps_source\w1351_mj_tielian_001.mesh	OK	2652	48	56	1	1456	0	1	0	496	48	56
mobile_maps_source\w1351_mj_tieliandiaoxiang_001.mesh	OK	37604	785	738	5	23456	0	1	0	7756	785	431+133+134+16+24
mobile_maps_source\w1351_mj_yuandingshilou_001.mesh	OK	146092	3222	2114	5	94444	0	1	0	30004	3222	826+1202+60+16+10
mobile_maps_source\w1351_ml_muqiao_001.mesh	OK	25157	549	339	2	16050	197	0	0	9462	549	51+288
mobile_maps_source\w1351_ml_shuduancha_001.mesh	OK	3676	74	54	1	2180	0	1	0	700	74	54
mobile_maps_source\w1351_ml_shuteng_001.mesh	OK	10076	218	134	1	6372	0	1	0	2012	218	134
mobile_maps_source\w1351_mljm_huangdenglong_001.mesh	OK	42981	902	802	2	26860	197	1	0	8820	902	336+466
mobile_maps_source\w1351_mljm_langshihuowu_001.mesh	OK	47721	1001	900	1	29828	197	1	0	9808	1001	900
mobile_maps_source\w1351_mljm_sancenggelou_001.mesh	OK	370280	7976	6369	2	236066	0	0	0	140354	7976	6357+12
mobile_maps_source\w1351_mljm_shenshoubeiwen_001.mesh	OK	40396	834	844	1	25040	0	1	0	8360	834	844
mobile_maps_source\w1351_mljm_shitousan_001.mesh	OK	17220	323	502	1	10048	0	1	0	3588	323	502
mobile_maps_source\w1351_mljm_shuigang_001.mesh	OK	43868	842	1238	1	26052	0	1	0	9212	842	1238
mobile_maps_source\w1351_mljm_shuijin_001.mesh	OK	33260	682	712	1	20520	0	1	0	6880	682	712
mobile_maps_source\w1351_mljm_weilan_001.mesh	OK	4812	100	66	1	2932	0	1	0	932	100	66
mobile_maps_source\w1351_mljm_weilan_002.mesh	OK	2604	52	30	1	1516	0	1	0	476	52	30
mobile_maps_source\w1351_mljm_xiangzihuowu_001.mesh	OK	7436	162	84	1	4704	0	1	0	1464	162	84
mobile_maps_source\w1351_mljm_xiaowupeng_001.mesh	OK	39337	820	757	1	24474	197	0	0	14634	820	757
mobile_maps_source\w1351_mljm_yunhuotuiche_001.mesh	OK	342412	7076	7386	1	212900	0	1	0	71380	7076	7386
mobile_maps_source\w1351_mrsz_canhezhuangjianzhu_001.mesh	OK	226368	5028	3114	12	147012	8	1	0	46452	5028	112+815+128+108+252+760+506+88+128+9+88+120
mobile_maps_source\w1351_mrsz_chahuacongfen_001.mesh	OK	2232	44	22	2	1276	8	1	0	396	44	16+6
mobile_maps_source\w1351_mrsz_chahuaconghuang_001.mesh	OK	2232	44	22	2	1276	8	1	0	396	44	16+6
mobile_maps_source\w1351_mrsz_chahuaconglan_001.mesh	OK	2232	44	22	2	1276	8	1	0	396	44	16+6
mobile_maps_source\w1351_mrsz_changhuilangting_001.mesh	OK	171424	3802	2376	12	111208	8	1	0	35168	3802	276+96+568+92+88+56+48+324+48+256+272+252
mobile_maps_source\w1351_mrsz_damen_001.mesh	OK	360472	7947	5282	12	233080	8	1	0	74140	7947	412+834+272+250+184+1030+184+436+348+976+248+108
mobile_maps_source\w1351_mrsz_denglong_001.mesh	OK	4540	88	91	1	2646	8	0	0	1590	88	91
mobile_maps_source\w1351_mrsz_dimian_001.mesh	OK	1172	20	10	1	580	8	1	0	180	20	10
mobile_maps_source\w1351_mrsz_dzqiang2_001.mesh	OK	2052	40	20	1	1160	8	1	0	360	40	20
mobile_maps_source\w1351_mrsz_dzqiang2_002.mesh	OK	996	16	8	1	464	8	1	0	144	16	8
mobile_maps_source\w1351_mrsz_dzqiang2_003.mesh	OK	1172	20	10	1	580	8	1	0	180	20	10
mobile_maps_source\w1351_mrsz_fenchahua_001.mesh	OK	57276	1193	1158	1	35720	8	1	0	11860	1193	1158
mobile_maps_source\w1351_mrsz_gaoshipai_001.mesh	OK	19696	434	252	8	12656	8	1	0	3976	434	104+48+16+8+20+16+32+8
mobile_maps_source\w1351_mrsz_gusuxiaojianzhu_001.mesh	OK	253780	5684	3260	13	165672	8	1	0	51992	5684	104+48+134+136+990+420+452+660+12+116+144+16+28
mobile_maps_source\w1351_mrsz_huangchahua_001.mesh	OK	57276	1193	1158	1	35720	8	1	0	11860	1193	1158
mobile_maps_source\w1351_mrsz_jinshudajianduan_001.mesh	OK	43520	877	1018	2	26592	8	1	0	9052	877	400+618
mobile_maps_source\w1351_mrsz_lanchahua_001.mesh	OK	57276	1193	1158	1	35720	8	1	0	11860	1193	1158
mobile_maps_source\w1351_mrsz_liqiang_001.mesh	OK	30336	665	428	6	19476	8	1	0	6176	665	148+60+12+12+24+172
mobile_maps_source\w1351_mrsz_matou_001.mesh	OK	136280	3623	2500	14	77460	8	1	1	0	3623	286+538+128+252+320+100+114+56+126+48+84+176+26+246
mobile_maps_source\w1351_mrsz_menqianmuqiao_001.mesh	OK	3124	64	34	1	1860	8	1	0	580	64	34
mobile_maps_source\w1351_mrsz_minfang_001.mesh	OK	159340	3499	2382	9	102736	8	1	0	32756	3499	88+36+160+56+540+322+276+816+88
mobile_maps_source\w1351_mrsz_mtmubanwan_001.mesh	OK	5384	140	76	2	2952	8	1	1	0	140	28+48
mobile_maps_source\w1351_mrsz_mtmubanzhi_001.mesh	OK	6040	130	68	2	3776	8	1	0	1176	130	20+48
mobile_maps_source\w1351_mrsz_mtmubanzhuanjiao_001.mesh	OK	7656	164	100	2	4792	8	1	0	1512	164	28+72
mobile_maps_source\w1351_mrsz_mulangan_001.mesh	OK	4132	86	50	1	2508	8	1	0	788	86	50
mobile_maps_source\w1351_mrsz_mulangantou_001.mesh	OK	1172	20	10	1	580	8	1	0	180	20	10
mobile_maps_source\w1351_mrsz_murongyanziwu_001.mesh	OK	303844	6721	4335	9	196858	8	0	0	116206	6721	86+276+280+1608+1257+88+174+38+528
mobile_maps_source\w1351_mrsz_qiang_001.mesh	OK	6476	135	96	5	3972	8	1	0	1272	135	16+8+56+8+8
mobile_maps_source\w1351_mrsz_qiangguaijiao_001.mesh	OK	7276	157	86	5	4568	8	1	0	1428	157	18+8+44+8+8
mobile_maps_source\w1351_mrsz_qiangtou_001.mesh	OK	8676	187	111	5	5458	8	0	0	3214	187	33+8+52+10+8
mobile_maps_source\w1351_mrsz_qinyunxiaozhu_001.mesh	OK	114840	2529	1670	8	74152	8	1	0	23572	2529	290+28+288+760+40+40+32+192
mobile_maps_source\w1351_mrsz_qizi_001.mesh	OK	29608	482	289	4	21786	8	1	0	12146	482	70+18+36+165
mobile_maps_source\w1351_mrsz_shanbi_001.mesh	OK	7540	141	201	1	4350	8	0	0	2658	141	201
mobile_maps_source\w1351_mrsz_shideng_001.mesh	OK	33176	725	484	4	21268	8	1	0	6768	725	292+40+16+136
mobile_maps_source\w1351_mrsz_shilangan_001.mesh	OK	13396	295	162	3	8584	8	1	0	2684	295	48+78+36
mobile_maps_source\w1351_mrsz_shilangantou_001.mesh	OK	6492	141	70	1	4088	8	1	0	1268	141	70
mobile_maps_source\w1351_mrsz_shiludeng_001.mesh	OK	43348	944	662	1	27756	8	1	0	8876	944	662
mobile_maps_source\w1351_mrsz_shiyang_001.mesh	OK	85592	1786	1732	2	53472	8	1	0	17752	1786	42+1690
mobile_maps_source\w1351_mrsz_shizhu_001.mesh	OK	8476	158	233	1	4890	8	0	0	2994	158	233
mobile_maps_source\w1351_mrsz_shizhu_002.mesh	OK	3764	68	94	1	2092	8	1	0	732	68	94
mobile_maps_source\w1351_mrsz_taijiebian_001.mesh	OK	7508	158	112	1	4648	8	1	0	1488	158	112
mobile_maps_source\w1351_mrsz_tingxiangshuixie_001.mesh	OK	151100	3320	2246	11	97452	8	1	0	31052	3320	140+146+43+134+116+822+489+222+100+32+2
mobile_maps_source\w1351_mrsz_tingxiangshuixiemuqiao_001.mesh	OK	67388	1516	806	3	44060	8	1	0	13740	1516	216+70+520
mobile_maps_source\w1351_mrsz_xiaomen_001.mesh	OK	43192	959	564	8	27980	8	1	0	8800	959	64+36+48+32+40+140+96+108
mobile_maps_source\w1351_mrsz_xiaomuqiao_001.mesh	OK	64680	1408	1008	2	41440	8	1	0	13280	1408	992+16
mobile_maps_source\w1351_mrsz_xiaoshitou_001.mesh	OK	1396	21	33	1	654	8	0	0	402	21	33
mobile_maps_source\w1351_mrsz_xiaoshitou_002.mesh	OK	1292	19	30	1	592	8	1	0	212	19	30
mobile_maps_source\w1351_mrsz_xiaotingzi_001.mesh	OK	62368	1369	910	10	40152	8	1	0	12772	1369	152+40+176+32+24+40+48+48+104+246
mobile_maps_source\w1351_mrsz_yuanmen_001.mesh	OK	37980	834	538	7	24428	8	1	0	7748	834	32+32+32+280+122+32+8
mobile_maps_source\w1351_mrsz_zhujianzhu_001.mesh	OK	185560	4143	2438	12	120880	8	1	0	38020	4143	24+196+308+268+102+384+156+252+112+470+94+72
mobile_maps_source\w1351_mrsz_zhujianzhu_002.mesh	OK	178116	3995	2248	11	116356	8	1	0	36456	3995	276+56+324+554+108+92+400+76+156+126+80
mobile_maps_source\w1351_mrsz_zhujianzhu_004.mesh	OK	64216	1431	830	12	41728	8	1	0	13108	1431	4+92+56+106+40+136+60+60+40+192+32+12
mobile_maps_source\w1351_mrsz_zhujianzhu_005.mesh	OK	230168	5108	3188	14	149400	8	1	0	47240	5108	102+286+180+180+280+82+96+104+466+69+405+360+514+64
mobile_maps_source\w1351_mrx_chilunda_001.mesh	OK	33124	722	494	3	21204	0	1	0	6764	722	8+264+222
mobile_maps_source\w1351_mrx_chilunjia_001.mesh	OK	1456	26	16	2	760	0	1	0	240	26	4+12
mobile_maps_source\w1351_mrx_shaota_001.mesh	OK	50084	1115	649	3	32518	0	0	0	19138	1115	8+43+598
mobile_maps_source\w1351_mtld_caodui_001.mesh	OK	6620	108	36	1	4824	0	1	0	2664	108	36
mobile_maps_source\w1351_mtld_caodui_002.mesh	OK	9084	150	50	1	6700	0	1	0	3700	150	50
mobile_maps_source\w1351_mtld_caodui_003.mesh	OK	9692	204	156	1	6024	0	1	0	1944	204	156
mobile_maps_source\w1351_mtld_caodui_004.mesh	OK	4988	102	78	1	3012	0	1	0	972	102	78
mobile_maps_source\w1351_mtld_damen_001.mesh	OK	499525	10907	7844	4	321084	197	1	0	102944	10907	232+1020+5328+1264
mobile_maps_source\w1351_mtld_fwyoulang_001.mesh	OK	170371	3639	2987	11	107866	591	0	0	64198	3639	161+18+78+2+64+16+98+2492+24+32+2
mobile_maps_source\w1351_mtld_fwyoulang_002.mesh	OK	98736	2098	1812	10	62368	0	1	0	20408	2098	18+24+32+1618+68+16+2+16+2+16
mobile_maps_source\w1351_mtld_fwyoulangjiao_001.mesh	OK	314912	6817	5239	10	201354	0	0	0	119550	6817	6+8+228+120+4602+86+54+48+55+32
mobile_maps_source\w1351_mtld_purenfang_001.mesh	OK	70690	1586	820	4	46048	394	1	0	14328	1586	24+4+696+96
mobile_maps_source\w1351_mtld_shaibujia_001.mesh	OK	28332	626	376	1	18280	0	1	0	5760	626	376
mobile_maps_source\w1351_mtld_shaibujia_002.mesh	OK	16988	372	228	1	10872	0	1	0	3432	372	228
mobile_maps_source\w1351_mtld_shaibujia_003.mesh	OK	3692	74	56	1	2184	0	1	0	704	74	56
mobile_maps_source\w1351_mtld_shaibujia_004.mesh	OK	5564	120	60	1	3480	0	1	0	1080	120	60
mobile_maps_source\w1351_mtld_yingbi_001.mesh	OK	193036	4492	1632	5	129040	0	1	0	39200	4492	244+912+72+132+272
mobile_maps_source\w1351_mtld_yuantai_001.mesh	OK	117440	2668	1736	6	74704	0	1	0	21344	2668	38+1120+196+52+120+210
mobile_maps_source\w1351_mtld_yuantai_002.mesh	OK	314804	7174	4590	6	200872	0	1	0	57392	7174	832+72+6+12+3108+560
mobile_maps_source\w1351_mtld_zhuye_002.mesh	OK	796	12	4	1	344	0	1	0	104	12	4
mobile_maps_source\w1351_myd_gongpeng_001.mesh	OK	16036	351	214	1	10256	0	1	0	3236	351	214
mobile_maps_source\w1351_myd_lianlu_001.mesh	OK	30260	682	448	3	19096	0	1	0	5456	682	192+11+245
mobile_maps_source\w1351_myd_qintongchangdun_001.mesh	OK	1596	28	24	1	832	0	1	0	272	28	24
mobile_maps_source\w1351_myd_qintongdun_001.mesh	OK	1812	31	36	1	940	0	1	0	320	31	36
mobile_maps_source\w1351_myd_qintongfangdun_001.mesh	OK	1372	20	24	1	608	96	1	0	208	20	24
mobile_maps_source\w1351_myd_tilianjie_001.mesh	OK	3036	60	44	1	1768	0	1	0	568	60	44
mobile_maps_source\w1351_myd_tilianwan_001.mesh	OK	1980	36	32	1	1072	0	1	0	352	36	32
mobile_maps_source\w1351_myd_tuzhong_001.mesh	OK	4380	88	72	1	2608	0	1	0	848	88	72
mobile_maps_source\w1351_myd_zhanche_001.mesh	OK	100908	2250	1328	1	65656	0	1	0	20656	2250	1328
mobile_maps_source\w1351_myd_zhongtai_001.mesh	OK	28916	641	374	1	18696	0	1	0	5876	641	374
mobile_maps_source\w1351_myd_zhuzi_001.mesh	OK	45584	1010	612	2	29504	0	1	0	9304	1010	124+488
mobile_maps_source\w1351_new_chaguanpengzi_001.mesh	OK	21340	452	372	1	13400	0	1	0	4360	452	372
mobile_maps_source\w1351_new_chazhuozi_001.mesh	OK	28828	646	338	1	18764	0	1	0	5844	646	338
mobile_maps_source\w1351_new_dulunche_001.mesh	OK	23820	526	312	1	15352	0	1	0	4832	526	312
mobile_maps_source\w1351_new_fwminju_001.mesh	OK	114172	2556	1455	3	74478	0	0	0	43806	2556	1025+139+291
mobile_maps_source\w1351_new_fwminju_002.mesh	OK	69636	1551	913	3	45254	0	0	0	26642	1551	166+30+717
mobile_maps_source\w1351_new_fwminju_003.mesh	OK	75956	1687	1023	3	49282	0	0	0	29038	1687	746+112+165
mobile_maps_source\w1351_new_jiuzhuo_001.mesh	OK	52028	1154	698	1	33708	0	1	0	10628	1154	698
mobile_maps_source\w1351_new_macao_001.mesh	OK	8396	184	94	1	5340	0	1	0	1660	184	94
mobile_maps_source\w1351_new_macao_002.mesh	OK	2532	51	26	1	1480	0	1	0	460	51	26
mobile_maps_source\w1351_new_mupong_001.mesh	OK	13764	303	170	1	8824	0	1	0	2764	303	170
mobile_maps_source\w1351_new_mupong_002.mesh	OK	15644	348	180	1	10104	0	1	0	3144	348	180
mobile_maps_source\w1351_new_shimo_001.mesh	OK	9060	197	112	1	5740	0	1	0	1800	197	112
mobile_maps_source\w1351_new_shoutuiche_001.mesh	OK	54172	1218	646	1	35396	0	1	0	11036	1218	646
mobile_maps_source\w1351_new_shuigang_001.mesh	OK	6852	139	126	1	4144	0	1	0	1364	139	126
mobile_maps_source\w1351_new_wudingdaocao_001.mesh	OK	460	4	2	1	116	0	1	0	36	4	2
mobile_maps_source\w1351_new_yumijia_001.mesh	OK	30252	668	406	1	19516	0	1	0	6156	668	406
mobile_maps_source\w1351_new_yumijia_002.mesh	OK	44772	951	806	1	28240	0	1	0	9220	951	806
mobile_maps_source\w1351_new_yumijia_003.mesh	OK	61292	1316	1046	1	38940	0	1	0	12620	1316	1046
mobile_maps_source\w1351_nh_caotinglou_001.mesh	OK	35404	775	514	3	22728	0	1	0	7228	775	128+48+338
mobile_maps_source\w1351_nh_chuanban_001.mesh	OK	2268	44	28	1	1288	0	1	0	408	44	28
mobile_maps_source\w1351_nh_denglongdinghua_001.mesh	OK	5660	90	42	1	4044	0	1	0	2244	90	42
mobile_maps_source\w1351_nh_denglongfang_001.mesh	OK	2124	31	13	1	1390	0	1	0	770	31	13
mobile_maps_source\w1351_nh_denglongzhu_001.mesh	OK	4460	70	32	1	3144	0	1	0	1744	70	32
mobile_maps_source\w1351_nh_haidaobangpai_001.mesh	OK	5468	116	68	1	3384	0	1	0	1064	116	68
mobile_maps_source\w1351_nh_haidaobangpai_002.mesh	OK	4204	88	50	1	2564	0	1	0	804	88	50
mobile_maps_source\w1351_nh_haidaobangpaijian_001.mesh	OK	4732	100	56	1	2912	0	1	0	912	100	56
mobile_maps_source\w1351_nh_huoba_001.mesh	OK	7144	149	112	2	4396	0	1	0	1416	149	16+96
mobile_maps_source\w1351_nh_huochuan_001.mesh	OK	92492	1546	704	1	69432	0	1	0	38512	1546	704
mobile_maps_source\w1351_nh_huochuandenglong_001.mesh	OK	5052	80	36	1	3592	0	1	0	1992	80	36
mobile_maps_source\w1351_nh_huochuandenglong_002.mesh	OK	7212	116	54	1	5212	0	1	0	2892	116	54
mobile_maps_source\w1351_nh_maocaowubanpeng_001.mesh	OK	24992	546	358	2	16004	0	1	0	5084	546	230+128
mobile_maps_source\w1351_nh_maocaowucaibu_001.mesh	OK	34300	750	501	3	22002	0	0	0	13002	750	311+30+160
mobile_maps_source\w1351_nh_maocaowumuzhang_001.mesh	OK	33276	735	448	3	21476	0	1	0	6776	735	89+149+210
mobile_maps_source\w1351_nh_maocaowutaijie_001.mesh	OK	37416	827	506	2	24168	0	1	0	7628	827	338+168
mobile_maps_source\w1351_nh_maocaowuwanjiao_001.mesh	OK	32812	720	465	3	21090	0	0	0	12450	720	145+104+216
mobile_maps_source\w1351_nh_maocaowuyulou_001.mesh	OK	24936	547	346	2	16008	0	1	0	5068	547	282+64
mobile_maps_source\w1351_nh_maocaowuyulou_002.mesh	OK	21240	465	294	2	13608	0	1	0	4308	465	230+64
mobile_maps_source\w1351_nh_maocaoxiaoju_001.mesh	OK	31424	696	412	2	20312	0	1	0	6392	696	300+112
mobile_maps_source\w1351_nh_maocaoxiaojuzhanban_001.mesh	OK	26964	588	394	3	17252	0	1	0	5492	588	260+30+104
mobile_maps_source\w1351_nh_matou_001.mesh	OK	7036	152	84	1	4424	0	1	0	1384	152	84
mobile_maps_source\w1351_nh_matouzhanban_001.mesh	OK	9276	200	124	1	5848	0	1	0	1848	200	124
mobile_maps_source\w1351_nh_matouzhanbanyuan_001.mesh	OK	31336	693	416	2	20236	0	1	0	6376	693	254+162
mobile_maps_source\w1351_nh_matouzhanbanyuan_002.mesh	OK	13936	306	176	2	8920	0	1	0	2800	306	152+24
mobile_maps_source\w1351_nh_muxiang_001.mesh	OK	1164	20	10	1	580	0	1	0	180	20	10
mobile_maps_source\w1351_nh_paodan_001.mesh	OK	7616	152	156	2	4568	0	1	0	1528	152	120+36
mobile_maps_source\w1351_nh_paotai_001.mesh	OK	12712	265	228	2	7876	0	1	0	2576	265	46+182
mobile_maps_source\w1351_nh_pochuan_001.mesh	OK	44356	993	544	1	28892	0	1	0	9032	993	544
mobile_maps_source\w1351_nh_shibandaxiao_001.mesh	OK	2972	59	40	3	1732	0	1	0	552	59	12+12+16
mobile_maps_source\w1351_nh_shibanlie_001.mesh	OK	2572	50	36	1	1472	0	1	0	472	50	36
mobile_maps_source\w1351_nh_shizhenping_001.mesh	OK	7220	152	107	1	4470	0	0	0	2646	152	107
mobile_maps_source\w1351_nh_shizhenpohuai_001.mesh	OK	4812	102	56	1	2968	0	1	0	928	102	56
mobile_maps_source\w1351_nh_shizhenzhu_001.mesh	OK	2844	58	30	1	1684	0	1	0	524	58	30
mobile_maps_source\w1351_nh_shizhenzhuzhu_001.mesh	OK	20776	462	251	2	13438	0	0	0	7894	462	128+123
mobile_maps_source\w1351_nh_tielianzhuzi_001.mesh	OK	7980	170	112	1	4984	0	1	0	1584	170	112
mobile_maps_source\w1351_nh_xiaozhou_001.mesh	OK	7948	170	108	1	4976	0	1	0	1576	170	108
mobile_maps_source\w1351_nh_xiaozhoufan_001.mesh	OK	9404	202	130	1	5916	0	1	0	1876	202	130
mobile_maps_source\w1351_nh_xiaozhoupeng_001.mesh	OK	10916	237	144	1	6924	0	1	0	2184	237	144
mobile_maps_source\w1351_nh_yanshiai_001.mesh	OK	1924	37	20	1	1076	0	1	0	336	37	20
mobile_maps_source\w1351_nh_yanshibian_001.mesh	OK	1924	35	30	1	1040	0	1	0	340	35	30
mobile_maps_source\w1351_nh_yanshigao_001.mesh	OK	3668	75	48	1	2196	0	1	0	696	75	48
mobile_maps_source\w1351_nh_yanshijiao_001.mesh	OK	5180	109	67	1	3186	0	0	0	1878	109	67
mobile_maps_source\w1351_nh_yanshiwanjiao_001.mesh	OK	10532	227	146	1	6648	0	1	0	2108	227	146
mobile_maps_source\w1351_nh_yanshixi_001.mesh	OK	2100	39	32	1	1156	0	1	0	376	39	32
mobile_maps_source\w1351_nh_yanshizai_001.mesh	OK	2020	39	22	1	1136	0	1	0	356	39	22
mobile_maps_source\w1351_nh_yanshizhi_001.mesh	OK	10940	236	152	1	6912	0	1	0	2192	236	152
mobile_maps_source\w1351_nh_yezhishuer_001.mesh	OK	17081	354	304	3	10520	197	1	0	3440	354	88+192+24
mobile_maps_source\w1351_nh_yezhishusan_001.mesh	OK	26721	559	472	3	16596	293	1	0	5416	559	148+288+36
mobile_maps_source\w1351_nh_yezhishuwandao_001.mesh	OK	10425	214	172	3	6336	197	1	0	2056	214	24+96+52
mobile_maps_source\w1351_nh_yezhishuyi_001.mesh	OK	8945	181	152	3	5372	197	1	0	1752	181	44+96+12
mobile_maps_source\w1351_nh_yujia_001.mesh	OK	9696	204	156	2	6024	0	1	0	1944	204	36+120
mobile_maps_source\w1351_nh_yujia_002.mesh	OK	3292	68	36	1	1976	0	1	0	616	68	36
mobile_maps_source\w1351_nh_yutan_001.mesh	OK	31904	693	486	4	20376	0	1	0	6516	693	138+16+62+270
mobile_maps_source\w1351_nh_yuwangjia_001.mesh	OK	6645	132	110	2	3916	197	1	0	1276	132	72+38
mobile_maps_source\w1351_nh_yuwangjiagao_001.mesh	OK	7349	148	118	2	4380	197	1	0	1420	148	72+46
mobile_maps_source\w1351_nh_yuwangjiashizi_001.mesh	OK	4008	81	60	2	2388	0	1	0	768	81	32+28
mobile_maps_source\w1351_nh_zaimen_001.mesh	OK	31188	676	482	3	19892	0	1	0	6372	676	86+32+364
mobile_maps_source\w1351_nz_mucaojia_001m.mesh	OK	23700	515	352	1	15124	0	1	0	4824	515	352
mobile_maps_source\w1351_nz_shiwufuwen_001.mesh	OK	15612	338	225	3	9914	0	0	0	5858	338	149+56+20
mobile_maps_source\w1351_piaomiao_dzhuaweiyuan_001.mesh	OK	8324	177	120	1	5196	0	1	0	1656	177	120
mobile_maps_source\w1351_piaomiao_dzhuaweiyuan_002.mesh	OK	3204	65	40	1	1900	0	1	0	600	65	40
mobile_maps_source\w1351_piaomiao_qiang_001.mesh	OK	2668	54	28	1	1568	0	1	0	488	54	28
mobile_maps_source\w1351_piaomiao_qiang_002.mesh	OK	2348	46	28	1	1344	0	1	0	424	46	28
mobile_maps_source\w1351_piaomiao_qiang_003.mesh	OK	3980	82	52	1	2400	0	1	0	760	82	52
mobile_maps_source\w1351_qhdg_bingmayongge_001.mesh	OK	25684	542	465	1	16106	0	0	0	9602	542	465
mobile_maps_source\w1351_qhdg_butiaohonglian_001.mesh	OK	3164	48	24	1	2160	0	1	0	1200	48	24
mobile_maps_source\w1351_qhdg_diaojian_001.mesh	OK	13820	226	110	1	10164	0	1	0	5644	226	110
mobile_maps_source\w1351_qhdg_diaoqiaoer_001.mesh	OK	36744	811	502	2	23712	0	1	0	7492	811	104+398
mobile_maps_source\w1351_qhdg_dzchangwenzhuan_001.mesh	OK	2588	52	28	1	1512	0	1	0	472	52	28
mobile_maps_source\w1351_qhdg_dzchangxzhuan_001.mesh	OK	2588	52	28	1	1512	0	1	0	472	52	28
mobile_maps_source\w1351_qhdg_dzchangxzhuan_002.mesh	OK	6172	132	76	1	3848	0	1	0	1208	132	76
mobile_maps_source\w1351_qhdg_dzchangzhuan_001.mesh	OK	2220	44	22	1	1276	0	1	0	396	44	22
mobile_maps_source\w1351_qhdg_dzchangzhuan_002.mesh	OK	5388	116	58	1	3364	0	1	0	1044	116	58
mobile_maps_source\w1351_qhdg_dzchangzhuan_003.mesh	OK	10140	224	112	1	6496	0	1	0	2016	224	112
mobile_maps_source\w1351_qhdg_dzchangzhuanjin_001.mesh	OK	2220	44	22	1	1276	0	1	0	396	44	22
mobile_maps_source\w1351_qhdg_dzchangzhuanjin_002.mesh	OK	5388	116	58	1	3364	0	1	0	1044	116	58
mobile_maps_source\w1351_qhdg_dzchangzhuanjin_003.mesh	OK	10140	224	112	1	6496	0	1	0	2016	224	112
mobile_maps_source\w1351_qhdg_dzdiaowen1m_001.mesh	OK	988	16	8	1	464	0	1	0	144	16	8
mobile_maps_source\w1351_qhdg_dzdiaowen1m_002.mesh	OK	796	12	4	1	344	0	1	0	104	12	4
mobile_maps_source\w1351_qhdg_dzdiaowen1m_003.mesh	OK	2348	46	28	1	1344	0	1	0	424	46	28
mobile_maps_source\w1351_qhdg_dzdiaowenfang_001.mesh	OK	5956	129	64	1	3740	0	1	0	1160	129	64
mobile_maps_source\w1351_qhdg_dzfangwenzhuan_001.mesh	OK	5036	106	64	1	3096	0	1	0	976	106	64
mobile_maps_source\w1351_qhdg_dzfangwenzhuan_002.mesh	OK	2476	50	24	1	1448	0	1	0	448	50	24
mobile_maps_source\w1351_qhdg_dzqiangfudiao_001.mesh	OK	1072	18	8	2	520	0	1	0	160	18	6+2
mobile_maps_source\w1351_qhdg_dzqiangfudiao_002.mesh	OK	952	15	8	2	436	0	1	0	136	15	6+2
mobile_maps_source\w1351_qhdg_dzqiangfudiao_003.mesh	OK	1616	30	16	2	872	0	1	0	272	30	10+6
mobile_maps_source\w1351_qhdg_dzqiangfudiao_004.mesh	OK	1072	18	8	2	520	0	1	0	160	18	6+2
mobile_maps_source\w1351_qhdg_dzqiangfudiao_005.mesh	OK	1696	32	16	2	928	0	1	0	288	32	10+6
mobile_maps_source\w1351_qhdg_dzqiangmian2_001.mesh	OK	3324	68	40	1	1984	0	1	0	624	68	40
mobile_maps_source\w1351_qhdg_dzqiangmian2_002.mesh	OK	1916	36	24	1	1056	0	1	0	336	36	24
mobile_maps_source\w1351_qhdg_dzqiangmian_001.mesh	OK	3324	68	40	1	1984	0	1	0	624	68	40
mobile_maps_source\w1351_qhdg_dzqiangmian_002.mesh	OK	1956	37	24	1	1084	0	1	0	344	37	24
mobile_maps_source\w1351_qhdg_dzqiangmiandiaowen_001.mesh	OK	3324	68	40	1	1984	0	1	0	624	68	40
mobile_maps_source\w1351_qhdg_dzqiangmiandiaowen_002.mesh	OK	1916	36	24	1	1056	0	1	0	336	36	24
mobile_maps_source\w1351_qhdg_dzqiangmianjin_001.mesh	OK	3324	68	40	1	1984	0	1	0	624	68	40
mobile_maps_source\w1351_qhdg_dzqiangmianjin_002.mesh	OK	1916	36	24	1	1056	0	1	0	336	36	24
mobile_maps_source\w1351_qhdg_dztaijie_001.mesh	OK	4860	100	72	1	2944	0	1	0	944	100	72
mobile_maps_source\w1351_qhdg_dztaijie_002.mesh	OK	8060	172	112	1	5040	0	1	0	1600	172	112
mobile_maps_source\w1351_qhdg_dzxwen1m_001.mesh	OK	1964	38	20	1	1104	0	1	0	344	38	20
mobile_maps_source\w1351_qhdg_dzxwen1m_002.mesh	OK	796	12	4	1	344	0	1	0	104	12	4
mobile_maps_source\w1351_qhdg_gouhuoguo_001.mesh	OK	15936	348	216	2	10176	0	1	0	3216	348	210+6
mobile_maps_source\w1351_qhdg_huojuhuoba_001.mesh	OK	5888	125	75	2	3650	0	0	0	2150	125	50+25
mobile_maps_source\w1351_qhdg_jitankeng_001.mesh	OK	152460	3366	2192	1	98632	0	1	0	31312	3366	2192
mobile_maps_source\w1351_qhdg_jitanlongtou_001.mesh	OK	99472	2116	1818	2	62884	0	1	0	20564	2116	1632+186
mobile_maps_source\w1351_qhdg_jitantaizi_001.mesh	OK	220204	4922	2880	1	143576	0	1	0	45136	4922	2880
mobile_maps_source\w1351_qhdg_muguancai_001.mesh	OK	9044	187	160	1	5556	0	1	0	1816	187	160
mobile_maps_source\w1351_qhdg_mujia_001.mesh	OK	26388	569	418	1	16768	0	1	0	5388	569	418
mobile_maps_source\w1351_qhdg_mujiajiao_001.mesh	OK	32684	730	400	1	21240	0	1	0	6640	730	400
mobile_maps_source\w1351_qhdg_mujiaxie_001.mesh	OK	36500	819	432	1	23796	0	1	0	7416	819	432
mobile_maps_source\w1351_qhdg_muzhuzi_001.mesh	OK	12212	267	156	1	7788	0	1	0	2448	267	156
mobile_maps_source\w1351_qhdg_qingshiban_001.mesh	OK	1884	33	35	1	994	0	0	0	598	33	35
mobile_maps_source\w1351_qhdg_sancenrukouqiangdeng_001.mesh	OK	5388	116	58	1	3364	0	1	0	1044	116	58
mobile_maps_source\w1351_qhdg_sancenrukouqiangtou_001.mesh	OK	29704	605	652	2	18244	0	1	0	6144	605	128+524
mobile_maps_source\w1351_qhdg_shizhucan_001.mesh	OK	3137	60	32	1	1744	197	1	0	544	60	32
mobile_maps_source\w1351_qhdg_shizhuliubian_001.mesh	OK	2545	46	28	1	1344	197	1	0	424	46	28
mobile_maps_source\w1351_qhdg_shizhuyuan_001.mesh	OK	4428	90	68	1	2656	0	1	0	856	90	68
mobile_maps_source\w1351_qhdg_shugen_001.mesh	OK	34100	720	627	1	21414	0	0	0	12774	720	627
mobile_maps_source\w1351_qhdg_shugenjuan_001.mesh	OK	23500	474	532	1	14336	0	1	0	4856	474	532
mobile_maps_source\w1351_qhdg_shugenzhu_001.mesh	OK	76176	1645	1261	2	48582	0	0	0	28842	1645	1124+137
mobile_maps_source\w1351_qhdg_taomache_001.mesh	OK	44252	962	686	1	28308	0	1	0	9068	962	686
mobile_maps_source\w1351_qhdg_tongluo_001.mesh	OK	19868	442	238	1	12852	0	1	0	4012	442	238
mobile_maps_source\w1351_qhdg_weilan_001.mesh	OK	5260	112	62	1	3260	0	1	0	1020	112	62
mobile_maps_source\w1351_qhdg_weilanzhu_001.mesh	OK	4204	88	50	1	2564	0	1	0	804	88	50
mobile_maps_source\w1351_qhdg_xiyaozhuzi_001.mesh	OK	12420	271	162	1	7912	0	1	0	2492	271	162
mobile_maps_source\w1351_qhdg_xuanfudao_001.mesh	OK	26236	575	369	1	16838	0	0	0	9938	575	369
mobile_maps_source\w1351_qhdg_zhagegai_001.mesh	OK	12668	272	188	1	7992	0	1	0	2552	272	188
mobile_maps_source\w1351_qhl_bailiandao_001.mesh	OK	6504	135	102	2	3984	0	1	0	1284	135	44+58
mobile_maps_source\w1351_qhl_baozangmen_001.mesh	OK	134872	2815	2748	2	84316	0	1	0	28016	2815	748+2000
mobile_maps_source\w1351_qhl_bidenghuoba_001.mesh	OK	44276	969	654	1	28440	0	1	0	9060	969	654
mobile_maps_source\w1351_qhl_chushuishoutou_001.mesh	OK	6412	134	96	1	3944	0	1	0	1264	134	96
mobile_maps_source\w1351_qhl_diaodingban_001.mesh	OK	14536	329	136	2	9484	0	1	0	2904	329	72+64
mobile_maps_source\w1351_qhl_didaokou_001.mesh	OK	7772	165	110	3	4840	0	1	0	1540	165	4+78+28
mobile_maps_source\w1351_qhl_dingban_001.mesh	OK	5388	119	43	1	3418	0	0	0	1990	119	43
mobile_maps_source\w1351_qhl_dingchui_001.mesh	OK	22177	424	168	1	15600	197	1	0	7120	424	168
mobile_maps_source\w1351_qhl_duanzhu_001.mesh	OK	8372	175	136	1	5172	0	1	0	1672	175	136
mobile_maps_source\w1351_qhl_duanzhulianzuo_001.mesh	OK	5972	125	86	1	3672	0	1	0	1172	125	86
mobile_maps_source\w1351_qhl_fangtaishijiaodiaohua_001.mesh	OK	26312	585	328	2	17036	0	1	0	5336	585	192+136
mobile_maps_source\w1351_qhl_fudiaoqianglong_001.mesh	OK	10272	214	178	2	6348	0	1	0	2068	214	104+74
mobile_maps_source\w1351_qhl_fudiaoqiangtou_001.mesh	OK	8912	186	148	2	5504	0	1	0	1784	186	28+120
mobile_maps_source\w1351_qhl_fudiaoqiangzhu_001.mesh	OK	5260	108	82	1	3188	0	1	0	1028	108	82
mobile_maps_source\w1351_qhl_fuqiao_001.mesh	OK	25484	570	300	1	16560	0	1	0	5160	570	300
mobile_maps_source\w1351_qhl_fuqiaoduan_001.mesh	OK	8780	192	102	1	5580	0	1	0	1740	192	102
mobile_maps_source\w1351_qhl_fuqiaofangtai_001.mesh	OK	44016	1010	554	3	28280	0	1	0	8080	1010	32+2+520
mobile_maps_source\w1351_qhl_fuqiaofangtaifuzhen_001.mesh	OK	29040	648	354	2	18852	0	1	0	5892	648	2+352
mobile_maps_source\w1351_qhl_fuqiaolie_001.mesh	OK	4524	94	60	1	2752	0	1	0	872	94	60
mobile_maps_source\w1351_qhl_fuzhu_001.mesh	OK	87984	1916	1382	2	56412	0	1	0	18092	1916	856+526
mobile_maps_source\w1351_qhl_huopengjia_001.mesh	OK	84524	1883	1115	1	54954	0	0	0	32358	1883	1115
mobile_maps_source\w1351_qhl_huowenrukou_001.mesh	OK	63164	1335	1184	3	39748	0	1	0	13048	1335	1034+32+118
mobile_maps_source\w1351_qhl_jindiaomen_001.mesh	OK	116840	2713	1004	2	77972	0	1	0	23712	2713	452+552
mobile_maps_source\w1351_qhl_lazhu_001.mesh	OK	11340	228	242	1	6868	0	1	0	2308	228	242
mobile_maps_source\w1351_qhl_lazhushugen_001.mesh	OK	68112	1469	1133	2	43398	0	0	0	25770	1469	308+825
mobile_maps_source\w1351_qhl_migongqiang_001.mesh	OK	5004	102	80	1	3016	0	1	0	976	102	80
mobile_maps_source\w1351_qhl_migongqiangdengzhu_001.mesh	OK	6700	141	96	3	4140	0	1	0	1320	141	48+24+24
mobile_maps_source\w1351_qhl_migongqiangdiao_001.mesh	OK	4676	97	64	1	2844	0	1	0	904	97	64
mobile_maps_source\w1351_qhl_migongqiangdiaojiao_001.mesh	OK	11028	239	148	1	6988	0	1	0	2208	239	148
mobile_maps_source\w1351_qhl_migongrukou_001.mesh	OK	24720	550	304	2	16008	0	1	0	5008	550	172+132
mobile_maps_source\w1351_qhl_minghuodeng_001.mesh	OK	6620	142	82	1	4140	0	1	0	1300	142	82
mobile_maps_source\w1351_qhl_minghuodenggao_001.mesh	OK	9768	215	110	2	6240	0	1	0	1940	215	64+46
mobile_maps_source\w1351_qhl_mubandiaoqiao_001.mesh	OK	14448	308	230	2	9084	0	1	0	2924	308	118+112
mobile_maps_source\w1351_qhl_mubandiaoqiaopo_001.mesh	OK	17424	374	272	2	11016	0	1	0	3536	374	144+128
mobile_maps_source\w1351_qhl_mubanpeng_001.mesh	OK	17616	386	224	2	11256	96	1	0	3536	386	66+158
mobile_maps_source\w1351_qhl_mutiaotianchuang_001.mesh	OK	13740	298	192	1	8728	0	1	0	2768	298	192
mobile_maps_source\w1351_qhl_panlongzhudeng_001.mesh	OK	115564	2486	1979	3	73566	0	0	0	43734	2486	1209+446+324
mobile_maps_source\w1351_qhl_qiaodeng_001.mesh	OK	6600	145	86	1	4060	0	1	0	1160	145	86
mobile_maps_source\w1351_qhl_qiaodengzhu_001.mesh	OK	7656	165	96	2	4812	0	1	0	1512	165	10+86
mobile_maps_source\w1351_qhl_qiaodiaozhuanmian_001.mesh	OK	39604	858	624	3	25272	0	1	0	8112	858	52+292+280
mobile_maps_source\w1351_qhl_qiaoduan_001.mesh	OK	24028	521	361	5	15310	0	0	0	9058	521	146+24+8+140+43
mobile_maps_source\w1351_qhl_qiaojiao_001.mesh	OK	42408	922	654	4	27124	0	1	0	8684	922	294+24+280+56
mobile_maps_source\w1351_qhl_qiaomian_001.mesh	OK	21888	452	440	2	13536	0	1	0	4496	452	396+44
mobile_maps_source\w1351_qhl_qiaoposun_001.mesh	OK	43716	944	706	7	27844	0	1	0	8964	944	292+330+18+34+2+2+28
mobile_maps_source\w1351_qhl_qiaoshangxiemian_001.mesh	OK	6256	134	76	2	3904	0	1	0	1224	134	56+20
mobile_maps_source\w1351_qhl_qiaotou_001.mesh	OK	48556	1035	858	3	30696	0	1	0	9996	1035	164+346+348
mobile_maps_source\w1351_qhl_qiaoyuanfudiao_001.mesh	OK	8340	182	96	3	5288	0	1	0	1648	182	16+48+32
mobile_maps_source\w1351_qhl_qiaozhuan_001.mesh	OK	2924	60	30	1	1740	0	1	0	540	60	30
mobile_maps_source\w1351_qhl_qingtongbing_001.mesh	OK	20916	433	414	1	12952	0	1	0	4292	433	414
mobile_maps_source\w1351_qhl_qingtongche_001.mesh	OK	40684	886	620	1	26048	0	1	0	8328	886	620
mobile_maps_source\w1351_qhl_qingtongdaobing_001.mesh	OK	34432	730	618	2	21676	0	1	0	7076	730	562+56
mobile_maps_source\w1351_qhl_qingtonggebing_001.mesh	OK	25284	532	465	1	15826	0	0	0	9442	532	465
mobile_maps_source\w1351_qhl_qingtongjinding_001.mesh	OK	76972	1638	1396	1	48656	0	1	0	15896	1638	1396
mobile_maps_source\w1351_qhl_qingtongma_001.mesh	OK	29012	591	636	1	17820	0	1	0	6000	591	636
mobile_maps_source\w1351_qhl_qingtongmu_001.mesh	OK	54624	1198	802	2	35148	0	1	0	11188	1198	368+434
mobile_maps_source\w1351_qhl_qingtongnv_001.mesh	OK	31332	645	656	1	19372	0	1	0	6472	645	656
mobile_maps_source\w1351_qhl_qingtongwutoubing_001.mesh	OK	15948	332	298	1	9892	0	1	0	3252	332	298
mobile_maps_source\w1351_qhl_qingtongzhufang_001.mesh	OK	3180	66	32	1	1912	0	1	0	592	66	32
mobile_maps_source\w1351_qhl_qinwangguan_001.mesh	OK	238580	5239	3589	7	153870	0	0	0	91002	5239	1204+322+1351+36+180+32+464
mobile_maps_source\w1351_qhl_rukoumenjia_001.mesh	OK	11996	254	194	1	7500	0	1	0	2420	254	194
mobile_maps_source\w1351_qhl_rukoupaifang_001.mesh	OK	43032	927	708	2	27372	0	1	0	8832	927	568+140
mobile_maps_source\w1351_qhl_sancengjinmen_001.mesh	OK	27552	600	408	2	17616	0	1	0	5616	600	156+252
mobile_maps_source\w1351_qhl_sancengshuanglongmen_001.mesh	OK	299216	6507	4830	4	191856	0	1	0	61716	6507	968+596+368+2898
mobile_maps_source\w1351_qhl_shibi_001.mesh	OK	6672	141	93	2	4134	0	0	0	2442	141	56+37
mobile_maps_source\w1351_qhl_shibijiao_001.mesh	OK	13312	294	158	2	8548	0	1	0	2668	294	112+46
mobile_maps_source\w1351_qhl_shigongmencan_001.mesh	OK	12228	269	148	1	7828	0	1	0	2448	269	148
mobile_maps_source\w1351_qhl_shigongmenjia_001.mesh	OK	16172	358	196	1	10416	0	1	0	3256	358	196
mobile_maps_source\w1351_qhl_shimenqiang_001.mesh	OK	7196	152	104	1	4464	0	1	0	1424	152	104
mobile_maps_source\w1351_qhl_shimenwuding_001.mesh	OK	37920	836	524	2	24456	0	1	0	7736	836	36+488
mobile_maps_source\w1351_qhl_suidizhuan_001.mesh	OK	16988	375	213	1	10926	0	0	0	6426	375	213
mobile_maps_source\w1351_qhl_zhujian_001.mesh	OK	20524	450	280	1	13160	0	1	0	4160	450	280
mobile_maps_source\w1351_qhl_zhujianren_001.mesh	OK	23244	510	320	1	14920	0	1	0	4720	510	320
mobile_maps_source\w1351_qhl_zhujianzhe_001.mesh	OK	21564	472	300	1	13816	0	1	0	4376	472	300
mobile_maps_source\w1351_qhl_zhuwangmujia_001.mesh	OK	93264	2038	1432	2	59928	0	1	0	19168	2038	904+528
mobile_maps_source\w1351_qhl_zhuwangqiao_001.mesh	OK	55716	1225	804	1	35908	0	1	0	11408	1225	804
mobile_maps_source\w1351_qhl_zhuwangqiaozhu_001.mesh	OK	19172	414	290	3	12172	0	1	0	3892	414	54+8+228
mobile_maps_source\w1351_qhl_zhuwangqiaozhuhui_001.mesh	OK	18800	406	284	2	11936	0	1	0	3816	406	62+222
mobile_maps_source\w1351_qhl_zhuwangzhucan_001.mesh	OK	15808	334	270	2	9892	0	1	0	3212	334	168+102
mobile_maps_source\w1351_qhl_zhuwangzhudao_001.mesh	OK	13712	290	228	2	8576	0	1	0	2776	290	102+126
mobile_maps_source\w1351_qiju_diaodeng_001.mesh	OK	10500	229	132	1	6676	0	1	0	2096	229	132
mobile_maps_source\w1351_qiju_qiangzhu_001.mesh	OK	5976	115	88	2	3396	384	1	0	1096	115	72+16
mobile_maps_source\w1351_qiju_shanshuipingfeng_001.mesh	OK	2508	50	28	1	1456	0	1	0	456	50	28
mobile_maps_source\w1351_qiju_tanggu_001.mesh	OK	14156	308	182	1	8988	96	1	0	2828	308	182
mobile_maps_source\w1351_qiju_tongzhutai_001.mesh	OK	12204	260	190	1	7660	0	1	0	2460	260	190
mobile_maps_source\w1351_qiju_yamenlangan_001.mesh	OK	1364	24	14	1	700	8	1	0	220	24	14
mobile_maps_source\w1351_qiju_yamenlangantou_001.mesh	OK	2268	36	20	1	1048	384	1	0	328	36	20
mobile_maps_source\w1351_qiju_ziqishuzhuo_001.mesh	OK	12012	263	150	3	7664	0	1	0	2404	263	44+74+32
mobile_maps_source\w1351_qijv_qipan_001.mesh	OK	11916	244	234	1	7300	0	1	0	2420	244	234
mobile_maps_source\w1351_qz_baoxiangguan_001.mesh	OK	26036	559	424	1	16500	0	1	0	5320	559	424
mobile_maps_source\w1351_qz_baoxiangkai_001.mesh	OK	29748	639	488	1	18868	0	1	0	6088	639	488
mobile_maps_source\w1351_qz_baoxiangui_001.mesh	OK	7308	159	83	1	4618	0	0	0	2710	159	83
mobile_maps_source\w1351_qz_boluo_001.mesh	OK	33916	695	729	1	20918	0	0	0	12578	695	729
mobile_maps_source\w1351_qz_caibaogang_001.mesh	OK	68992	1477	1202	4	43760	0	1	0	14220	1477	198+907+55+42
mobile_maps_source\w1351_qz_chenmuyizi_001.mesh	OK	8164	173	120	1	5084	0	1	0	1624	173	120
mobile_maps_source\w1351_qz_chuwugui_001.mesh	OK	3764	75	60	1	2220	0	1	0	720	75	60
mobile_maps_source\w1351_qz_denglongdiaodeng_001.mesh	OK	9088	192	140	2	5656	0	1	0	1816	192	76+64
mobile_maps_source\w1351_qz_diaohuamuyi_001.mesh	OK	43700	949	682	1	27936	0	1	0	8956	949	682
mobile_maps_source\w1351_qz_duobaojia_001.mesh	OK	69612	1476	1286	1	43900	0	1	0	14380	1476	1286
mobile_maps_source\w1351_qz_guapaier_001.mesh	OK	2612	52	30	3	1516	0	1	0	476	52	10+12+8
mobile_maps_source\w1351_qz_guapailu_001.mesh	OK	2612	52	30	3	1516	0	1	0	476	52	10+12+8
mobile_maps_source\w1351_qz_guapaisan_001.mesh	OK	2612	52	30	3	1516	0	1	0	476	52	10+12+8
mobile_maps_source\w1351_qz_guapaisi_001.mesh	OK	2612	52	30	3	1516	0	1	0	476	52	10+12+8
mobile_maps_source\w1351_qz_guapaiwu_001.mesh	OK	2612	52	30	3	1516	0	1	0	476	52	10+12+8
mobile_maps_source\w1351_qz_guapaiyi_001.mesh	OK	2612	52	30	3	1516	0	1	0	476	52	10+12+8
mobile_maps_source\w1351_qz_guimenguitai_001.mesh	OK	5940	127	71	3	3698	0	0	0	2174	127	6+53+12
mobile_maps_source\w1351_qz_hongditan_001.mesh	OK	1612	28	26	1	836	0	1	0	276	28	26
mobile_maps_source\w1351_qz_hongditan_003.mesh	OK	16604	328	400	1	9984	0	1	0	3424	328	400
mobile_maps_source\w1351_qz_hongshuijing_001.mesh	OK	19868	408	408	1	12240	0	1	0	4080	408	408
mobile_maps_source\w1351_qz_huajuan_001.mesh	OK	10992	224	218	2	6708	0	1	0	2228	224	2+216
mobile_maps_source\w1351_qz_huajuanshu_001.mesh	OK	10988	224	218	1	6708	0	1	0	2228	224	218
mobile_maps_source\w1351_qz_huangshuijing_001.mesh	OK	26332	540	556	1	16232	0	1	0	5432	540	556
mobile_maps_source\w1351_qz_huapengpingjie_001.mesh	OK	12484	249	280	1	7532	0	1	0	2552	249	280
mobile_maps_source\w1351_qz_huapensanceng_001.mesh	OK	17472	360	348	2	10776	0	1	0	3576	360	228+120
mobile_maps_source\w1351_qz_huapentu_001.mesh	OK	6484	131	120	1	3908	0	1	0	1288	131	120
mobile_maps_source\w1351_qz_huapingliewen_001.mesh	OK	5516	114	84	1	3360	0	1	0	1080	114	84
mobile_maps_source\w1351_qz_huapingxikou_001.mesh	OK	8844	190	120	1	5560	0	1	0	1760	190	120
mobile_maps_source\w1351_qz_huawenditan_001.mesh	OK	1156	17	24	1	524	0	1	0	184	17	24
mobile_maps_source\w1351_qz_jintiao_001.mesh	OK	1340	24	12	1	696	0	1	0	216	24	12
mobile_maps_source\w1351_qz_jinyuanbao_001.mesh	OK	3372	62	76	1	1888	0	1	0	648	62	76
mobile_maps_source\w1351_qz_jinyumantang_001.mesh	OK	18440	399	274	2	11720	0	1	0	3740	399	230+44
mobile_maps_source\w1351_qz_lanshuijing_001.mesh	OK	19868	408	408	1	12240	0	1	0	4080	408	408
mobile_maps_source\w1351_qz_lvshuijing_001.mesh	OK	19868	408	408	1	12240	0	1	0	4080	408	408
mobile_maps_source\w1351_qz_mubandeng_001.mesh	OK	8404	179	120	1	5252	0	1	0	1672	179	120
mobile_maps_source\w1351_qz_muzhuozi_001.mesh	OK	37092	813	536	1	23836	0	1	0	7576	813	536
mobile_maps_source\w1351_qz_penjinghua_001.mesh	OK	24089	517	366	1	15208	197	1	0	4868	517	366
mobile_maps_source\w1351_qz_penjingshu_001.mesh	OK	42712	925	678	2	27256	0	1	0	8756	925	78+600
mobile_maps_source\w1351_qz_penjingsong_001.mesh	OK	9044	189	150	1	5592	0	1	0	1812	189	150
mobile_maps_source\w1351_qz_qiang_001.mesh	OK	1964	38	20	1	1104	0	1	0	344	38	20
mobile_maps_source\w1351_qz_qiangchuang_001.mesh	OK	5856	124	76	2	3624	0	1	0	1144	124	68+8
mobile_maps_source\w1351_qz_qiangchuangkai_001.mesh	OK	14576	322	176	2	9368	0	1	0	2928	322	40+136
mobile_maps_source\w1351_qz_qianggua_001.mesh	OK	2236	44	24	1	1280	0	1	0	400	44	24
mobile_maps_source\w1351_qz_qiangjiao_001.mesh	OK	6940	151	77	1	4382	0	0	0	2570	151	77
mobile_maps_source\w1351_qz_qiangmen_001.mesh	OK	12284	266	170	1	7788	0	1	0	2468	266	170
mobile_maps_source\w1351_qz_qiangmenkai_001.mesh	OK	16940	374	212	1	10896	0	1	0	3416	374	212
mobile_maps_source\w1351_qz_qiangzhu_001.mesh	OK	4924	104	60	1	3032	0	1	0	952	104	60
mobile_maps_source\w1351_qz_rijindoujin_001.mesh	OK	18440	399	274	2	11720	0	1	0	3740	399	230+44
mobile_maps_source\w1351_qz_sanqian_001.mesh	OK	21100	438	412	1	13088	0	1	0	4328	438	412
mobile_maps_source\w1351_qz_sanyuanbao_001.mesh	OK	12740	253	292	1	7668	0	1	0	2608	253	292
mobile_maps_source\w1351_qz_shanpingfeng_001.mesh	OK	19404	420	290	1	12340	0	1	0	3940	420	290
mobile_maps_source\w1351_qz_shenkan_001.mesh	OK	18812	407	281	1	11958	0	0	0	7074	407	281
mobile_maps_source\w1351_qz_shujiayou_001.mesh	OK	28260	631	342	1	18352	0	1	0	5732	631	342
mobile_maps_source\w1351_qz_shujiazuo_001.mesh	OK	30012	669	371	1	19474	0	0	0	11446	669	371
mobile_maps_source\w1351_qz_shujuanjia_001.mesh	OK	71900	1608	912	1	46848	0	1	0	14688	1608	912
mobile_maps_source\w1351_qz_shuzhuo_001.mesh	OK	46864	1024	702	2	30076	0	1	0	9596	1024	286+416
mobile_maps_source\w1351_qz_suanpan_001.mesh	OK	4780	100	62	1	2924	0	1	0	924	100	62
mobile_maps_source\w1351_qz_suanpanpingfeng_001.mesh	OK	115496	2297	2916	2	70148	0	1	0	24208	2297	92+2824
mobile_maps_source\w1351_qz_tiandipai_001.mesh	OK	63520	1370	1054	2	40468	0	1	0	13068	1370	276+778
mobile_maps_source\w1351_qz_tongqianbaijian_001.mesh	OK	10580	222	176	3	6568	0	1	0	2128	222	116+44+16
mobile_maps_source\w1351_qz_tongqianguitaijiao_001.mesh	OK	7636	166	88	3	4824	0	1	0	1504	166	12+60+16
mobile_maps_source\w1351_qz_yinyuanbao_001.mesh	OK	3372	62	76	1	1888	0	1	0	648	62	76
mobile_maps_source\w1351_qz_yuanbaobaijian_001.mesh	OK	7660	157	136	3	4668	0	1	0	1528	157	76+44+16
mobile_maps_source\w1351_qz_yuanzhu_001.mesh	OK	4188	80	88	1	2416	0	1	0	816	80	88
mobile_maps_source\w1351_sdcw_gouhuota_001.mesh	OK	44148	980	583	1	28606	0	0	0	16846	980	583
mobile_maps_source\w1351_shgz_caihuapain_001.mesh	OK	12704	240	112	2	8864	0	1	0	4064	240	8+104
mobile_maps_source\w1351_shgz_damen_001.mesh	OK	60576	1340	836	2	39192	0	1	0	12392	1340	28+808
mobile_maps_source\w1351_shgz_denglonghongfu_001.mesh	OK	24225	396	196	1	17816	197	1	0	9896	396	196
mobile_maps_source\w1351_shgz_denglonghongfu_002.mesh	OK	20860	396	196	1	14648	0	1	0	6728	396	196
mobile_maps_source\w1351_shgz_denglonghuangfu_001.mesh	OK	20860	396	196	1	14648	0	1	0	6728	396	196
mobile_maps_source\w1351_shgz_denglongwu_001.mesh	OK	27596	607	379	1	17754	0	0	0	10470	607	379
mobile_maps_source\w1351_shgz_diaoye_001.mesh	OK	6308	129	108	1	3828	0	1	0	1248	129	108
mobile_maps_source\w1351_shgz_dzchang_001.mesh	OK	6756	143	94	1	4192	0	1	0	1332	143	94
mobile_maps_source\w1351_shgz_dzchang_002.mesh	OK	4428	92	58	1	2692	0	1	0	852	92	58
mobile_maps_source\w1351_shgz_dzchang_003.mesh	OK	1740	32	22	1	940	0	1	0	300	32	22
mobile_maps_source\w1351_shgz_dzqiang_001.mesh	OK	1340	24	12	1	696	0	1	0	216	24	12
mobile_maps_source\w1351_shgz_dzqiang_002.mesh	OK	2588	52	28	1	1512	0	1	0	472	52	28
mobile_maps_source\w1351_shgz_dzqiang_003.mesh	OK	4300	90	52	1	2624	0	1	0	824	90	52
mobile_maps_source\w1351_shgz_fwbupengjiao_001.mesh	OK	43940	977	571	3	28498	0	0	0	16774	977	80+65+426
mobile_maps_source\w1351_shgz_fwbupensan_001.mesh	OK	30524	665	454	3	19528	0	1	0	6228	665	64+222+168
mobile_maps_source\w1351_shgz_fwbupensan_001j.mesh	OK	30524	665	454	3	19528	0	1	0	6228	665	64+222+168
mobile_maps_source\w1351_shgz_fwgaojiaoce_001.mesh	OK	55924	1246	724	3	36336	0	1	0	11416	1246	4+280+440
mobile_maps_source\w1351_shgz_fwgaojiaohonglvbu_001.mesh	OK	55840	1230	782	2	36004	96	1	0	11404	1230	428+354
mobile_maps_source\w1351_shgz_fwgaojiaoqian_001.mesh	OK	65260	1459	826	3	42504	0	1	0	13324	1459	4+260+562
mobile_maps_source\w1351_shgz_fwhongmuerceng_001.mesh	OK	68384	1516	932	2	44312	0	1	0	13992	1516	274+658
mobile_maps_source\w1351_shgz_fwlvbuerjian_001.mesh	OK	95704	2138	1237	2	62338	0	0	0	36682	2138	182+1055
mobile_maps_source\w1351_shgz_fwsancengjiulou_001.mesh	OK	82348	1829	1112	3	53436	0	1	0	16856	1829	860+248+4
mobile_maps_source\w1351_shgz_fwsange_001.mesh	OK	85152	1900	1108	2	55416	0	1	0	17416	1900	160+948
mobile_maps_source\w1351_shgz_fwsangesanceng_001.mesh	OK	114872	2567	1488	2	74852	0	1	0	23512	2567	460+1028
mobile_maps_source\w1351_shgz_fwxiaopaifang_001.mesh	OK	29064	633	432	2	18588	0	1	0	5928	633	166+266
mobile_maps_source\w1351_shgz_fwyuanjiao_001.mesh	OK	74560	1656	1004	2	48376	0	1	0	15256	1656	696+308
mobile_maps_source\w1351_shgz_gongqiao_001.mesh	OK	72472	1619	928	2	47188	0	1	0	14808	1619	416+512
mobile_maps_source\w1351_shgz_gouhuodui_001.mesh	OK	25212	546	386	1	16060	0	1	0	5140	546	386
mobile_maps_source\w1351_shgz_hediwan_001.mesh	OK	4760	95	84	2	2828	0	1	0	928	95	32+52
mobile_maps_source\w1351_shgz_hediwanfans_001.mesh	OK	5384	109	92	2	3236	0	1	0	1056	109	40+52
mobile_maps_source\w1351_shgz_hediwanswai_001.mesh	OK	5064	101	92	2	3012	0	1	0	992	101	40+52
mobile_maps_source\w1351_shgz_hediwanwai_001.mesh	OK	5064	101	92	2	3012	0	1	0	992	101	40+52
mobile_maps_source\w1351_shgz_heye_001.mesh	OK	9996	214	144	1	6280	0	1	0	2000	214	144
mobile_maps_source\w1351_shgz_jiagupai_001.mesh	OK	7228	156	88	1	4544	0	1	0	1424	156	88
mobile_maps_source\w1351_shgz_lajiao_001.mesh	OK	5036	98	104	1	2952	0	1	0	992	98	104
mobile_maps_source\w1351_shgz_lingdangbupeng_001.mesh	OK	4408	91	60	2	2668	0	1	0	848	91	12+48
mobile_maps_source\w1351_shgz_lingdangbupeng_002.mesh	OK	5132	100	106	1	3012	0	1	0	1012	100	106
mobile_maps_source\w1351_shgz_meihuashu_001.mesh	OK	43708	935	752	3	27684	0	1	0	8984	935	384+288+80
mobile_maps_source\w1351_shgz_meihuashuzhi_001.mesh	OK	9952	208	168	2	6160	0	1	0	2000	208	96+72
mobile_maps_source\w1351_shgz_muhuapen_001.mesh	OK	6252	136	66	1	3940	0	1	0	1220	136	66
mobile_maps_source\w1351_shgz_mujia_001.mesh	OK	9596	208	124	1	6072	0	1	0	1912	208	124
mobile_maps_source\w1351_shgz_muqiangcai_001.mesh	OK	1516	28	14	1	812	0	1	0	252	28	14
mobile_maps_source\w1351_shgz_muqiangcainiu_001.mesh	OK	1516	28	14	1	812	0	1	0	252	28	14
mobile_maps_source\w1351_shgz_muqiangsu_001.mesh	OK	1436	26	14	1	756	0	1	0	236	26	14
mobile_maps_source\w1351_shgz_muqiao_001.mesh	OK	1956	37	24	1	1084	0	1	0	344	37	24
mobile_maps_source\w1351_shgz_muqiaohulan_001.mesh	OK	7860	171	92	1	4972	0	1	0	1552	171	92
mobile_maps_source\w1351_shgz_mutoukong_001.mesh	OK	2876	58	34	1	1692	0	1	0	532	58	34
mobile_maps_source\w1351_shgz_naxilai_001.mesh	OK	20284	390	160	1	14360	0	1	0	6560	390	160
mobile_maps_source\w1351_shgz_paifengsan_001.mesh	OK	54488	1217	690	2	35456	0	1	0	11116	1217	78+612
mobile_maps_source\w1351_shgz_pangjingekezhan_001.mesh	OK	6236	134	74	1	3900	0	1	0	1220	134	74
mobile_maps_source\w1351_shgz_pashanhu_001.mesh	OK	5572	113	96	1	3356	0	1	0	1096	113	96
mobile_maps_source\w1351_shgz_pingfengshanshui_001.mesh	OK	2508	50	28	1	1456	0	1	0	456	50	28
mobile_maps_source\w1351_shgz_puercha_001.mesh	OK	4028	72	36	1	2664	0	1	0	1224	72	36
mobile_maps_source\w1351_shgz_qiang_001.mesh	OK	5228	112	58	1	3252	0	1	0	1012	112	58
mobile_maps_source\w1351_shgz_qiangjiao_001.mesh	OK	5916	126	74	1	3676	0	1	0	1156	126	74
mobile_maps_source\w1351_shgz_qiangtou_001.mesh	OK	6812	146	86	1	4260	0	1	0	1340	146	86
mobile_maps_source\w1351_shgz_sanjiaocaiqi_001.mesh	OK	6972	152	76	1	4408	0	1	0	1368	152	76
mobile_maps_source\w1351_shgz_sanyanjing_001.mesh	OK	27876	621	344	1	18076	0	1	0	5656	621	344
mobile_maps_source\w1351_shgz_shiqiao_001.mesh	OK	29636	665	344	1	19308	0	1	0	6008	665	344
mobile_maps_source\w1351_shgz_shitayuan_001.mesh	OK	20100	431	322	1	12712	0	1	0	4092	431	322
mobile_maps_source\w1351_shgz_shuiche_001.mesh	OK	77124	1697	1120	1	49756	0	1	0	15816	1697	1120
mobile_maps_source\w1351_shgz_shuzhi_001.mesh	OK	9564	200	160	1	5920	0	1	0	1920	200	160
mobile_maps_source\w1351_shgz_tianjie_001.mesh	OK	10300	212	192	1	6320	0	1	0	2080	212	192
mobile_maps_source\w1351_shgz_tutengyuanmu_001.mesh	OK	13700	295	202	1	8664	0	1	0	2764	295	202
mobile_maps_source\w1351_shgz_xiangrikui_001.mesh	OK	12788	261	258	1	7824	0	1	0	2604	261	258
mobile_maps_source\w1351_shgz_xiaozhenmen_001.mesh	OK	28732	632	396	1	18488	0	1	0	5848	632	396
mobile_maps_source\w1351_shgz_yumichuang_001.mesh	OK	3676	72	64	1	2144	0	1	0	704	72	64
mobile_maps_source\w1351_shgz_yumijia_001.mesh	OK	40576	864	716	2	25624	0	1	0	8344	864	188+528
mobile_maps_source\w1351_shgz_zhengpaifang_001.mesh	OK	123096	2729	1706	2	79824	0	1	0	25244	2729	96+1610
mobile_maps_source\w1351_shgz_zhongxin_001.mesh	OK	25400	563	324	2	16412	0	1	0	5152	563	72+252
mobile_maps_source\w1351_shgz_zhumuqiao_001.mesh	OK	115720	2592	1469	2	75514	0	0	0	44410	2592	192+1277
mobile_maps_source\w1351_shgz_zhumuqiao_002.mesh	OK	16412	354	246	1	10404	0	1	0	3324	354	246
mobile_maps_source\w1351_shgz_zhuta_001.mesh	OK	18116	393	264	1	11532	0	1	0	3672	393	264
mobile_maps_source\w1351_shitoufang_001.mesh	OK	1164	20	10	1	580	0	1	0	180	20	10
mobile_maps_source\w1351_shuichishitou_001.mesh	OK	11628	226	288	1	6904	0	1	0	2384	226	288
mobile_maps_source\w1351_shuichishitou_002.mesh	OK	8684	171	195	1	5178	0	0	0	3126	171	195
mobile_maps_source\w1351_shuilao_huopendeng_001.mesh	OK	8204	176	110	1	5148	0	1	0	1628	176	110
mobile_maps_source\w1351_shuilao_qiang_001.mesh	OK	1580	30	12	1	864	0	1	0	264	30	12
mobile_maps_source\w1351_shuilao_qiang_002.mesh	OK	3484	72	40	1	2096	0	1	0	656	72	40
mobile_maps_source\w1351_shuilao_qiang_003.mesh	OK	2908	60	28	1	1736	0	1	0	536	60	28
mobile_maps_source\w1351_shuilao_qiang_004.mesh	OK	4396	94	44	1	2720	0	1	0	840	94	44
mobile_maps_source\w1351_shuilao_qiang_005.mesh	OK	1404	26	10	1	748	0	1	0	228	26	10
mobile_maps_source\w1351_sjh_mogu_001.mesh	OK	12380	251	257	1	7542	0	0	0	4530	251	257
mobile_maps_source\w1351_sjh_mogugao_001.mesh	OK	15676	316	344	1	9536	0	1	0	3216	316	344
mobile_maps_source\w1351_sjh_moguqun_001.mesh	OK	12012	245	241	1	7342	0	0	0	4402	245	241
mobile_maps_source\w1351_sjh_moguqungao_001.mesh	OK	17508	350	403	1	10606	0	0	0	6406	350	403
mobile_maps_source\w1351_sjh_qiang_001.mesh	OK	1916	36	24	1	1056	0	1	0	336	36	24
mobile_maps_source\w1351_sjh_qiangchuang_001.mesh	OK	8956	194	114	1	5660	0	1	0	1780	194	114
mobile_maps_source\w1351_sjh_qiangjiao_001.mesh	OK	4316	92	44	1	2664	0	1	0	824	92	44
mobile_maps_source\w1351_sjh_qiangmen_001.mesh	OK	18272	392	288	2	11552	0	1	0	3712	392	206+82
mobile_maps_source\w1351_sjh_taijisuishi_003.mesh	OK	12924	284	160	1	8272	0	1	0	2592	284	160
mobile_maps_source\w1351_sjh_tielianqun_001.mesh	OK	8508	172	168	1	5152	0	1	0	1712	172	168
mobile_maps_source\w1351_sjh_zhamen_001.mesh	OK	46652	1037	610	3	30256	0	1	0	9516	1037	336+36+238
mobile_maps_source\w1351_sjh_zhujiazhandaoduan_001.mesh	OK	17832	406	218	1	11368	0	1	0	3248	406	218
mobile_maps_source\w1351_sjh_zhujiazhandaojiao_001.mesh	OK	23474	537	285	1	15036	0	1	0	4296	537	285
mobile_maps_source\w1351_sjh_zhujiazhandaoxie_001.mesh	OK	17992	410	218	1	11480	0	1	0	3280	410	218
mobile_maps_source\w1351_sjh_zhuzisuishi_001.mesh	OK	6585	139	68	1	4028	197	1	0	1248	139	68
mobile_maps_source\w1351_sl_dongmen_001.mesh	OK	28288	619	392	4	18116	96	1	0	5736	619	156+136+68+32
mobile_maps_source\w1351_sl_fwcanjingge_001.mesh	OK	70688	1540	1098	6	45316	0	1	0	14516	1540	256+40+32+176+96+498
mobile_maps_source\w1351_sl_fwdaxiongbaodian_001.mesh	OK	120364	2653	1742	7	77768	0	1	0	24708	2653	412+416+6+210+76+494+128
mobile_maps_source\w1351_sl_fwfangzhang_001.mesh	OK	35817	783	500	5	22924	197	1	0	7264	783	214+8+90+124+64
mobile_maps_source\w1351_sl_fwsengfang_001.mesh	OK	30028	665	392	3	19404	0	1	0	6104	665	176+64+152
mobile_maps_source\w1351_sl_fwshicaopengzi_001.mesh	OK	44684	986	617	7	28842	0	0	0	17010	986	80+8+2+16+246+190+75
mobile_maps_source\w1351_sl_fwxiangfang_001.mesh	OK	28448	625	394	4	18288	0	1	0	5788	625	214+32+128+20
mobile_maps_source\w1351_sl_fwxiaoxiangfang_001.mesh	OK	23756	521	328	3	15244	0	1	0	4824	521	216+20+92
mobile_maps_source\w1351_sl_fwzhonglou_001.mesh	OK	105668	2272	1798	7	67212	96	1	0	21772	2272	328+66+394+64+432+450+64
mobile_maps_source\w1351_sl_liujiaota_001.mesh	OK	10436	227	134	1	6624	0	1	0	2084	227	134
mobile_maps_source\w1351_sl_maocaomumen_001.mesh	OK	9872	210	148	2	6176	0	1	0	1976	210	144+4
mobile_maps_source\w1351_sl_maocaoshiwu_001.mesh	OK	30200	667	402	6	19480	0	1	0	6140	667	24+42+80+18+118+120
mobile_maps_source\w1351_sl_mujiaqiao_001.mesh	OK	37277	821	494	2	23976	197	1	0	7556	821	66+428
mobile_maps_source\w1351_sl_paifang_001.mesh	OK	30937	677	420	5	19796	197	1	0	6256	677	152+220+20+12+16
mobile_maps_source\w1351_sl_qiang_001.mesh	OK	5009	101	60	3	2948	197	1	0	928	101	40+12+8
mobile_maps_source\w1351_sl_qiangjiao_001.mesh	OK	5572	120	60	3	3480	0	1	0	1080	120	12+40+8
mobile_maps_source\w1351_sl_qiangtou_001.mesh	OK	5612	118	75	3	3454	0	0	0	2038	118	55+12+8
mobile_maps_source\w1351_sl_shanmen_001.mesh	OK	24704	543	336	4	15876	0	1	0	5016	543	96+28+184+28
mobile_maps_source\w1351_sl_shanmenkai_001.mesh	OK	61424	1334	970	6	39292	0	1	0	12612	1334	256+36+32+168+414+64
mobile_maps_source\w1351_sl_shibeifang_001.mesh	OK	3964	84	40	1	2432	0	1	0	752	84	40
mobile_maps_source\w1351_sl_shicaofang_001.mesh	OK	25836	569	347	5	16626	0	0	0	9798	569	88+114+91+12+42
mobile_maps_source\w1351_sl_shicaoting_001.mesh	OK	30632	665	468	2	19556	0	1	0	6256	665	100+368
mobile_maps_source\w1351_sl_shimenye_001.mesh	OK	29972	637	525	3	18886	0	0	0	11242	637	440+16+69
mobile_maps_source\w1351_sl_shiqiang_001.mesh	OK	1500	28	12	1	808	0	1	0	248	28	12
mobile_maps_source\w1351_sl_shiqiangchangjiao_001.mesh	OK	3228	66	38	1	1924	0	1	0	604	66	38
mobile_maps_source\w1351_sl_shiqiangjiao_001.mesh	OK	2300	46	22	1	1332	0	1	0	412	46	22
mobile_maps_source\w1351_sl_shiqiangtengman_001.mesh	OK	2468	49	28	1	1428	0	1	0	448	49	28
mobile_maps_source\w1351_sl_shiqiangtengmantou_001.mesh	OK	2036	39	24	1	1140	0	1	0	360	39	24
mobile_maps_source\w1351_sl_shiqiangtengmanwan_001.mesh	OK	3473	66	44	1	1936	197	1	0	616	66	44
mobile_maps_source\w1351_sl_shiqiangtou_001.mesh	OK	1612	30	16	1	872	0	1	0	272	30	16
mobile_maps_source\w1351_sl_shiqiangwan_001.mesh	OK	2204	44	20	1	1272	0	1	0	392	44	20
mobile_maps_source\w1351_sl_shiqiaopubu_001.mesh	OK	120656	2535	2369	6	75718	0	0	0	45298	2535	80+40+14+119+2074+42
mobile_maps_source\w1351_sl_shishangdong_001.mesh	OK	18360	388	318	4	11500	0	1	0	3740	388	54+16+64+184
mobile_maps_source\w1351_sl_shiwuxiaoyuan_001.mesh	OK	27588	606	381	5	17730	0	0	0	10458	606	2+54+28+193+104
mobile_maps_source\w1351_sl_shixiangashima_001.mesh	OK	31504	649	656	4	19484	0	1	0	6504	649	42+6+32+576
mobile_maps_source\w1351_sl_shizhu_001.mesh	OK	6372	128	121	1	3826	0	0	0	2290	128	121
mobile_maps_source\w1351_sl_shizhubi_001.mesh	OK	40492	827	891	1	24938	0	0	0	15014	827	891
mobile_maps_source\w1351_sl_shizhuerqiao_001.mesh	OK	5268	100	123	1	3046	0	0	0	1846	100	123
mobile_maps_source\w1351_sl_shizhufang_001.mesh	OK	27124	590	403	5	17326	0	0	0	10246	590	208+56+16+56+67
mobile_maps_source\w1351_sl_shizhulingzhi_001.mesh	OK	11080	233	183	4	6890	0	0	0	4094	233	130+8+24+21
mobile_maps_source\w1351_sl_shizhuqun_001.mesh	OK	37412	769	796	1	23124	0	1	0	7744	769	796
mobile_maps_source\w1351_sl_shizhusan_001.mesh	OK	21932	441	501	1	13350	0	0	0	8058	441	501
mobile_maps_source\w1351_sl_shizhushouzhang_001.mesh	OK	10452	204	251	1	6214	0	0	0	3766	204	251
mobile_maps_source\w1351_sl_shizhutengrao_001.mesh	OK	13968	295	234	4	8728	0	1	0	2828	295	160+8+42+24
mobile_maps_source\w1351_sl_shizhutiane_001.mesh	OK	23664	511	366	4	15040	0	1	0	4820	511	282+10+40+34
mobile_maps_source\w1351_sl_shizhuwu_001.mesh	OK	36572	741	831	1	22410	0	0	0	13518	741	831
mobile_maps_source\w1351_sl_taijiepingjie_001.mesh	OK	3228	68	28	1	1960	0	1	0	600	68	28
mobile_maps_source\w1351_sl_taijiepingjie_002.mesh	OK	5500	120	52	1	3464	0	1	0	1064	120	52
mobile_maps_source\w1351_sl_taijiepingjie_003.mesh	OK	6140	132	72	1	3840	0	1	0	1200	132	72
mobile_maps_source\w1351_sl_wanshu_001.mesh	OK	9256	198	131	2	5806	0	0	0	3430	198	28+103
mobile_maps_source\w1351_sl_xiaoshita_001.mesh	OK	13020	284	172	1	8296	0	1	0	2616	284	172
mobile_maps_source\w1351_sl_zhuanta_001.mesh	OK	7924	175	80	1	5060	0	1	0	1560	175	80
mobile_maps_source\w1351_smeh_chenglou_001.mesh	OK	49924	1094	734	3	32100	0	1	0	10220	1094	184+534+16
mobile_maps_source\w1351_smeh_diaoxiangdizuo_001.mesh	OK	3548	74	38	1	2148	0	1	0	668	74	38
mobile_maps_source\w1351_smeh_diaoxiangduan_001.mesh	OK	29436	620	543	3	18446	0	0	0	11006	620	254+77+212
mobile_maps_source\w1351_smeh_diaoxianghengzhu_001.mesh	OK	31316	676	498	3	19924	0	1	0	6404	676	198+152+148
mobile_maps_source\w1351_smeh_dizuohuaban_001.mesh	OK	20865	446	318	1	13124	197	1	0	4204	446	318
mobile_maps_source\w1351_smeh_feixvmen_001.mesh	OK	69984	1507	1177	2	44550	0	0	0	26466	1507	842+335
mobile_maps_source\w1351_smeh_fenghuotaigao_001.mesh	OK	75928	1691	1332	4	47348	0	1	0	13528	1691	692+264+244+132
mobile_maps_source\w1351_smeh_fenghuotaipo_001.mesh	OK	75436	1614	1323	3	47838	0	0	0	28470	1614	664+361+298
mobile_maps_source\w1351_smeh_fwchanglouti_001.mesh	OK	85596	1882	1252	5	55200	0	1	0	17560	1882	88+117+814+173+60
mobile_maps_source\w1351_smeh_fwshitailou_001.mesh	OK	80596	1740	1337	5	51394	0	0	0	30514	1740	322+74+26+74+841
mobile_maps_source\w1351_smeh_fwyuanding_001.mesh	OK	87140	1888	1415	5	55694	0	0	0	33038	1888	326+604+341+104+40
mobile_maps_source\w1351_smeh_huochai_001.mesh	OK	7637	155	119	2	4578	197	0	0	2718	155	20+99
mobile_maps_source\w1351_smeh_huozhu_001.mesh	OK	13076	279	203	3	8218	0	0	0	4870	279	44+99+60
mobile_maps_source\w1351_smeh_huozhuqiang_001.mesh	OK	42900	929	681	3	27374	0	0	0	16226	929	248+302+131
mobile_maps_source\w1351_smeh_jitanpo_001.mesh	OK	88000	1924	1342	6	56556	0	1	0	18076	1924	329+6+82+55+549+321
mobile_maps_source\w1351_smeh_madiaomen_001.mesh	OK	24160	519	389	2	15310	0	0	0	9082	519	49+340
mobile_maps_source\w1351_smeh_menquan_001.mesh	OK	26782	592	469	2	16576	0	1	0	4736	592	365+104
mobile_maps_source\w1351_smeh_pingtaipo_001.mesh	OK	19972	433	294	5	12712	0	1	0	4052	433	164+8+66+24+32
mobile_maps_source\w1351_smeh_qiangmenpo_001.mesh	OK	32956	710	533	3	20946	0	0	0	12426	710	269+94+170
mobile_maps_source\w1351_smeh_qiangtipo_001.mesh	OK	28236	621	387	5	18162	0	0	0	10710	621	59+23+62+165+78
mobile_maps_source\w1351_smeh_shandongkou_001.mesh	OK	128708	2811	1995	7	82698	0	0	0	48966	2811	711+159+200+211+64+64+586
mobile_maps_source\w1351_smeh_shenghuotan_001.mesh	OK	116044	2536	1787	7	74582	0	0	0	44150	2536	484+105+173+200+268+228+329
mobile_maps_source\w1351_smeh_shimamen_001.mesh	OK	25152	542	398	2	15972	0	1	0	5132	542	326+72
mobile_maps_source\w1351_smeh_shitajiantou_001.mesh	OK	27712	608	516	4	17024	0	1	0	4864	608	120+272+92+32
mobile_maps_source\w1351_smeh_shixiangrenzhang_001.mesh	OK	32732	684	635	3	20422	0	0	0	12214	684	40+383+212
mobile_maps_source\w1351_smeh_shixiangzhuzipo_001.mesh	OK	24300	519	406	3	15344	0	1	0	4964	519	135+85+186
mobile_maps_source\w1351_smeh_shoutouqiang_001.mesh	OK	34352	755	483	2	22106	0	0	0	13046	755	61+422
mobile_maps_source\w1351_smeh_shuiguokuangcaomei_001.mesh	OK	5588	114	68	3	3328	192	1	0	1048	114	36+16+16
mobile_maps_source\w1351_smeh_shuiguokuangputao_001.mesh	OK	5588	114	68	3	3328	192	1	0	1048	114	36+16+16
mobile_maps_source\w1351_smeh_suishi_001.mesh	OK	13976	315	180	4	8820	0	1	0	2520	315	146+3+24+7
mobile_maps_source\w1351_smeh_suishifeixu_001.mesh	OK	64792	1421	956	6	41700	0	1	0	13280	1421	38+26+91+39+342+420
mobile_maps_source\w1351_smeh_suishizhu_001.mesh	OK	23620	500	416	3	14832	0	1	0	4832	500	342+36+38
mobile_maps_source\w1351_smeh_suishizhuyuan_001.mesh	OK	23620	500	416	3	14832	0	1	0	4832	500	342+36+38
mobile_maps_source\w1351_smeh_taijieqiang_001.mesh	OK	53612	1171	809	5	34406	0	0	0	20354	1171	42+26+20+372+349
mobile_maps_source\w1351_smeh_tonghuozhu_001.mesh	OK	18592	413	298	1	11564	0	1	0	3304	413	298
mobile_maps_source\w1351_smeh_yingcao_001.mesh	OK	16692	349	306	1	10384	0	1	0	3404	349	306
mobile_maps_source\w1351_smeh_yizhi_001.mesh	OK	15480	340	199	2	9918	0	0	0	5838	340	187+12
mobile_maps_source\w1351_smeh_zhuzitiaoduan_001.mesh	OK	4644	85	120	1	2620	0	1	0	920	85	120
mobile_maps_source\w1351_smeh_zhuzitiaowen_001.mesh	OK	8036	157	184	1	4764	0	1	0	1624	157	184
mobile_maps_source\w1351_sqt_shiqiao_002.mesh	OK	79217	1472	2482	1	46180	197	1	0	16740	1472	2482
mobile_maps_source\w1351_ss_dafotou_001.mesh	OK	11540	247	172	1	7260	0	1	0	2320	247	172
mobile_maps_source\w1351_ss_damen_001.mesh	OK	44264	977	612	2	28580	0	1	0	9040	977	524+88
mobile_maps_source\w1351_ss_daocaoren_001.mesh	OK	9396	201	134	1	5896	0	1	0	1876	201	134
mobile_maps_source\w1351_ss_diaoxiangdizuo_001.mesh	OK	1452	26	16	1	760	0	1	0	240	26	16
mobile_maps_source\w1351_ss_dichashu_001.mesh	OK	10016	219	121	2	6374	0	0	0	3746	219	64+57
mobile_maps_source\w1351_ss_erheshu_001.mesh	OK	20361	441	280	1	12908	197	1	0	4088	441	280
mobile_maps_source\w1351_ss_fangtasan_001.mesh	OK	6988	152	78	1	4412	0	1	0	1372	152	78
mobile_maps_source\w1351_ss_feicaopengzi_001.mesh	OK	15192	330	213	2	9666	0	0	0	5706	330	77+136
mobile_maps_source\w1351_ss_fotou_001.mesh	OK	20020	423	352	1	12548	0	1	0	4088	423	352
mobile_maps_source\w1351_ss_fwshuyuan_001.mesh	OK	76492	1705	1000	3	49740	0	1	0	15640	1705	512+432+56
mobile_maps_source\w1351_ss_fwshuyuanqiangjiao_001.mesh	OK	48148	1068	642	3	31188	0	1	0	9828	1068	40+202+400
mobile_maps_source\w1351_ss_fwshuyuanshuangceng_001.mesh	OK	56564	1256	754	3	36676	0	1	0	11556	1256	56+346+352
mobile_maps_source\w1351_ss_fwshuyuanyiju_001.mesh	OK	33052	725	470	3	21240	0	1	0	6740	725	232+206+32
mobile_maps_source\w1351_ss_fwtingzi_001.mesh	OK	39264	865	546	4	25312	0	1	0	8012	865	192+292+22+40
mobile_maps_source\w1351_ss_huangyezi_001.mesh	OK	2580	49	42	1	1456	0	1	0	476	49	42
mobile_maps_source\w1351_ss_jushi_001.mesh	OK	6884	125	200	1	3900	0	1	0	1400	125	200
mobile_maps_source\w1351_ss_kushucha_001.mesh	OK	7240	154	99	2	4510	0	0	0	2662	154	36+63
mobile_maps_source\w1351_ss_kushuercha_001.mesh	OK	11808	258	150	2	7524	0	1	0	2364	258	8+142
mobile_maps_source\w1351_ss_kushusancha_001.mesh	OK	10784	232	152	2	6800	0	1	0	2160	232	14+138
mobile_maps_source\w1351_ss_kuzhiye_001.mesh	OK	2449	42	36	1	1248	197	1	0	408	42	36
mobile_maps_source\w1351_ss_maocaoqiang_001.mesh	OK	1536	28	16	2	816	0	1	0	256	28	8+8
mobile_maps_source\w1351_ss_maocaoqiangjiao_001.mesh	OK	2656	52	36	2	1528	0	1	0	488	52	24+12
mobile_maps_source\w1351_ss_maocaoqiangmen_001.mesh	OK	10912	240	128	2	6976	0	1	0	2176	240	16+112
mobile_maps_source\w1351_ss_maocaoqiangtou_001.mesh	OK	1760	33	19	2	962	0	0	0	566	33	11+8
mobile_maps_source\w1351_ss_muqiao_001.mesh	OK	34292	743	536	1	21876	0	1	0	7016	743	536
mobile_maps_source\w1351_ss_muzhalan_001.mesh	OK	8748	184	138	1	5428	0	1	0	1748	184	138
mobile_maps_source\w1351_ss_muzhalan_002.mesh	OK	1404	24	20	1	712	0	1	0	232	24	20
mobile_maps_source\w1351_ss_muzhalandu_001.mesh	OK	1444	25	20	1	740	0	1	0	240	25	20
mobile_maps_source\w1351_ss_muzhalanmen_001.mesh	OK	8004	173	100	1	5044	0	1	0	1584	173	100
mobile_maps_source\w1351_ss_nanguateng_001.mesh	OK	6348	126	128	1	3784	0	1	0	1264	126	128
mobile_maps_source\w1351_ss_qiangjiao_001.mesh	OK	5216	110	66	2	3212	0	1	0	1012	110	16+50
mobile_maps_source\w1351_ss_qiangtou_001.mesh	OK	7416	159	96	2	4644	0	1	0	1464	159	84+12
mobile_maps_source\w1351_ss_qiangzhi_001.mesh	OK	3624	73	52	2	2148	0	1	0	688	73	40+12
mobile_maps_source\w1351_ss_shibei_001.mesh	OK	12940	276	202	1	8132	0	1	0	2612	276	202
mobile_maps_source\w1351_ss_shidiaodaxiang_001.mesh	OK	10784	224	192	2	6656	0	1	0	2176	224	178+14
mobile_maps_source\w1351_ss_shimawodao_001.mesh	OK	10544	214	212	2	6416	0	1	0	2136	214	196+16
mobile_maps_source\w1351_ss_shimazhili_001.mesh	OK	10068	195	248	1	5956	0	1	0	2056	195	248
mobile_maps_source\w1351_ss_shiqiaohuang_001.mesh	OK	19225	410	293	1	12066	197	0	0	7146	410	293
mobile_maps_source\w1351_ss_shuchasan_001.mesh	OK	8896	194	106	2	5644	0	1	0	1764	194	52+54
mobile_maps_source\w1351_ss_shuyi_001.mesh	OK	12620	272	182	1	7980	0	1	0	2540	272	182
mobile_maps_source\w1351_ss_siheshu_001.mesh	OK	40684	906	520	1	26408	0	1	0	8288	906	520
mobile_maps_source\w1351_ss_songshuteng_001.mesh	OK	15756	410	293	3	8786	0	0	0	3866	410	120+116+57
mobile_maps_source\w1351_ss_taohuawangbozi_001.mesh	OK	69672	1519	1078	2	44688	0	1	0	14308	1519	624+454
mobile_maps_source\w1351_ss_wofo_001.mesh	OK	60568	1188	1595	2	36454	0	0	0	22198	1188	753+842
mobile_maps_source\w1351_ss_xiaobaicai_001.mesh	OK	9596	200	164	1	5928	0	1	0	1928	200	164
mobile_maps_source\w1351_ss_xiaokoujiutan_001.mesh	OK	4180	83	72	1	2468	0	1	0	808	83	72
mobile_maps_source\w1351_ss_xiaolianduo_001.mesh	OK	8004	169	120	1	4972	0	1	0	1592	169	120
mobile_maps_source\w1351_ss_xiaomen_001.mesh	OK	18000	394	244	2	11520	0	1	0	3640	394	40+204
mobile_maps_source\w1351_ss_zitenghuashu_001.mesh	OK	42740	917	722	1	27120	0	1	0	8780	917	722
mobile_maps_source\w1351_sss_mingzhutai_001.mesh	OK	38696	836	621	2	24650	0	0	0	14618	836	441+180
mobile_maps_source\w1351_sss_niaochao_001.mesh	OK	28340	597	521	3	17758	0	0	0	10594	597	320+165+36
mobile_maps_source\w1351_st_aizhuo_001.mesh	OK	76492	1640	1326	1	48572	0	1	0	15772	1640	1326
mobile_maps_source\w1351_st_cxmyizi_001.mesh	OK	57268	1249	878	1	36728	0	1	0	11748	1249	878
mobile_maps_source\w1351_st_denglongfang_001.mesh	OK	43300	957	592	1	27980	0	1	0	8840	957	592
mobile_maps_source\w1351_st_denglongjia_001.mesh	OK	57697	1252	892	1	36840	197	1	0	11800	1252	892
mobile_maps_source\w1351_st_denglongjia_002.mesh	OK	26276	539	554	1	16200	0	1	0	5420	539	554
mobile_maps_source\w1351_st_dengta_001.mesh	OK	47188	977	978	1	29312	0	1	0	9772	977	978
mobile_maps_source\w1351_st_ditan_001.mesh	OK	2200	43	32	2	1204	0	1	0	344	43	24+8
mobile_maps_source\w1351_st_fwdan_001.mesh	OK	472892	10298	7582	9	303508	0	1	0	97548	10298	36+3372+412+188+64+3074+426+2+8
mobile_maps_source\w1351_st_fwxiaotingzi_001.mesh	OK	539505	11712	8814	9	345564	197	1	0	111324	11712	528+3290+2680+4+16+4+48+288+1956
mobile_maps_source\w1351_st_fwyoulang_001.mesh	OK	169212	3631	2956	11	107580	0	1	0	34960	3631	78+88+64+32+2+2+98+24+24+2528+16
mobile_maps_source\w1351_st_fwyoulang_002.mesh	OK	101776	2166	1852	10	64352	0	1	0	21032	2166	16+2+16+2+16+68+24+44+1640+24
mobile_maps_source\w1351_st_fwyoulang_003.mesh	OK	163040	3492	2880	10	103536	0	1	0	33696	3492	32+4+32+4+32+136+48+88+2456+48
mobile_maps_source\w1351_st_fwyoulangjiao_001.mesh	OK	322480	6985	5345	10	206270	0	0	0	122450	6985	86+4698+120+72+220+48+8+32+6+55
mobile_maps_source\w1351_st_fwyunwei_001.mesh	OK	1706561	37764	24435	11	1106262	197	0	0	653094	37764	34+6+700+3889+84+1002+412+18052+32+108+116
mobile_maps_source\w1351_st_fwzhongxing_001.mesh	OK	2206108	47775	36850	7	1411400	0	1	0	455900	47775	26461+1531+12+1752+6772+240+82
mobile_maps_source\w1351_st_fwzhongxingpiaodai_001.mesh	OK	36992	612	292	1	27512	100	1	0	15272	612	292
mobile_maps_source\w1351_st_gaodian_001.mesh	OK	38552	758	981	1	23186	100	0	0	14090	758	981
mobile_maps_source\w1351_st_gaodian_002.mesh	OK	3648	74	38	1	2148	100	1	0	668	74	38
mobile_maps_source\w1351_st_gaodian_004.mesh	OK	50872	1063	996	1	31756	100	1	0	10496	1063	996
mobile_maps_source\w1351_st_gaodian_005.mesh	OK	1264	20	10	1	580	100	1	0	180	20	10
mobile_maps_source\w1351_st_gongdeng_001.mesh	OK	18784	408	272	2	11968	0	1	0	3808	408	72+200
mobile_maps_source\w1351_st_gongdeng_002.mesh	OK	13416	277	256	2	8268	0	1	0	2728	277	244+12
mobile_maps_source\w1351_st_guopan_001.mesh	OK	41636	825	1044	1	25188	0	1	0	8688	825	1044
mobile_maps_source\w1351_st_guzhengzhuozi_001.mesh	OK	43260	922	762	1	27340	0	1	0	8900	922	762
mobile_maps_source\w1351_st_huajuanguan_001.mesh	OK	16572	342	326	1	10228	0	1	0	3388	342	326
mobile_maps_source\w1351_st_huajuanguanxc_001.mesh	OK	15748	329	288	1	9788	0	1	0	3208	329	288
mobile_maps_source\w1351_st_huoguoyu_001.mesh	OK	31404	684	470	1	20092	0	1	0	6412	684	470
mobile_maps_source\w1351_st_huoguoyu_002.mesh	OK	3340	64	62	1	1916	0	1	0	636	64	62
mobile_maps_source\w1351_st_huoguoyu_003.mesh	OK	5268	107	88	1	3172	0	1	0	1032	107	88
mobile_maps_source\w1351_st_huoguoyu_004.mesh	OK	5948	115	133	1	3486	0	0	0	2106	115	133
mobile_maps_source\w1351_st_huoguoyu_005.mesh	OK	6612	135	116	1	4012	0	1	0	1312	135	116
mobile_maps_source\w1351_st_huoguoyu_006.mesh	OK	12916	263	264	1	7892	0	1	0	2632	263	264
mobile_maps_source\w1351_st_jianshanshizhai_001.mesh	OK	62801	1175	1915	1	36730	197	0	0	22630	1175	1915
mobile_maps_source\w1351_st_jiashan_001.mesh	OK	35660	699	927	1	21426	0	0	0	13038	699	927
mobile_maps_source\w1351_st_jiashandui_001.mesh	OK	43673	839	1204	1	25900	197	1	0	9120	839	1204
mobile_maps_source\w1351_st_jiashanshi_001.mesh	OK	61940	1193	1742	1	36888	0	1	0	13028	1193	1742
mobile_maps_source\w1351_st_jiashantai_001.mesh	OK	29833	565	844	1	17508	197	1	0	6208	565	844
mobile_maps_source\w1351_st_jiuqiju_001.mesh	OK	22820	477	432	1	14220	0	1	0	4680	477	432
mobile_maps_source\w1351_st_jiutan_001.mesh	OK	10732	210	256	1	6392	0	1	0	2192	210	256
mobile_maps_source\w1351_st_jiutandui_001.mesh	OK	42796	850	1064	1	25928	0	1	0	8928	850	1064
mobile_maps_source\w1351_st_kaobeimuyi_001.mesh	OK	24620	508	502	1	15228	0	1	0	5068	508	502
mobile_maps_source\w1351_st_liushudawai_001.mesh	OK	776976	13200	4686	2	590172	0	1	0	326172	13200	3318+1368
mobile_maps_source\w1351_st_liushuzhi_001.mesh	OK	483925	8098	3744	2	363800	197	1	0	201840	8098	3128+616
mobile_maps_source\w1351_st_ludenglong_001.mesh	OK	19092	383	436	1	11596	0	1	0	3936	383	436
mobile_maps_source\w1351_st_ludenglong_002.mesh	OK	14097	266	372	1	8192	197	1	0	2872	266	372
mobile_maps_source\w1351_st_matou_001.mesh	OK	21740	478	292	1	13968	0	1	0	4408	478	292
mobile_maps_source\w1351_st_muquanyizi_001.mesh	OK	21324	462	320	1	13576	0	1	0	4336	462	320
mobile_maps_source\w1351_st_piaodai_002.mesh	OK	3361	48	24	1	2160	197	1	0	1200	48	24
mobile_maps_source\w1351_st_pingfeng_001.mesh	OK	123188	2655	2088	1	78516	0	1	0	25416	2655	2088
mobile_maps_source\w1351_st_pingfengmei_001.mesh	OK	26476	590	324	1	17168	0	1	0	5368	590	324
mobile_maps_source\w1351_st_putuandian_001.mesh	OK	5244	100	120	1	3040	0	1	0	1040	100	120
mobile_maps_source\w1351_st_pzbaishancha_001.mesh	OK	172556	3591	3579	1	107706	0	0	0	64614	3591	3579
mobile_maps_source\w1351_st_pzyingkesong_001.mesh	OK	61540	1262	1347	1	38030	0	0	0	22886	1262	1347
mobile_maps_source\w1351_st_qiang_001.mesh	OK	36241	754	699	3	22510	197	0	0	13462	754	158+390+151
mobile_maps_source\w1351_st_qiang_002.mesh	OK	48993	1019	968	3	30468	197	1	0	10088	1019	388+151+429
mobile_maps_source\w1351_st_qiangchuang_001.mesh	OK	43625	910	842	3	27164	197	1	0	8964	910	330+364+148
mobile_maps_source\w1351_st_qiju_001.mesh	OK	34188	742	528	1	21832	0	1	0	6992	742	528
mobile_maps_source\w1351_st_qingjiu_003.mesh	OK	4308	83	88	1	2500	0	1	0	840	83	88
mobile_maps_source\w1351_st_qingjiu_004.mesh	OK	1884	36	20	1	1048	0	1	0	328	36	20
mobile_maps_source\w1351_st_qingjiu_005.mesh	OK	15556	331	254	1	9776	0	1	0	3156	331	254
mobile_maps_source\w1351_st_qingtongbianzhong_001.mesh	OK	163740	3418	3342	1	102388	0	1	0	34028	3418	3342
mobile_maps_source\w1351_st_shaoji_003.mesh	OK	22244	485	320	1	14220	0	1	0	4520	485	320
mobile_maps_source\w1351_st_shaoji_004.mesh	OK	1444	25	20	1	740	0	1	0	240	25	20
mobile_maps_source\w1351_st_shaoji_005.mesh	OK	11700	239	232	1	7156	0	1	0	2376	239	232
mobile_maps_source\w1351_st_shaoji_006.mesh	OK	33836	718	604	1	21312	0	1	0	6952	718	604
mobile_maps_source\w1351_st_shiqiao_001.mesh	OK	552317	11935	9304	2	352788	197	1	0	114088	11935	8728+576
mobile_maps_source\w1351_st_shiqiaosi_001.mesh	OK	88905	1905	1528	1	56396	197	1	0	18296	1905	1528
mobile_maps_source\w1351_st_shitaijieer_001.mesh	OK	23292	443	661	1	13726	0	0	0	8410	443	661
mobile_maps_source\w1351_st_shitaijieyi_001.mesh	OK	16156	303	469	1	9422	0	0	0	5786	303	469
mobile_maps_source\w1351_st_shitoujishi_001.mesh	OK	28308	539	808	1	16708	0	1	0	5928	539	808
mobile_maps_source\w1351_st_shizhuo_001.mesh	OK	50776	1037	1126	2	31288	0	1	0	10548	1037	328+798
mobile_maps_source\w1351_st_shuzhuo_001.mesh	OK	37284	802	615	1	23686	0	0	0	14062	802	615
mobile_maps_source\w1351_st_suishibian_001.mesh	OK	54908	1120	1228	1	33816	0	1	0	11416	1120	1228
mobile_maps_source\w1351_st_suishidan_001.mesh	OK	10068	199	228	1	6028	0	1	0	2048	199	228
mobile_maps_source\w1351_st_tongqinjia_001.mesh	OK	49468	1076	768	1	31664	0	1	0	10144	1076	768
mobile_maps_source\w1351_st_weiqizhuo_001.mesh	OK	31484	666	570	1	19788	0	1	0	6468	666	570
mobile_maps_source\w1351_st_wumudengzigao_001.mesh	OK	42068	879	828	1	26268	0	1	0	8688	879	828
mobile_maps_source\w1351_st_xianglu_001.mesh	OK	41772	851	931	1	25690	0	0	0	15478	851	931
mobile_maps_source\w1351_st_xiaoqiaoping_001.mesh	OK	14820	311	262	1	9232	0	1	0	3012	311	262
mobile_maps_source\w1351_st_xiaoshitoubian_001.mesh	OK	4393	78	99	1	2382	197	0	0	1446	78	99
mobile_maps_source\w1351_st_youlang_001.mesh	OK	70837	1478	1404	2	44192	197	0	0	44192	0	1165+239
mobile_maps_source\w1351_st_youlang_003.mesh	OK	59693	1263	1086	2	37536	197	1	0	12276	1263	1080+6
mobile_maps_source\w1351_st_youlang_004.mesh	OK	24005	500	440	2	14880	197	1	0	4880	500	438+2
mobile_maps_source\w1351_st_yuanmuzhuo_001.mesh	OK	28300	590	552	1	17624	0	1	0	5824	590	552
mobile_maps_source\w1351_st_yueliangmen_001.mesh	OK	95504	2061	1596	4	60900	0	1	0	19680	2061	516+428+436+216
mobile_maps_source\w1351_st_zhalan_001.mesh	OK	13020	276	212	1	8152	0	1	0	2632	276	212
mobile_maps_source\w1351_st_zhalan_002.mesh	OK	12140	256	202	1	7572	0	1	0	2452	256	202
mobile_maps_source\w1351_st_zhengdamen_001.mesh	OK	428876	9222	7460	9	273136	0	1	0	88696	9222	346+896+3587+56+838+18+200+612+907
mobile_maps_source\w1351_st_zhuzisan_001.mesh	OK	61564	1340	960	1	39440	0	1	0	12640	1340	960
mobile_maps_source\w1351_st_zhuzisi_001.mesh	OK	61993	1331	1034	1	39336	197	1	0	12716	1331	1034
mobile_maps_source\w1351_sx_dzbiankuang3_001.mesh	OK	7692	166	96	1	4840	0	1	0	1520	166	96
mobile_maps_source\w1351_sx_dzbiankuang_001.mesh	OK	8924	192	120	1	5616	0	1	0	1776	192	120
mobile_maps_source\w1351_sx_dzchang_001.mesh	OK	6316	132	94	1	3884	0	1	0	1244	132	94
mobile_maps_source\w1351_sx_dzchang_002.mesh	OK	4188	86	58	1	2524	0	1	0	804	86	58
mobile_maps_source\w1351_sx_dzqiang_001.mesh	OK	2588	52	28	1	1512	0	1	0	472	52	28
mobile_maps_source\w1351_sx_dzqiang_002.mesh	OK	2348	46	28	1	1344	0	1	0	424	46	28
mobile_maps_source\w1351_sx_dzqiang_003.mesh	OK	3820	78	52	1	2288	0	1	0	728	78	52
mobile_maps_source\w1351_sxzc_caojuanxingli_001.mesh	OK	40633	838	829	1	25122	197	0	0	15066	838	829
mobile_maps_source\w1351_sxzc_hongfengjianbianda_001.mesh	OK	117881	1987	765	3	88958	197	1	0	49218	1987	427+132+206
mobile_maps_source\w1351_sxzc_hongfengshu_001.mesh	OK	472981	8034	2824	2	359144	197	1	0	198464	8034	1472+1352
mobile_maps_source\w1351_sxzc_mujia_001.mesh	OK	67785	1438	1223	1	42710	197	0	0	25454	1438	1223
mobile_maps_source\w1351_sxzc_muxiangdui_001.mesh	OK	7873	168	84	1	4872	197	1	0	1512	168	84
mobile_maps_source\w1351_sxzc_shaluoshuer_001.mesh	OK	354597	6036	2012	2	269608	197	1	0	148888	6036	1468+544
mobile_maps_source\w1351_sxzc_shanshi_001.mesh	OK	54541	1101	1252	2	33332	197	1	0	11312	1101	1108+144
mobile_maps_source\w1351_sxzc_shanshiai_001.mesh	OK	62372	1247	1525	3	37966	0	0	0	23002	1247	218+924+383
mobile_maps_source\w1351_sxzc_shanshier_001.mesh	OK	104649	2104	2500	3	63912	197	1	0	21832	2104	869+1341+290
mobile_maps_source\w1351_sz_baoxiangdanzi_001.mesh	OK	62529	1344	1036	1	39704	197	1	0	12824	1344	1036
mobile_maps_source\w1351_sz_caocong_001.mesh	OK	9676	198	184	1	5912	0	1	0	1952	198	184
mobile_maps_source\w1351_sz_caorenjianba_001.mesh	OK	6385	134	68	1	3888	197	1	0	1208	134	68
mobile_maps_source\w1351_sz_cemen_001.mesh	OK	14409	312	180	3	9096	197	1	0	2856	312	168+8+4
mobile_maps_source\w1351_sz_changqingshugao_001.mesh	OK	10669	225	148	2	6596	197	1	0	2096	225	68+80
mobile_maps_source\w1351_sz_changqingshusancha_001.mesh	OK	11557	245	159	2	7178	197	0	0	4238	245	83+76
mobile_maps_source\w1351_sz_cheng_001.mesh	OK	13417	289	172	1	8436	197	1	0	2656	289	172
mobile_maps_source\w1351_sz_chengmengelou_001.mesh	OK	115693	2700	900	4	77400	197	1	0	23400	2700	240+554+28+78
mobile_maps_source\w1351_sz_chengqiang_001.mesh	OK	36609	816	436	1	23720	197	1	0	7400	816	436
mobile_maps_source\w1351_sz_chengqiang_002.mesh	OK	35137	808	292	1	23208	197	1	0	7048	808	292
mobile_maps_source\w1351_sz_chengqianggelou_001.mesh	OK	15649	333	230	3	9784	197	1	0	3124	333	182+24+24
mobile_maps_source\w1351_sz_chengqianggelou_002.mesh	OK	22217	489	272	1	14236	197	1	0	4456	489	272
mobile_maps_source\w1351_sz_chengqiangjiaolouer_001.mesh	OK	60740	1353	792	1	39468	0	1	0	12408	1353	792
mobile_maps_source\w1351_sz_chengqiangshuimen_001.mesh	OK	29380	657	352	1	19100	0	1	0	5960	657	352
mobile_maps_source\w1351_sz_chucangcangku_001.mesh	OK	38237	833	553	4	24430	197	0	0	14434	833	36+25+36+456
mobile_maps_source\w1351_sz_chuizifangtou_001.mesh	OK	4385	88	48	1	2560	197	1	0	800	88	48
mobile_maps_source\w1351_sz_chuizijiantou_001.mesh	OK	5009	102	56	1	2968	197	1	0	928	102	56
mobile_maps_source\w1351_sz_daliushu_001.mesh	OK	37952	642	214	2	28676	0	1	0	15836	642	76+138
mobile_maps_source\w1351_sz_daliushucu_001.mesh	OK	51349	855	361	2	38342	293	1	0	21242	855	133+228
mobile_maps_source\w1351_sz_dashuluanzhi_001.mesh	OK	16085	346	220	2	10128	197	1	0	3208	346	124+96
mobile_maps_source\w1351_sz_dashusancha_001.mesh	OK	11885	254	155	2	7422	197	0	0	4374	254	83+72
mobile_maps_source\w1351_sz_dashuwai_001.mesh	OK	18229	391	263	2	11474	197	0	0	6782	391	171+92
mobile_maps_source\w1351_sz_dengta_01.mesh	OK	6561	136	80	1	3968	197	1	0	1248	136	80
mobile_maps_source\w1351_sz_dibiaolongwen_001.mesh	OK	17657	384	226	3	11204	197	1	0	3524	384	168+8+50
mobile_maps_source\w1351_sz_duanzaoronglu_001.mesh	OK	34924	759	535	1	22322	0	0	0	13214	759	535
mobile_maps_source\w1351_sz_duanzaoronglu_002.mesh	OK	21532	469	311	1	13754	0	0	0	8126	469	311
mobile_maps_source\w1351_sz_duanzaoronglu_003.mesh	OK	6356	131	104	1	3876	0	1	0	1256	131	104
mobile_maps_source\w1351_sz_duanzaoronglu_004.mesh	OK	908	14	8	1	408	0	1	0	128	14	8
mobile_maps_source\w1351_sz_duanzaotai_001.mesh	OK	10108	220	128	1	6416	0	1	0	2016	220	128
mobile_maps_source\w1351_sz_dzbiankuang_002.mesh	OK	1452	26	16	1	760	0	1	0	240	26	16
mobile_maps_source\w1351_sz_dzbiankuang_003.mesh	OK	2428	48	28	1	1400	0	1	0	440	48	28
mobile_maps_source\w1351_sz_dzbiankuang_004.mesh	OK	1692	32	16	1	928	0	1	0	288	32	16
mobile_maps_source\w1351_sz_dzbiankuang_005.mesh	OK	1164	20	10	1	580	0	1	0	180	20	10
mobile_maps_source\w1351_sz_dzchangfangxingkuan_001.mesh	OK	1004	16	10	1	468	0	1	0	148	16	10
mobile_maps_source\w1351_sz_dzchangfangxingkuan_002.mesh	OK	2220	44	22	1	1276	0	1	0	396	44	22
mobile_maps_source\w1351_sz_dzchangfangxingkuan_003.mesh	OK	2220	44	22	1	1276	0	1	0	396	44	22
mobile_maps_source\w1351_sz_dzchangfangxingzai_001.mesh	OK	1324	24	10	1	692	0	1	0	212	24	10
mobile_maps_source\w1351_sz_dzchangfangxingzai_002.mesh	OK	2540	52	22	1	1500	0	1	0	460	52	22
mobile_maps_source\w1351_sz_dzdbfang_001.mesh	OK	2220	44	22	1	1276	0	1	0	396	44	22
mobile_maps_source\w1351_sz_dzdbfang_002.mesh	OK	1004	16	10	1	468	0	1	0	148	16	10
mobile_maps_source\w1351_sz_dzdbfang_003.mesh	OK	1164	20	10	1	580	0	1	0	180	20	10
mobile_maps_source\w1351_sz_dzguangchangdiji_001.mesh	OK	3089	58	36	1	1696	197	1	0	536	58	36
mobile_maps_source\w1351_sz_dzguangchangdiji_002.mesh	OK	2060	40	22	1	1164	0	1	0	364	40	22
mobile_maps_source\w1351_sz_dzguangchangdiji_003.mesh	OK	1164	20	10	1	580	0	1	0	180	20	10
mobile_maps_source\w1351_sz_dzlongwen_001.mesh	OK	1324	24	10	1	692	0	1	0	212	24	10
mobile_maps_source\w1351_sz_dzlongwen_002.mesh	OK	2060	40	22	1	1164	0	1	0	364	40	22
mobile_maps_source\w1351_sz_dzqiang2_001.mesh	OK	2044	40	20	1	1160	0	1	0	360	40	20
mobile_maps_source\w1351_sz_dzqiang2_002.mesh	OK	988	16	8	1	464	0	1	0	144	16	8
mobile_maps_source\w1351_sz_dzqiang2_003.mesh	OK	1164	20	10	1	580	0	1	0	180	20	10
mobile_maps_source\w1351_sz_dzqiangjiao_001.mesh	OK	2428	48	28	1	1400	0	1	0	440	48	28
mobile_maps_source\w1351_sz_dzqiangjiao_002.mesh	OK	1820	34	22	1	996	0	1	0	316	34	22
mobile_maps_source\w1351_sz_dzqiangjiao_003.mesh	OK	1340	24	12	1	696	0	1	0	216	24	12
mobile_maps_source\w1351_sz_dzqiangjiao_004.mesh	OK	1244	22	10	1	636	0	1	0	196	22	10
mobile_maps_source\w1351_sz_dzxiaojieti_002.mesh	OK	1532	28	16	1	816	0	1	0	256	28	16
mobile_maps_source\w1351_sz_dzxiaojieti_003.mesh	OK	1452	26	16	1	760	0	1	0	240	26	16
mobile_maps_source\w1351_sz_fengjingshi_001.mesh	OK	5497	102	117	1	3090	197	0	0	1866	102	117
mobile_maps_source\w1351_sz_fengxiang_001.mesh	OK	4033	80	44	1	2328	197	1	0	728	80	44
mobile_maps_source\w1351_sz_fubiaojv_001.mesh	OK	59253	1300	845	4	38090	197	0	0	22490	1300	150+64+67+564
mobile_maps_source\w1351_sz_fwbanting_001.mesh	OK	22873	494	328	3	14488	197	1	0	4608	494	24+228+76
mobile_maps_source\w1351_sz_fwcunchucang_001.mesh	OK	37993	831	532	5	24332	197	1	0	7712	831	24+24+356+96+32
mobile_maps_source\w1351_sz_fwenkekaochang_001.mesh	OK	52081	1142	738	5	33452	197	1	0	10612	1142	516+58+36+20+108
mobile_maps_source\w1351_sz_fwfuya_001.mesh	OK	83145	1829	1186	5	53584	197	1	0	17004	1829	770+98+32+80+206
mobile_maps_source\w1351_sz_fwlanganzuoyou_001.mesh	OK	39745	866	577	3	25402	197	0	0	15010	866	426+61+90
mobile_maps_source\w1351_sz_fwmensan_001.mesh	OK	57617	1277	756	3	37268	197	1	0	11728	1277	486+26+244
mobile_maps_source\w1351_sz_fwmuzoulang_001.mesh	OK	35280	779	478	4	22768	0	1	0	7188	779	288+12+110+68
mobile_maps_source\w1351_sz_fwqiangtou_001.mesh	OK	15649	333	230	3	9784	197	1	0	3124	333	182+24+24
mobile_maps_source\w1351_sz_fwqianhuoquan_001.mesh	OK	132149	2921	1851	6	85490	197	0	0	50438	2921	8+913+115+246+179+390
mobile_maps_source\w1351_sz_fwqiaolang_001.mesh	OK	17497	372	266	3	10948	197	1	0	3508	372	110+36+120
mobile_maps_source\w1351_sz_fwqingyutang_001.mesh	OK	69149	1525	956	6	44612	197	1	0	14112	1525	528+94+2+36+108+188
mobile_maps_source\w1351_sz_fwshuangcenghongtan_001.mesh	OK	54593	1199	767	5	35106	197	0	0	20718	1199	516+57+36+40+118
mobile_maps_source\w1351_sz_fwshuishangcaiqi_001.mesh	OK	27464	599	401	4	17574	0	0	0	10386	599	289+28+24+60
mobile_maps_source\w1351_sz_fwtingzigelou_001.mesh	OK	105677	2357	1362	6	68720	197	1	0	21580	2357	62+716+64+134+44+342
mobile_maps_source\w1351_sz_fwtingzijian_001.mesh	OK	18153	391	253	3	11454	197	0	0	6762	391	165+16+72
mobile_maps_source\w1351_sz_fwtingzishuang_001.mesh	OK	42393	922	628	3	27072	197	1	0	8632	922	452+48+128
mobile_maps_source\w1351_sz_fwtingzisijiaoshuangceng_001.mesh	OK	45337	992	646	3	29068	197	1	0	9228	992	378+72+196
mobile_maps_source\w1351_sz_fwxiaoloudaimen_001.mesh	OK	39765	875	534	4	25568	197	1	0	8068	875	394+36+60+44
mobile_maps_source\w1351_sz_fwxiaoloudaimen_002.mesh	OK	31669	695	422	4	20304	197	1	0	6404	695	314+28+36+44
mobile_maps_source\w1351_sz_fwxiaolouercengwa_001.mesh	OK	42672	943	582	4	27568	0	1	0	8708	943	386+28+126+42
mobile_maps_source\w1351_sz_fwxiaolouercengwa_002.mesh	OK	32240	711	438	4	20784	0	1	0	6564	711	310+20+66+42
mobile_maps_source\w1351_sz_fwxiaolouquanmen_001.mesh	OK	29805	654	394	4	19100	197	1	0	6020	654	54+250+62+28
mobile_maps_source\w1351_sz_fwxiaolouquanmen_002.mesh	OK	21512	474	282	4	13836	0	1	0	4356	474	30+170+62+20
mobile_maps_source\w1351_sz_fwxiaomenyi_001.mesh	OK	16457	356	216	3	10400	197	1	0	3280	356	8+188+20
mobile_maps_source\w1351_sz_fwxiaowamen_001.mesh	OK	15913	344	208	3	10048	197	1	0	3168	344	8+168+32
mobile_maps_source\w1351_sz_fwxiaowu_001.mesh	OK	30429	662	432	4	19400	197	1	0	6160	662	52+294+26+60
mobile_maps_source\w1351_sz_fwxitai_001.mesh	OK	52473	1155	722	5	33784	197	1	0	10684	1155	476+44+20+46+136
mobile_maps_source\w1351_sz_fwyoulangmuqiao_001.mesh	OK	5365	109	64	4	3180	197	1	0	1000	109	8+14+10+32
mobile_maps_source\w1351_sz_gangling_001.mesh	OK	6341	128	92	2	3768	197	1	0	1208	128	64+28
mobile_maps_source\w1351_sz_guanmubaihua_001.mesh	OK	2369	40	36	1	1192	197	1	0	392	40	36
mobile_maps_source\w1351_sz_guanshangshixiao_001.mesh	OK	5865	114	103	1	3398	197	0	0	2030	114	103
mobile_maps_source\w1351_sz_gushu_001.mesh	OK	1361	20	10	1	580	197	1	0	180	20	10
mobile_maps_source\w1351_sz_hongxincao_001.mesh	OK	2369	40	36	1	1192	197	1	0	392	40	36
mobile_maps_source\w1351_sz_jiaziranbu_001.mesh	OK	37349	864	288	2	24768	197	1	0	7488	864	204+84
mobile_maps_source\w1351_sz_kuoyecong_001.mesh	OK	1969	32	26	1	948	197	1	0	308	32	26
mobile_maps_source\w1351_sz_leitai_001.mesh	OK	23717	515	327	6	15074	197	0	0	8894	515	152+16+20+56+53+30
mobile_maps_source\w1351_sz_luobojia_001.mesh	OK	12145	258	168	1	7560	197	1	0	2400	258	168
mobile_maps_source\w1351_sz_luwei_001.mesh	OK	3164	48	24	1	2160	0	1	0	1200	48	24
mobile_maps_source\w1351_sz_maocaopengmofang_001.mesh	OK	11373	243	146	2	7096	197	1	0	2236	243	14+132
mobile_maps_source\w1351_sz_mucaisan_001.mesh	OK	6457	123	132	1	3708	197	1	0	1248	123	132
mobile_maps_source\w1351_sz_mucaitixing_001.mesh	OK	2129	36	26	1	1060	197	1	0	340	36	26
mobile_maps_source\w1351_sz_murenzhuang_001.mesh	OK	5401	103	100	1	3084	197	1	0	1024	103	100
mobile_maps_source\w1351_sz_muzhuanglianwu_001.mesh	OK	2641	46	40	1	1368	197	1	0	448	46	40
mobile_maps_source\w1351_sz_padiguanmu_001.mesh	OK	2369	40	36	1	1192	197	1	0	392	40	36
mobile_maps_source\w1351_sz_paifanggongbu_001.mesh	OK	64905	1442	842	3	42060	197	1	0	13220	1442	490+32+320
mobile_maps_source\w1351_sz_paifangxiao_01.mesh	OK	12801	274	170	1	8012	197	1	0	2532	274	170
mobile_maps_source\w1351_sz_paifangxihu_001.mesh	OK	31433	693	404	1	20212	197	1	0	6352	693	404
mobile_maps_source\w1351_sz_pomuqiao_001.mesh	OK	29633	652	384	1	19024	197	1	0	5984	652	384
mobile_maps_source\w1351_sz_poshuigang_001.mesh	OK	5097	99	82	1	2936	197	1	0	956	99	82
mobile_maps_source\w1351_sz_qianliuhua_001.mesh	OK	1793	28	24	1	832	197	1	0	272	28	24
mobile_maps_source\w1351_sz_qiganshuang_001.mesh	OK	5321	109	60	1	3172	197	1	0	992	109	60
mobile_maps_source\w1351_sz_qizhongtaihualun_001.mesh	OK	43921	969	584	3	28300	197	1	0	8920	969	408+8+168
mobile_maps_source\w1351_sz_qizibiaojv_001.mesh	OK	18416	309	103	2	13802	0	1	0	7622	309	65+38
mobile_maps_source\w1351_sz_qizijiangnanyuefu_001.mesh	OK	9564	155	75	1	6970	0	1	0	3870	155	75
mobile_maps_source\w1351_sz_qizijiuzhoushanghui_001.mesh	OK	5677	117	64	2	3404	197	1	0	1064	117	60+4
mobile_maps_source\w1351_sz_sanshengshi_001.mesh	OK	14697	288	337	1	8738	197	0	0	5282	288	337
mobile_maps_source\w1351_sz_sclajiaochuan_001.mesh	OK	2140	31	15	1	1394	0	1	0	774	31	15
mobile_maps_source\w1351_sz_scyumichuan_001.mesh	OK	2033	34	24	1	1000	197	1	0	320	34	24
mobile_maps_source\w1351_sz_shenghuotan_001.mesh	OK	23537	498	392	1	14728	197	1	0	4768	498	392
mobile_maps_source\w1351_sz_shibeicj_001.mesh	OK	2798	57	39	1	1596	0	1	0	456	57	39
mobile_maps_source\w1351_sz_shibeipojiu001.mesh	OK	3489	68	36	1	1976	197	1	0	616	68	36
mobile_maps_source\w1351_sz_shiqiaodayuan_001.mesh	OK	104901	2360	1252	2	68584	197	1	0	21384	2360	420+832
mobile_maps_source\w1351_sz_shiqiaoyuan_001.mesh	OK	51553	1148	644	1	33432	197	1	0	10472	1148	644
mobile_maps_source\w1351_sz_shishizihonghua_001.mesh	OK	11529	227	246	1	6848	197	1	0	2308	227	246
mobile_maps_source\w1351_sz_shisuo_001.mesh	OK	3121	60	30	1	1740	197	1	0	540	60	30
mobile_maps_source\w1351_sz_shizhuodiaohua_001.mesh	OK	4177	82	52	1	2400	197	1	0	760	82	52
mobile_maps_source\w1351_sz_shuhongyeer_001.mesh	OK	7397	157	79	2	4554	197	0	0	2670	157	47+32
mobile_maps_source\w1351_sz_shuitongdanzicj_001.mesh	OK	10212	225	116	1	6532	0	1	0	2032	225	116
mobile_maps_source\w1351_sz_shuzhuang_001.mesh	OK	5069	103	58	2	3000	197	1	0	940	103	42+16
mobile_maps_source\w1351_sz_suoyidouli_001.mesh	OK	2361	42	25	1	1226	197	0	0	722	42	25
mobile_maps_source\w1351_sz_taijieda_001.mesh	OK	6904	143	112	2	4228	0	1	0	1368	143	32+80
mobile_maps_source\w1351_sz_taijieduan_001.mesh	OK	2804	55	40	1	1620	0	1	0	520	55	40
mobile_maps_source\w1351_sz_taijiemu_001.mesh	OK	913	10	4	1	288	197	1	0	88	10	4
mobile_maps_source\w1351_sz_taijieshi_001.mesh	OK	2225	38	28	1	1120	197	1	0	360	38	28
mobile_maps_source\w1351_sz_tiejiangyancong_001.mesh	OK	10357	224	114	2	6500	197	1	0	2020	224	24+90
mobile_maps_source\w1351_sz_tingzilianti_001.mesh	OK	32489	708	460	3	20744	197	1	0	6584	708	310+124+26
mobile_maps_source\w1351_sz_tingziliujiao_001.mesh	OK	53297	1157	816	3	34028	197	1	0	10888	1157	24+460+332
mobile_maps_source\w1351_sz_weilandaxiaoshuang_001.mesh	OK	5569	114	66	1	3324	197	1	0	1044	114	66
mobile_maps_source\w1351_sz_weilandaxiaoshuang_002.mesh	OK	2529	46	26	1	1340	197	1	0	420	46	26
mobile_maps_source\w1351_sz_weilanshizhuang_001.mesh	OK	2529	46	26	1	1340	197	1	0	420	46	26
mobile_maps_source\w1351_sz_weilanshizhuang_002.mesh	OK	1361	20	10	1	580	197	1	0	180	20	10
mobile_maps_source\w1351_sz_weilanshizhuang_003.mesh	OK	6428	138	78	1	4020	0	1	0	1260	138	78
mobile_maps_source\w1351_sz_weilanshizhuang_004.mesh	OK	10524	230	130	1	6700	0	1	0	2100	230	130
mobile_maps_source\w1351_sz_weilanshu_001.mesh	OK	2593	48	24	1	1392	197	1	0	432	48	24
mobile_maps_source\w1351_sz_xiaoqiaoshizitou_001.mesh	OK	39533	873	516	2	25476	197	1	0	8016	873	408+108
mobile_maps_source\w1351_sz_xiaoqiaoyidong_001.mesh	OK	45313	988	664	1	28992	197	1	0	9232	988	664
mobile_maps_source\w1351_sz_xiaoshucong_001.mesh	OK	34517	757	469	2	22134	197	0	0	13050	757	269+200
mobile_maps_source\w1351_sz_xiaoshuconger_001.mesh	OK	17933	390	231	2	11382	197	0	0	6702	390	127+104
mobile_maps_source\w1351_sz_xiaoshumiao_001.mesh	OK	21116	354	126	1	15828	0	1	0	8748	354	126
mobile_maps_source\w1351_sz_xiaoyuanweiqiang_001.mesh	OK	6073	120	98	3	3556	197	1	0	1156	120	16+12+70
mobile_maps_source\w1351_sz_xiaoyuanweiqiang_002.mesh	OK	4369	87	50	3	2536	197	1	0	796	87	6+12+32
mobile_maps_source\w1351_sz_xiaoyuanzhiqiang_001.mesh	OK	4281	86	44	3	2496	197	1	0	776	86	6+8+30
mobile_maps_source\w1351_sz_xiaoyuanzhiqiang_002.mesh	OK	2681	50	24	3	1448	197	1	0	448	50	2+8+14
mobile_maps_source\w1351_sz_yaonianzichuan_001.mesh	OK	9705	189	208	1	5708	197	1	0	1928	189	208
mobile_maps_source\w1351_sz_youlang_001.mesh	OK	15921	339	234	3	9960	197	1	0	3180	339	110+36+88
mobile_maps_source\w1351_sz_youlanghuati_001.mesh	OK	38917	849	558	4	24888	197	1	0	7908	849	38+296+48+176
mobile_maps_source\w1351_sz_yueqibianzhong_01z.mesh	OK	38889	849	556	1	24884	197	1	0	7904	849	556
mobile_maps_source\w1351_sz_yueqiguzheng_001.mesh	OK	2817	52	32	1	1520	197	1	0	480	52	32
mobile_maps_source\w1351_sz_yuzhou_001.mesh	OK	23417	501	362	1	14752	197	1	0	4732	501	362
mobile_maps_source\w1351_sz_zhalanliba_001.mesh	OK	4092	82	66	1	2428	0	1	0	788	82	66
mobile_maps_source\w1351_sz_zhalanliba_002.mesh	OK	1388	24	18	1	708	0	1	0	228	24	18
mobile_maps_source\w1351_sz_zhalanliba_003.mesh	OK	11708	246	198	1	7284	0	1	0	2364	246	198
mobile_maps_source\w1351_sz_zhalanliba_004.mesh	OK	19324	410	330	1	12140	0	1	0	3940	410	330
mobile_maps_source\w1351_sz_zhalanlibajiao_001.mesh	OK	7900	164	132	1	4856	0	1	0	1576	164	132
mobile_maps_source\w1351_sz_zhaomugaozhipai_001.mesh	OK	16857	366	216	3	10680	197	1	0	3360	366	40+168+8
mobile_maps_source\w1351_sz_zhuangyuanbangcj_001.mesh	OK	18996	428	264	3	11984	0	1	0	3424	428	88+168+8
mobile_maps_source\w1351_sz_zhuozikaochang_001.mesh	OK	13137	283	167	1	8258	197	0	0	4862	283	167
mobile_maps_source\w1351_sz_zhuziwanzhe_001.mesh	OK	29180	486	210	1	21804	0	1	0	12084	486	210
mobile_maps_source\w1351_th_caorenbiaoba_001.mesh	OK	12708	275	178	1	8056	0	1	0	2556	275	178
mobile_maps_source\w1351_th_chuancaoren_001.mesh	OK	134064	2964	1901	4	86794	0	0	0	51226	2964	890+957+18+36
mobile_maps_source\w1351_th_chuanduo_001.mesh	OK	5628	120	68	1	3496	0	1	0	1096	120	68
mobile_maps_source\w1351_th_chuanguidao_001.mesh	OK	20064	448	232	2	13008	0	1	0	4048	448	136+96
mobile_maps_source\w1351_th_chuanjiang_001.mesh	OK	9724	214	110	1	6212	0	1	0	1932	214	110
mobile_maps_source\w1351_th_chuanlonggu_001.mesh	OK	165788	3760	1888	1	109056	0	1	0	33856	3760	1888
mobile_maps_source\w1351_th_chuanlunpan_001.mesh	OK	27052	598	356	1	17456	0	1	0	5496	598	356
mobile_maps_source\w1351_th_chuantiemao_001.mesh	OK	21108	463	288	1	13540	0	1	0	4280	463	288
mobile_maps_source\w1351_th_denglongqigan_001.mesh	OK	6296	138	82	1	3864	0	1	0	1104	138	82
mobile_maps_source\w1351_th_fanchuan_001.mesh	OK	80668	1780	1147	3	52134	0	0	0	30774	1780	168+128+851
mobile_maps_source\w1351_th_fwjiudianchanglang_001.mesh	OK	65376	1469	791	2	42714	0	0	0	25086	1469	755+36
mobile_maps_source\w1351_th_jianlou_001.mesh	OK	62836	1401	814	1	40856	0	1	0	12836	1401	814
mobile_maps_source\w1351_th_jianlouai_001.mesh	OK	40632	899	548	2	26268	0	1	0	8288	899	528+20
mobile_maps_source\w1351_th_jianloudenglong_001.mesh	OK	68400	1137	555	2	51138	0	1	0	28398	1137	531+24
mobile_maps_source\w1351_th_jiantaqiaolang_001.mesh	OK	82784	1870	962	2	54284	0	1	0	16884	1870	942+20
mobile_maps_source\w1351_th_matousuanzi_001.mesh	OK	8996	196	108	3	5704	0	1	0	1784	196	20+20+68
mobile_maps_source\w1351_th_matoutaban_001.mesh	OK	5840	124	74	2	3620	0	1	0	1140	124	22+52
mobile_maps_source\w1351_th_matouyuanmupingjie_001.mesh	OK	3429	66	38	2	1924	197	1	0	604	66	18+20
mobile_maps_source\w1351_th_sanchaji_001.mesh	OK	3076	61	44	1	1796	0	1	0	576	61	44
mobile_maps_source\w1351_th_sanchajia_001.mesh	OK	8940	190	132	1	5584	0	1	0	1784	190	132
mobile_maps_source\w1351_th_shuishibaihuqi_001.mesh	OK	18144	298	146	2	13404	0	1	0	7444	298	86+60
mobile_maps_source\w1351_th_shuishidamen_001.mesh	OK	49196	1102	604	1	32064	0	1	0	10024	1102	604
mobile_maps_source\w1351_th_shuishidenglong_001.mesh	OK	23516	388	188	1	17448	0	1	0	9688	388	188
mobile_maps_source\w1351_th_shuishilongqi_001.mesh	OK	18288	300	150	2	13500	0	1	0	7500	300	76+74
mobile_maps_source\w1351_th_shuishimuzhan_001.mesh	OK	14197	310	164	2	9008	197	1	0	2808	310	112+52
mobile_maps_source\w1351_th_shuishimuzhanhulan_001.mesh	OK	38933	872	446	2	25308	197	1	0	7868	872	22+424
mobile_maps_source\w1351_th_shuishishuaiqi_001.mesh	OK	14452	236	118	3	10620	0	1	0	5900	236	16+78+24
mobile_maps_source\w1351_th_shuishishuiqi_001.mesh	OK	13008	212	106	2	9540	0	1	0	5300	212	24+82
mobile_maps_source\w1351_th_shuishiyuchuan_001.mesh	OK	50596	1107	752	5	32500	0	1	0	10360	1107	537+24+132+32+27
mobile_maps_source\w1351_th_shuishizhanchuan_001.mesh	OK	151672	3327	2287	4	97730	0	0	0	57806	3327	2025+27+80+155
mobile_maps_source\w1351_th_zhalan_001.mesh	OK	12284	264	180	1	7752	0	1	0	2472	264	180
mobile_maps_source\w1351_th_zhalan_002.mesh	OK	12284	264	180	1	7752	0	1	0	2472	264	180
mobile_maps_source\w1351_th_zhalan_003.mesh	OK	36284	792	540	1	23256	0	1	0	7416	792	540
mobile_maps_source\w1351_th_zhalan_004.mesh	OK	60284	1320	900	1	38760	0	1	0	12360	1320	900
mobile_maps_source\w1351_th_zhalanguaijiao_001.mesh	OK	15500	330	252	1	9744	0	1	0	3144	330	252
mobile_maps_source\w1351_th_zhalanguaijiao_002.mesh	OK	15500	330	252	1	9744	0	1	0	3144	330	252
mobile_maps_source\w1351_th_zhalantaijie_001.mesh	OK	49036	1056	814	1	31196	0	1	0	10076	1056	814
mobile_maps_source\w1351_th_zhalantou_001.mesh	OK	16052	348	231	1	10206	0	0	0	6030	348	231
mobile_maps_source\w1351_th_zhalantou_002.mesh	OK	16052	348	231	1	10206	0	0	0	6030	348	231
mobile_maps_source\w1351_th_zhalantzijiao_001.mesh	OK	21516	458	364	1	13552	0	1	0	4392	458	364
mobile_maps_source\w1351_th_zhangpengchang_001.mesh	OK	35952	798	468	2	23280	0	1	0	7320	798	304+164
mobile_maps_source\w1351_th_zhangpenglvlian_001.mesh	OK	5608	117	80	2	3436	0	1	0	1096	117	60+20
mobile_maps_source\w1351_th_zhangpengshengsuo_001.mesh	OK	29904	664	382	2	19356	0	1	0	6076	664	138+244
mobile_maps_source\w1351_thy_pangengdashu_001.mesh	OK	123989	2759	1643	2	80538	197	0	0	47430	2759	856+787
mobile_maps_source\w1351_tksd_shirenhua_001.mesh	OK	66164	1427	1100	1	42156	0	1	0	13616	1427	1100
mobile_maps_source\w1351_tksd_shirenhuabao_001.mesh	OK	66396	1428	1124	1	42232	0	1	0	13672	1428	1124
mobile_maps_source\w1351_tls_daolu_001.mesh	OK	6085	124	80	2	3632	197	1	0	1152	124	48+32
mobile_maps_source\w1351_tls_dzchangdiaohua_001.mesh	OK	9084	200	100	1	5800	0	1	0	1800	200	100
mobile_maps_source\w1351_tls_dzchangdiaohua_002.mesh	OK	2748	56	28	1	1624	0	1	0	504	56	28
mobile_maps_source\w1351_tls_dzchangdiaohua_003.mesh	OK	6972	152	76	1	4408	0	1	0	1368	152	76
mobile_maps_source\w1351_tls_dzchangfangkuai_001.mesh	OK	1164	20	10	1	580	0	1	0	180	20	10
mobile_maps_source\w1351_tls_dzchangfangkuai_002.mesh	OK	2428	48	28	1	1400	0	1	0	440	48	28
mobile_maps_source\w1351_tls_dzhuabian_001.mesh	OK	1244	22	10	1	636	0	1	0	196	22	10
mobile_maps_source\w1351_tls_dzhuabian_002.mesh	OK	1532	28	16	1	816	0	1	0	256	28	16
mobile_maps_source\w1351_tls_fangyanling_001.mesh	OK	892	12	4	1	440	0	1	0	200	12	4
mobile_maps_source\w1351_tls_feilong_001.mesh	OK	69964	1463	1395	1	43754	0	0	0	26198	1463	1395
mobile_maps_source\w1351_tls_fosiyuanquang_001.mesh	OK	7225	148	102	3	4348	197	1	0	1388	148	16+80+6
mobile_maps_source\w1351_tls_fosiyuanquang_002.mesh	OK	5369	107	75	3	3146	197	0	0	1862	107	12+58+5
mobile_maps_source\w1351_tls_fosiyuanquang_003.mesh	OK	4489	89	55	3	2602	197	0	0	1534	89	8+44+3
mobile_maps_source\w1351_tls_foziqiangtou_001.mesh	OK	23628	513	352	3	15068	0	1	0	4808	513	296+26+30
mobile_maps_source\w1351_tls_fwgongxingpeng_001.mesh	OK	56076	1245	747	5	36354	0	0	0	21414	1245	8+46+611+38+44
mobile_maps_source\w1351_tls_fwmajiu_001.mesh	OK	20084	438	284	3	12832	0	1	0	4072	438	96+104+84
mobile_maps_source\w1351_tls_fwsanta_001.mesh	OK	110964	2409	1790	1	71032	0	1	0	22852	2409	1790
mobile_maps_source\w1351_tls_fwshuangshuyuan_001.mesh	OK	249224	5379	4221	4	159054	0	0	0	94506	5379	3970+6+129+116
mobile_maps_source\w1351_tls_fwsijiaodiaohua_001.mesh	OK	147252	3184	2450	3	94052	0	1	0	30372	3184	2248+140+62
mobile_maps_source\w1351_tls_fwtianlongsi_001.mesh	OK	28904	634	406	4	18564	0	1	0	5884	634	4+168+30+204
mobile_maps_source\w1351_tls_fwxiaoju_001.mesh	OK	28356	625	382	5	18264	0	1	0	5764	625	278+24+26+30+24
mobile_maps_source\w1351_tls_fwxiaotingzi_001.mesh	OK	46276	1018	645	4	29794	100	0	0	17578	1018	392+32+16+205
mobile_maps_source\w1351_tls_hongmuqiao_001.mesh	OK	63852	1434	776	1	41704	0	1	0	13024	1434	776
mobile_maps_source\w1351_tls_huatan_001.mesh	OK	3244	66	40	1	1928	0	1	0	608	66	40
mobile_maps_source\w1351_tls_huatan_002.mesh	OK	2428	48	28	1	1400	0	1	0	440	48	28
mobile_maps_source\w1351_tls_huatan_003.mesh	OK	9164	198	120	1	5784	0	1	0	1824	198	120
mobile_maps_source\w1351_tls_huatan_004.mesh	OK	15084	330	200	1	9640	0	1	0	3040	330	200
mobile_maps_source\w1351_tls_jingluotongren_001.mesh	OK	23860	484	515	1	14582	96	0	0	8774	484	515
mobile_maps_source\w1351_tls_shaozhou_001.mesh	OK	4572	97	51	1	2818	0	0	0	1654	97	51
mobile_maps_source\w1351_tls_shuichao_001.mesh	OK	1452	26	16	1	760	0	1	0	240	26	16
mobile_maps_source\w1351_tls_shuitongdanzi_001.mesh	OK	9820	216	112	1	6272	0	1	0	1952	216	112
mobile_maps_source\w1351_tls_shuteng_001.mesh	OK	15708	258	122	1	11596	0	1	0	6436	258	122
mobile_maps_source\w1351_tls_taijiediaohua_001.mesh	OK	20924	456	300	1	13368	0	1	0	4248	456	300
mobile_maps_source\w1351_tls_taijieduan_001.mesh	OK	22680	497	314	2	14544	0	1	0	4604	497	214+100
mobile_maps_source\w1351_tls_taijiezai_001.mesh	OK	26240	574	374	2	16820	0	1	0	5340	574	266+108
mobile_maps_source\w1351_tls_tiezhong_001.mesh	OK	6460	134	102	1	3956	0	1	0	1276	134	102
mobile_maps_source\w1351_tls_weilan_001.mesh	OK	4492	92	66	1	2708	0	1	0	868	92	66
mobile_maps_source\w1351_tls_weilan_002.mesh	OK	2044	40	20	1	1160	0	1	0	360	40	20
mobile_maps_source\w1351_tls_wutoudiaohua_001.mesh	OK	2512	50	28	2	1456	0	1	0	456	50	8+20
mobile_maps_source\w1351_tls_yuanmen_001.mesh	OK	30949	673	442	4	19728	197	1	0	6268	673	24+48+328+42
mobile_maps_source\w1351_tls_zhengmenpaifang_001.mesh	OK	102484	2226	1644	3	65616	0	1	0	21096	2226	1312+52+280
mobile_maps_source\w1351_tls_zhupa_001.mesh	OK	1404	25	15	1	730	0	0	0	430	25	15
mobile_maps_source\w1351_ts_chengmen_001.mesh	OK	79984	1752	1201	4	51458	0	0	0	30434	1752	360+689+60+92
mobile_maps_source\w1351_ts_dengzhu_001.mesh	OK	3724	78	40	1	2264	0	1	0	704	78	40
mobile_maps_source\w1351_ts_diaoqiao_001.mesh	OK	21344	459	337	2	13526	0	0	0	8018	459	289+48
mobile_maps_source\w1351_ts_diaoqiao_003.mesh	OK	6568	133	120	2	3964	0	1	0	1304	133	72+48
mobile_maps_source\w1351_ts_fwshiwuminju_001.mesh	OK	57928	1276	823	6	37374	0	0	0	22062	1276	4+84+326+286+40+83
mobile_maps_source\w1351_ts_fwshiwutizi_001.mesh	OK	87908	1932	1290	7	56676	0	1	0	18036	1932	20+10+36+432+479+40+273
mobile_maps_source\w1351_ts_fwshuicheng_001.mesh	OK	64260	1421	890	5	41568	0	1	0	13148	1421	224+136+84+110+336
mobile_maps_source\w1351_ts_fwzhucheng_001.mesh	OK	93216	2038	1423	8	59910	0	0	0	35454	2038	240+4+268+342+87+96+344+42
mobile_maps_source\w1351_ts_liaowangtai_001.mesh	OK	43292	957	589	5	27974	0	0	0	16490	957	43+323+184+37+2
mobile_maps_source\w1351_ts_niaochao_001.mesh	OK	11500	230	252	1	6944	0	1	0	2344	230	252
mobile_maps_source\w1351_ts_qiang_001.mesh	OK	2129	38	16	1	1096	197	1	0	336	38	16
mobile_maps_source\w1351_ts_qiang_003.mesh	OK	1809	30	16	1	872	197	1	0	272	30	16
mobile_maps_source\w1351_ts_qiangbancan_001.mesh	OK	11616	254	146	2	7404	0	1	0	2324	254	126+20
mobile_maps_source\w1351_ts_qiangcanpo_001.mesh	OK	13048	287	160	2	8356	0	1	0	2616	287	144+16
mobile_maps_source\w1351_ts_qiangjiao_001.mesh	OK	2281	41	20	1	1188	197	1	0	368	41	20
mobile_maps_source\w1351_ts_qiangjiao_002.mesh	OK	2201	39	20	1	1132	197	1	0	352	39	20
mobile_maps_source\w1351_ts_qiangjiaoer_001.mesh	OK	2084	41	20	1	1188	0	1	0	368	41	20
mobile_maps_source\w1351_ts_qiangmian_001.mesh	OK	2465	44	28	1	1288	197	1	0	408	44	28
mobile_maps_source\w1351_ts_qiangmian_002.mesh	OK	2929	54	36	1	1584	197	1	0	504	54	36
mobile_maps_source\w1351_ts_qiangmian_003.mesh	OK	1649	26	16	1	760	197	1	0	240	26	16
mobile_maps_source\w1351_ts_qiangtou_001.mesh	OK	10028	219	122	3	6376	0	1	0	1996	219	96+12+14
mobile_maps_source\w1351_ts_qizitianshan_001.mesh	OK	16824	363	252	2	10668	0	1	0	3408	363	150+102
mobile_maps_source\w1351_ts_shadui_001.mesh	OK	1324	22	20	1	656	0	1	0	216	22	20
mobile_maps_source\w1351_ts_shengmvxiang_001.mesh	OK	58301	1180	1326	4	35692	197	1	0	12092	1180	892+386+32+16
mobile_maps_source\w1351_ts_shishuigang_001.mesh	OK	3276	68	34	1	1972	0	1	0	612	68	34
mobile_maps_source\w1351_ts_shoutou_001.mesh	OK	3452	68	56	1	2016	0	1	0	656	68	56
mobile_maps_source\w1351_ts_shuizhu_001.mesh	OK	3084	62	40	1	1816	0	1	0	576	62	40
mobile_maps_source\w1351_ts_shuizhugao_001.mesh	OK	3788	78	48	1	2280	0	1	0	720	78	48
mobile_maps_source\w1351_ts_suishi_001.mesh	OK	9436	208	104	1	6032	0	1	0	1872	208	104
mobile_maps_source\w1351_ts_tianshanpaishimen_001.mesh	OK	38256	833	581	2	24486	0	0	0	14490	833	348+233
mobile_maps_source\w1351_ts_tujiudiaoxiang_001.mesh	OK	18536	383	366	2	11456	0	1	0	3796	383	348+18
mobile_maps_source\w1351_ts_xiaomen_001.mesh	OK	17116	373	238	3	10920	0	1	0	3460	373	24+96+118
mobile_maps_source\w1351_ts_zhongxin_001.mesh	OK	37168	796	630	2	23548	0	1	0	7628	796	534+96
mobile_maps_source\w1351_wd_dzqianzhuan_003.mesh	OK	4540	96	52	1	2792	0	1	0	872	96	52
mobile_maps_source\w1351_wd_fwjindian_001.mesh	OK	69176	1521	1004	6	44596	0	1	0	14176	1521	640+48+168+10+92+46
mobile_maps_source\w1351_wd_fwnanyanyidian_001.mesh	OK	43752	968	592	4	28288	0	1	0	8928	968	30+196+122+244
mobile_maps_source\w1351_wd_fwsanqingdian_001.mesh	OK	20032	436	286	6	12780	0	1	0	4060	436	32+170+10+48+22+4
mobile_maps_source\w1351_wd_fwzixiaodian_001.mesh	OK	64320	1430	852	6	41744	0	1	0	13144	1430	324+24+20+368+68+48
mobile_maps_source\w1351_wd_fwzixiaodiancedian_001.mesh	OK	38484	845	548	5	24756	0	1	0	7856	845	332+16+104+48+48
mobile_maps_source\w1351_wd_heibaiqishizhuo_001.mesh	OK	10776	233	146	2	6816	0	1	0	2156	233	134+12
mobile_maps_source\w1351_wd_jianheqiao_001.mesh	OK	87508	1853	1638	1	55160	0	1	0	18100	1853	1638
mobile_maps_source\w1351_wd_laojuntan_001.mesh	OK	39992	890	512	4	25944	0	1	0	8144	890	2+128+12+370
mobile_maps_source\w1351_wd_qiangmianxiaomen_001.mesh	OK	11556	246	178	3	7244	0	1	0	2324	246	130+40+8
mobile_maps_source\w1351_wd_taijiediaohua_001.mesh	OK	11413	242	156	2	7088	197	1	0	2248	242	108+48
mobile_maps_source\w1351_wd_taijierushan_002.mesh	OK	6140	132	72	1	3840	0	1	0	1200	132	72
mobile_maps_source\w1351_wd_taijierushana_001.mesh	OK	3612	76	36	1	2200	0	1	0	680	76	36
mobile_maps_source\w1351_wd_taijierushana_002.mesh	OK	7740	168	92	1	4888	0	1	0	1528	168	92
mobile_maps_source\w1351_wd_taijierushana_003.mesh	OK	12764	280	160	1	8160	0	1	0	2560	280	160
mobile_maps_source\w1351_wd_taijiqizi_001.mesh	OK	18864	309	159	2	13914	0	1	0	7734	309	2+157
mobile_maps_source\w1351_wd_tingzi_001.mesh	OK	58860	1298	830	5	38004	0	1	0	12044	1298	302+100+178+194+56
mobile_maps_source\w1351_wd_weilan_001.mesh	OK	1692	32	16	1	928	0	1	0	288	32	16
mobile_maps_source\w1351_wd_weilan_002.mesh	OK	1164	20	10	1	580	0	1	0	180	20	10
mobile_maps_source\w1351_wd_weilan_003.mesh	OK	4508	96	48	1	2784	0	1	0	864	96	48
mobile_maps_source\w1351_wd_weiqiangjiao_001.mesh	OK	7588	162	102	3	4740	0	1	0	1500	162	10+32+60
mobile_maps_source\w1351_wd_weiqiangpomian_001.mesh	OK	6812	145	90	3	4240	0	1	0	1340	145	58+8+24
mobile_maps_source\w1351_wd_weiqiangtou_001.mesh	OK	11060	242	136	3	7048	0	1	0	2208	242	34+94+8
mobile_maps_source\w1351_wd_weiqiangtoupomian_001.mesh	OK	14260	316	166	3	9180	0	1	0	2860	316	8+118+40
mobile_maps_source\w1351_wd_weiqiangwei_001.mesh	OK	6228	130	92	3	3824	0	1	0	1224	130	9+24+59
mobile_maps_source\w1351_wd_wudangshibei_001.mesh	OK	6300	134	82	1	3916	0	1	0	1236	134	82
mobile_maps_source\w1351_wd_xianhetongdiao_001.mesh	OK	17716	354	409	1	10730	0	0	0	6482	354	409
mobile_maps_source\w1351_wd_xuanyuemen_001.mesh	OK	71672	1577	1038	2	46232	0	1	0	14692	1577	997+41
mobile_maps_source\w1351_wfzd_canjian_001.mesh	OK	7716	162	119	1	4774	0	0	0	2830	162	119
mobile_maps_source\w1351_wfzd_canluokuang_001.mesh	OK	3972	81	56	1	2380	0	1	0	760	81	56
mobile_maps_source\w1351_wfzd_fwhuilang_001.mesh	OK	12968	281	168	2	8204	96	1	0	2584	281	144+24
mobile_maps_source\w1351_wfzd_fwhuilangjiao_001.mesh	OK	14448	316	190	2	9228	0	1	0	2908	316	32+158
mobile_maps_source\w1351_wfzd_fwhuilangtou_001.mesh	OK	24952	553	306	2	16096	96	1	0	5036	553	26+280
mobile_maps_source\w1351_wfzd_laranbujia_001.mesh	OK	8076	170	124	1	5008	0	1	0	1608	170	124
mobile_maps_source\w1351_wfzd_ranganghong_001.mesh	OK	2284	42	40	1	1256	0	1	0	416	42	40
mobile_maps_source\w1351_wfzd_ranganglan_001.mesh	OK	2284	42	40	1	1256	0	1	0	416	42	40
mobile_maps_source\w1351_wfzd_zhaopaigan_001.mesh	OK	3356	68	44	1	1992	0	1	0	632	68	44
mobile_maps_source\w1351_wfzd_zhaopailiusu_002.mesh	OK	30144	576	276	2	21288	0	1	0	9768	576	264+12
mobile_maps_source\w1351_wfzd_zhaopainongjiacaiyao_001.mesh	OK	6108	112	56	1	4144	0	1	0	1904	112	56
mobile_maps_source\w1351_wjg_baiyutai_001.mesh	OK	65396	1401	1134	1	41496	0	1	0	13476	1401	1134
mobile_maps_source\w1351_wjg_denglongdan_001.mesh	OK	3452	72	36	1	2088	0	1	0	648	72	36
mobile_maps_source\w1351_wjg_fwcedian_001.mesh	OK	70690	1586	820	4	46048	394	1	0	14328	1586	96+696+24+4
mobile_maps_source\w1351_wjg_fwweiqiang_001.mesh	OK	4088	66	46	3	1940	788	1	0	620	66	24+4+18
mobile_maps_source\w1351_wjg_fwzhuangqiang_001.mesh	OK	27468	599	402	3	17576	0	1	0	5596	599	116+124+162
mobile_maps_source\w1351_wjg_fwzhudian_001.mesh	OK	294726	6564	3933	7	191658	394	0	0	112890	6564	112+4+1506+445+8+1810+48
mobile_maps_source\w1351_wjg_menpaifan_001.mesh	OK	77634	1672	1160	3	49136	1182	1	0	15696	1672	612+328+220
mobile_maps_source\w1351_wjg_muti_001.mesh	OK	11604	253	150	1	7384	0	1	0	2324	253	150
mobile_maps_source\w1351_wjg_shaolou_001.mesh	OK	93608	2082	1254	4	60804	0	1	0	19164	2082	644+8+480+122
mobile_maps_source\w1351_wjg_shikeqipan_001.mesh	OK	16212	347	256	1	10228	0	1	0	3288	347	256
mobile_maps_source\w1351_wjg_shiqiao_001.mesh	OK	64028	1407	931	5	41258	0	0	0	24374	1407	5+20+180+12+714
mobile_maps_source\w1351_wjg_shizhuo_001.mesh	OK	33440	674	774	2	20420	0	1	0	6940	674	160+614
mobile_maps_source\w1351_wjg_shufaping_001.mesh	OK	11793	246	184	1	7256	197	1	0	2336	246	184
mobile_maps_source\w1351_wjg_taijielan_001.mesh	OK	46176	1020	636	2	29832	0	1	0	9432	1020	516+120
mobile_maps_source\w1351_wjg_taijiepo_001.mesh	OK	60836	1349	823	3	39418	0	0	0	23230	1349	383+405+35
mobile_maps_source\w1351_wjg_weilanshu_001.mesh	OK	3548	72	48	1	2112	0	1	0	672	72	48
mobile_maps_source\w1351_wjg_zrsshisundui_001.mesh	OK	21268	424	491	1	12854	96	0	0	7766	424	491
mobile_maps_source\w1351_wjg_zrsshitaiai_001.mesh	OK	39700	770	1077	1	23714	0	0	0	14474	770	1077
mobile_maps_source\w1351_wjg_zrsshitaigao_001.mesh	OK	22900	457	542	1	13880	0	1	0	4740	457	542
mobile_maps_source\w1351_wjg_zrsshizhu_001.mesh	OK	11572	219	316	1	6764	0	1	0	2384	219	316
mobile_maps_source\w1351_wjg_zrsshizhudao_001.mesh	OK	34860	677	937	1	20830	0	0	0	12706	677	937
mobile_maps_source\w1351_wjg_zrsshizhudeng_001.mesh	OK	38924	751	1063	1	23154	96	0	0	14142	751	1063
mobile_maps_source\w1351_wjg_zrsshizhuxie_001.mesh	OK	13124	251	350	1	7728	0	1	0	2708	251	350
mobile_maps_source\w1351_wjg_zwguanmu_001.mesh	OK	20300	421	396	3	12580	0	1	0	4160	421	56+124+216
mobile_maps_source\w1351_wjg_zwguanmuhua_001.mesh	OK	58932	1190	1380	3	36080	0	1	0	12280	1190	342+480+558
mobile_maps_source\w1351_wls_chaguanpengzi_001.mesh	OK	80328	1779	1109	4	52030	0	0	0	30682	1779	196+176+232+505
mobile_maps_source\w1351_wls_chatanlubian_001.mesh	OK	19420	319	159	1	14354	0	1	0	7974	319	159
mobile_maps_source\w1351_wls_fwdaoguantaiji_001.mesh	OK	22696	503	286	2	14656	0	1	0	4596	503	110+176
mobile_maps_source\w1351_wls_fwgelousidai_001.mesh	OK	49288	1087	690	2	31816	0	1	0	10076	1087	192+498
mobile_maps_source\w1351_wls_fwliangtinghu_001.mesh	OK	53792	1197	703	2	34922	0	0	0	20558	1197	75+628
mobile_maps_source\w1351_wls_fwsijiaocelanbu_001.mesh	OK	48264	1071	642	2	31272	0	1	0	9852	1071	132+510
mobile_maps_source\w1351_wls_fwsijiaoxiaowi_001.mesh	OK	32312	713	438	2	20840	0	1	0	6580	713	96+342
mobile_maps_source\w1351_wls_fwtaijiesidai_001.mesh	OK	67772	1509	890	3	44032	0	1	0	13852	1509	164+722+4
mobile_maps_source\w1351_wls_fwyizhanmubanwu_001.mesh	OK	19272	425	248	2	12396	0	1	0	3896	425	150+98
mobile_maps_source\w1351_wls_gangling_001.mesh	OK	3836	80	44	1	2328	0	1	0	728	80	44
mobile_maps_source\w1351_wls_gongqiang_001.mesh	OK	24693	510	476	2	15232	197	1	0	5032	510	316+160
mobile_maps_source\w1351_wls_jiuzhuo_001.mesh	OK	20384	456	232	2	13232	0	1	0	4112	456	96+136
mobile_maps_source\w1351_wls_juchicaohuang_001.mesh	OK	2524	50	30	1	1460	0	1	0	460	50	30
mobile_maps_source\w1351_wls_menjianhugong_001.mesh	OK	29848	661	390	2	19288	0	1	0	6068	661	38+352
mobile_maps_source\w1351_wls_muqiaotaohuatan_001.mesh	OK	24912	548	338	2	16020	0	1	0	5060	548	288+50
mobile_maps_source\w1351_wls_muzhalanwangge_001.mesh	OK	7664	158	132	2	4688	0	1	0	1528	158	100+32
mobile_maps_source\w1351_wls_qiangtou_001.mesh	OK	5520	116	74	2	3396	0	1	0	1076	116	66+8
mobile_maps_source\w1351_wls_qiangxiaomen_001.mesh	OK	23965	523	320	2	15284	197	1	0	4824	523	304+16
mobile_maps_source\w1351_wls_qiangxie4_001.mesh	OK	8836	181	164	1	5396	0	1	0	1776	181	164
mobile_maps_source\w1351_wls_qinghuacishuigang_001.mesh	OK	2972	56	56	1	1680	0	1	0	560	56	56
mobile_maps_source\w1351_wls_qizicha_001.mesh	OK	3777	55	27	1	2474	197	1	0	1374	55	27
mobile_maps_source\w1351_wls_shisuo_001.mesh	OK	3500	72	42	1	2100	0	1	0	660	72	42
mobile_maps_source\w1351_wls_shuanmazhuang_001.mesh	OK	1164	20	10	1	580	0	1	0	180	20	10
mobile_maps_source\w1351_wls_shuichao_001.mesh	OK	1996	38	24	1	1112	0	1	0	352	38	24
mobile_maps_source\w1351_wls_taohuashudan_001.mesh	OK	16008	353	200	2	10284	0	1	0	3224	353	96+104
mobile_maps_source\w1351_wls_taohuashudaxiaoliangzhu_001.mesh	OK	24104	535	302	2	15584	0	1	0	4884	535	132+170
mobile_maps_source\w1351_wls_taohuashupiantou_001.mesh	OK	29856	666	366	2	19380	0	1	0	6060	666	210+156
mobile_maps_source\w1351_wls_taohuashuxiaoshucha_001.mesh	OK	15504	343	187	2	9978	0	0	0	5862	343	95+92
mobile_maps_source\w1351_wls_taohuashuxiaozhiya_001.mesh	OK	17360	385	209	2	11198	0	0	0	6578	385	84+125
mobile_maps_source\w1351_wls_weilan_001.mesh	OK	3196	66	34	1	1916	0	1	0	596	66	34
mobile_maps_source\w1351_wls_weilan_002.mesh	OK	2140	42	22	1	1220	0	1	0	380	42	22
mobile_maps_source\w1351_wls_weiqiangyuan_001.mesh	OK	9037	189	124	2	5540	197	1	0	1760	189	100+24
mobile_maps_source\w1351_wls_weiqiangyuan_002.mesh	OK	6893	143	86	2	4176	197	1	0	1316	143	70+16
mobile_maps_source\w1351_wls_weiqiangyuan_003.mesh	OK	3109	58	38	2	1700	197	1	0	540	58	26+12
mobile_maps_source\w1351_wls_xunyicao_001.mesh	OK	1340	24	12	1	696	0	1	0	216	24	12
mobile_maps_source\w1351_wls_yezishuxuanya_001.mesh	OK	60704	1019	419	2	45674	0	1	0	25294	1019	96+323
mobile_maps_source\w1351_wls_yizhanpaizi_001.mesh	OK	7489	117	57	1	5262	197	1	0	2922	117	57
mobile_maps_source\w1351_wls_yuanweihua_001.mesh	OK	23764	504	415	1	14942	0	0	0	8894	504	415
mobile_maps_source\w1351_wls_yubifangshi_001.mesh	OK	10748	216	228	1	6504	0	1	0	2184	216	228
mobile_maps_source\w1351_wls_yubishushi_001.mesh	OK	6604	130	140	1	3920	0	1	0	1320	130	140
mobile_maps_source\w1351_wls_yumijiazi_001.mesh	OK	13180	294	142	1	8516	0	1	0	2636	294	142
mobile_maps_source\w1351_wls_zhenmenshenshou_001.mesh	OK	27640	562	609	2	16954	0	0	0	10210	562	557+52
mobile_maps_source\w1351_wls_zhiwudiman_001.mesh	OK	2172	40	36	1	1192	0	1	0	392	40	36
mobile_maps_source\w1351_wls_zhiwudimanhua_001.mesh	OK	2172	40	36	1	1192	0	1	0	392	40	36
mobile_maps_source\w1351_wqd_damen_001.mesh	OK	34080	775	466	1	21700	0	1	0	6200	775	466
mobile_maps_source\w1351_wqd_mache_001.mesh	OK	29444	635	470	1	18720	0	1	0	6020	635	470
mobile_maps_source\w1351_wqd_mogugao_001.mesh	OK	14988	316	344	1	8848	0	1	0	2528	316	344
mobile_maps_source\w1351_wqd_moguqun_001.mesh	OK	11530	245	241	1	6860	0	1	0	1960	245	241
mobile_maps_source\w1351_wqd_pobaixiang_001.mesh	OK	15948	355	244	1	9940	0	1	0	2840	355	244
mobile_maps_source\w1351_wqd_qinghuacibu_001.mesh	OK	23704	521	430	1	14588	0	1	0	4168	521	430
mobile_maps_source\w1351_wqd_zhandao_001.mesh	OK	25316	570	372	1	15960	0	1	0	4560	570	372
mobile_maps_source\w1351_wqd_zhandaochang_001.mesh	OK	27056	612	382	1	17136	0	1	0	4896	612	382
mobile_maps_source\w1351_wqd_zhandaodan_001.mesh	OK	17156	384	252	1	10752	0	1	0	3072	384	252
mobile_maps_source\w1351_wqd_zhandaof_001.mesh	OK	28496	642	422	1	17976	0	1	0	5136	642	422
mobile_maps_source\w1351_wqd_zhandaopo_001.mesh	OK	17420	390	256	1	10920	0	1	0	3120	390	256
mobile_maps_source\w1351_wqd_zhandaowanf_001.mesh	OK	62502	1417	923	1	39676	0	1	0	11336	1417	923
mobile_maps_source\w1351_wqd_zhandaoxiaxie_001.mesh	OK	16916	378	252	1	10584	0	1	0	3024	378	252
mobile_maps_source\w1351_wqd_zhandaoxie_001.mesh	OK	17316	388	252	1	10864	0	1	0	3104	388	252
mobile_maps_source\w1351_wqd_zhandaoyangjiao_001.mesh	OK	70118	1587	1059	1	44436	0	1	0	12696	1587	1059
mobile_maps_source\w1351_wy_baipishuer_001.mesh	OK	21328	466	299	4	13646	0	0	0	8054	466	92+4+78+125
mobile_maps_source\w1351_wy_baipishuluan_001.mesh	OK	15396	333	223	3	9770	0	0	0	5774	333	73+12+138
mobile_maps_source\w1351_wy_baipishuniu_001.mesh	OK	14612	317	205	3	9286	0	0	0	5482	317	82+21+102
mobile_maps_source\w1351_wy_chenggan_001.mesh	OK	1188	19	18	1	568	0	1	0	188	19	18
mobile_maps_source\w1351_wy_duanshujian_001.mesh	OK	17004	371	234	3	10856	0	1	0	3436	371	64+78+92
mobile_maps_source\w1351_wy_fwliangting_001.mesh	OK	49296	1134	456	2	32664	0	1	0	9984	1134	40+416
mobile_maps_source\w1351_wy_fwpailou_001.mesh	OK	79352	1767	1048	2	51572	0	1	0	16232	1767	996+52
mobile_maps_source\w1351_wy_fwyuandinglou_001.mesh	OK	62912	1355	1053	2	40046	0	0	0	23786	1355	977+76
mobile_maps_source\w1351_wy_pansidong_001.mesh	OK	10732	234	136	1	6824	0	1	0	2144	234	136
mobile_maps_source\w1351_wy_shaolou_001.mesh	OK	29440	652	384	2	19024	0	1	0	5984	652	317+67
mobile_maps_source\w1351_wy_shiqiao_001.mesh	OK	5945	115	108	1	3436	197	1	0	1136	115	108
mobile_maps_source\w1351_wy_taijishuigang_001.mesh	OK	7096	149	106	2	4384	0	1	0	1404	149	88+18
mobile_maps_source\w1351_wy_xianglu_001.mesh	OK	15636	341	214	1	9976	0	1	0	3156	341	214
mobile_maps_source\w1351_wy_yake_001.mesh	OK	2836	54	49	1	1610	0	0	0	962	54	49
mobile_maps_source\w1351_wy_yakeai_001.mesh	OK	2148	40	33	1	1186	0	0	0	706	40	33
mobile_maps_source\w1351_wy_yakekuan_001.mesh	OK	2948	57	48	1	1692	0	1	0	552	57	48
mobile_maps_source\w1351_wy_yezishuwan_001.mesh	OK	50624	839	419	2	37754	0	1	0	20974	839	96+323
mobile_maps_source\w1351_wy_zhufa_001.mesh	OK	4364	90	60	1	2640	0	1	0	840	90	60
mobile_maps_source\w1351_wy_zhufaliekai_001.mesh	OK	6396	134	94	1	3940	0	1	0	1260	134	94
mobile_maps_source\w1351_wy_zhufapojiu_001.mesh	OK	5516	116	74	1	3396	0	1	0	1076	116	74
mobile_maps_source\w1351_xh_aixiaoshu_001.mesh	OK	8700	188	112	1	5488	0	1	0	1728	188	112
mobile_maps_source\w1351_xh_caitiaofangpeng_001.mesh	OK	9796	209	144	1	6140	0	1	0	1960	209	144
mobile_maps_source\w1351_xh_caoye_001.mesh	OK	1244	16	8	1	720	0	1	0	400	16	8
mobile_maps_source\w1351_xh_caoye_002.mesh	OK	3452	72	36	1	2088	0	1	0	648	72	36
mobile_maps_source\w1351_xh_denglongchuan_001.mesh	OK	22316	368	178	1	16548	0	1	0	9188	368	178
mobile_maps_source\w1351_xh_denglongyuan_001.mesh	OK	11660	190	92	1	8544	0	1	0	4744	190	92
mobile_maps_source\w1351_xh_dengtayuan_001.mesh	OK	16156	346	254	1	10196	0	1	0	3276	346	254
mobile_maps_source\w1351_xh_diaoyuting_001.mesh	OK	42304	916	672	2	26992	0	1	0	8672	916	144+528
mobile_maps_source\w1351_xh_fwerlouce_001.mesh	OK	27980	621	356	3	18100	0	1	0	5680	621	164+8+184
mobile_maps_source\w1351_xh_fwmingju_001.mesh	OK	34880	763	508	4	22380	0	1	0	7120	763	220+44+12+232
mobile_maps_source\w1351_xh_fwtudimiao_001.mesh	OK	11792	257	152	4	7500	0	1	0	2360	257	4+4+104+40
mobile_maps_source\w1351_xh_fwyoujiakezhan_001.mesh	OK	78176	1711	1179	6	50266	0	0	0	29734	1711	62+290+311+252+84+180
mobile_maps_source\w1351_xh_fwzisepobu_001.mesh	OK	17468	383	232	3	11188	0	1	0	3528	383	90+130+12
mobile_maps_source\w1351_xh_guanyuemen_001.mesh	OK	12405	256	210	2	7588	197	1	0	2468	256	54+156
mobile_maps_source\w1351_xh_hehua_001.mesh	OK	10892	218	236	1	6576	0	1	0	2216	218	236
mobile_maps_source\w1351_xh_huashugao_001.mesh	OK	8028	173	103	1	5050	0	0	0	2974	173	103
mobile_maps_source\w1351_xh_huashuxi_001.mesh	OK	7340	158	92	1	4608	0	1	0	1448	158	92
mobile_maps_source\w1351_xh_huashuxisan_001.mesh	OK	9540	208	117	1	6058	0	0	0	3562	208	117
mobile_maps_source\w1351_xh_huilangjiao_001.mesh	OK	22636	489	348	3	14388	0	1	0	4608	489	32+160+156
mobile_maps_source\w1351_xh_huilangpingjie_001.mesh	OK	8876	191	118	3	5584	0	1	0	1764	191	46+60+12
mobile_maps_source\w1351_xh_huilangtou_001.mesh	OK	17900	388	261	3	11386	0	0	0	6730	388	203+40+18
mobile_maps_source\w1351_xh_kushuzhuang_001.mesh	OK	5264	110	72	2	3224	0	1	0	1024	110	68+4
mobile_maps_source\w1351_xh_liangting_001.mesh	OK	22048	479	324	4	14060	0	1	0	4480	479	136+48+72+68
mobile_maps_source\w1351_xh_ling_001.mesh	OK	1692	24	8	1	1072	0	1	0	592	24	8
mobile_maps_source\w1351_xh_liushufencha_001.mesh	OK	25424	420	202	2	18884	0	1	0	10484	420	132+70
mobile_maps_source\w1351_xh_liushusancha_001.mesh	OK	40032	664	320	2	29856	0	1	0	16576	664	240+80
mobile_maps_source\w1351_xh_liushuxicha_001.mesh	OK	29856	494	238	2	22212	0	1	0	12332	494	70+168
mobile_maps_source\w1351_xh_madai_001.mesh	OK	2364	44	40	1	1312	0	1	0	432	44	40
mobile_maps_source\w1351_xh_qiangfangmen_001.mesh	OK	7700	164	94	2	4780	100	1	0	1500	164	30+64
mobile_maps_source\w1351_xh_qiangjiao_001.mesh	OK	14277	302	214	2	8884	197	1	0	2844	302	86+128
mobile_maps_source\w1351_xh_qiangpingjieao_001.mesh	OK	4901	98	62	2	2868	197	1	0	908	98	30+32
mobile_maps_source\w1351_xh_qiangpingjietu_001.mesh	OK	4416	90	66	2	2652	0	1	0	852	90	22+44
mobile_maps_source\w1351_xh_qiangtjiao_001.mesh	OK	32029	734	273	2	21098	197	0	0	12290	734	105+168
mobile_maps_source\w1351_xh_qiangwan_001.mesh	OK	12725	266	200	2	7848	197	1	0	2528	266	70+130
mobile_maps_source\w1351_xh_qiangzhi_001.mesh	OK	4176	88	46	2	2556	0	1	0	796	88	30+16
mobile_maps_source\w1351_xh_sanheshu_001.mesh	OK	10572	232	126	1	6748	0	1	0	2108	232	126
mobile_maps_source\w1351_xh_shandong_001.mesh	OK	86832	1922	1207	4	56230	0	0	0	33166	1922	454+46+341+366
mobile_maps_source\w1351_xh_shidengzi_001.mesh	OK	2324	43	40	1	1284	0	1	0	424	43	40
mobile_maps_source\w1351_xh_shijingfang_001.mesh	OK	12800	271	209	2	8006	0	0	0	4754	271	68+141
mobile_maps_source\w1351_xh_shuangheshu_001.mesh	OK	10924	239	135	1	6962	0	0	0	4094	239	135
mobile_maps_source\w1351_xh_shugentu_001.mesh	OK	26112	580	328	2	16896	0	1	0	5296	580	108+220
mobile_maps_source\w1351_xh_songshubaoshi_001.mesh	OK	64324	1424	883	5	41638	0	0	0	24550	1424	229+202+159+197+96
mobile_maps_source\w1351_xh_tingziduilian_001.mesh	OK	61348	1337	946	5	39328	0	1	0	12588	1337	588+18+16+316+8
mobile_maps_source\w1351_xh_weilan_001.mesh	OK	7452	162	86	1	4708	0	1	0	1468	162	86
mobile_maps_source\w1351_xh_weilan_002.mesh	OK	2876	58	34	1	1692	0	1	0	532	58	34
mobile_maps_source\w1351_xh_xiaoshiqiao_001.mesh	OK	29157	664	352	2	18592	197	1	0	5312	664	312+40
mobile_maps_source\w1351_xh_xiaoshiqiaoxie_001.mesh	OK	30421	678	352	2	19688	197	1	0	6128	678	312+40
mobile_maps_source\w1351_xh_xihudaqiao_001.mesh	OK	75072	1688	908	2	49080	0	1	0	15320	1688	396+512
mobile_maps_source\w1351_xh_xihuta_001.mesh	OK	87564	1929	1264	3	56540	0	1	0	17960	1929	1044+200+20
mobile_maps_source\w1351_xh_youchuan_001.mesh	OK	51676	1129	778	3	33168	0	1	0	10588	1129	424+194+160
mobile_maps_source\w1351_xh_zhuguodan_001.mesh	OK	2252	42	36	1	1248	0	1	0	408	42	36
mobile_maps_source\w1351_xh_zhuzi_001.mesh	OK	24508	412	144	1	18416	0	1	0	10176	412	144
mobile_maps_source\w1351_xingzou_001.mesh	OK	1876	35	24	1	1028	0	1	0	328	35	24
mobile_maps_source\w1351_xiyu_aiguanzidui_001.mesh	OK	7772	162	168	1	4536	0	1	0	1296	162	168
mobile_maps_source\w1351_xiyu_aiguanzisan_001.mesh	OK	4028	81	84	1	2268	0	1	0	648	81	84
mobile_maps_source\w1351_xiyu_caijiaimen_001.mesh	OK	14236	310	194	1	9068	0	1	0	2868	310	194
mobile_maps_source\w1351_xiyu_caijibanqiangmen_001.mesh	OK	11428	247	158	1	7232	0	1	0	2292	247	158
mobile_maps_source\w1351_xiyu_caijicanmen_001.mesh	OK	10804	230	165	1	6770	0	0	0	4010	230	165
mobile_maps_source\w1351_xiyu_caijihechuang_001.mesh	OK	44480	974	653	4	28578	0	0	0	16890	974	463+154+12+24
mobile_maps_source\w1351_xiyu_caijihemen_001.mesh	OK	36288	798	509	4	23362	0	0	0	13786	798	13+262+96+138
mobile_maps_source\w1351_xiyu_caijijiaolou_001.mesh	OK	65850	1505	893	3	42140	0	1	0	12040	1505	812+61+20
mobile_maps_source\w1351_xiyu_caijijiaolouqiang_001.mesh	OK	20876	448	334	1	13212	0	1	0	4252	448	334
mobile_maps_source\w1351_xiyu_caijijiaolouqiangban_001.mesh	OK	11620	249	172	1	7316	0	1	0	2336	249	172
mobile_maps_source\w1351_xiyu_caijimen_001.mesh	OK	14228	293	278	1	8760	0	1	0	2900	293	278
mobile_maps_source\w1351_xiyu_caijimenqiang_001.mesh	OK	47968	1060	659	4	30998	0	0	0	18278	1060	96+395+164+4
mobile_maps_source\w1351_xiyu_caijimingju_001.mesh	OK	15704	340	226	4	9972	0	1	0	3172	340	36+25+161+4
mobile_maps_source\w1351_xiyu_caijisanmen_001.mesh	OK	37332	812	571	1	23878	0	0	0	14134	812	571
mobile_maps_source\w1351_xiyu_caijisanmenqiang_001.mesh	OK	30164	654	465	1	19242	0	0	0	11394	654	465
mobile_maps_source\w1351_xiyu_caijituzhangpeng_001.mesh	OK	10240	221	139	2	6466	0	0	0	3814	221	93+46
mobile_maps_source\w1351_xiyu_caijizhongmenzhu_001.mesh	OK	9956	211	154	1	6216	0	1	0	1996	211	154
mobile_maps_source\w1351_xiyu_caijizhu_001.mesh	OK	10080	218	134	2	6372	0	1	0	2012	218	102+32
mobile_maps_source\w1351_xiyu_canjizhumen_001.mesh	OK	35420	757	607	1	22410	0	0	0	13326	757	607
mobile_maps_source\w1351_xiyu_caozhu_001.mesh	OK	20641	336	168	1	15120	197	1	0	8400	336	168
mobile_maps_source\w1351_xiyu_changguanzidui_001.mesh	OK	5276	108	112	1	3024	0	1	0	864	108	112
mobile_maps_source\w1351_xiyu_changguanzidui_002.mesh	OK	4028	81	84	1	2268	0	1	0	648	81	84
mobile_maps_source\w1351_xiyu_chengmenrukou_001.mesh	OK	26312	517	668	2	15812	0	1	0	5472	517	528+140
mobile_maps_source\w1351_xiyu_ditanguanzi_001.mesh	OK	28744	627	422	2	18400	0	1	0	5860	627	186+236
mobile_maps_source\w1351_xiyu_dunhuangmen_001.mesh	OK	35802	807	539	2	22596	0	1	0	6456	807	355+184
mobile_maps_source\w1351_xiyu_dunhuangmen_002.mesh	OK	19354	430	311	2	12040	0	1	0	3440	430	159+152
mobile_maps_source\w1351_xiyu_foku_001.mesh	OK	74576	1589	1340	4	47172	0	1	0	15392	1589	134+132+952+122
mobile_maps_source\w1351_xiyu_fwbanyuan_001.mesh	OK	17898	405	235	2	11340	0	1	0	3240	405	150+85
mobile_maps_source\w1351_xiyu_hemen_001.mesh	OK	9616	206	136	2	6040	0	1	0	1920	206	96+40
mobile_maps_source\w1351_xiyu_huyangkushu_001.mesh	OK	21582	477	369	2	13356	0	1	0	3816	477	365+4
mobile_maps_source\w1351_xiyu_huyangkushu_002.mesh	OK	10641	206	240	1	6248	197	1	0	2128	206	240
mobile_maps_source\w1351_xiyu_huyangqiaocan_001.mesh	OK	111260	2444	1651	3	71734	0	0	0	42406	2444	1043+458+150
mobile_maps_source\w1351_xiyu_huyangwan_001.mesh	OK	44600	977	654	2	28664	0	1	0	9124	977	462+192
mobile_maps_source\w1351_xiyu_huyangyingkecu_001.mesh	OK	32981	720	462	2	21084	197	1	0	6684	720	202+260
mobile_maps_source\w1351_xiyu_kaonang_001.mesh	OK	3260	60	72	1	1824	0	1	0	624	60	72
mobile_maps_source\w1351_xiyu_kaonangpeng_001.mesh	OK	16660	360	246	3	10572	0	1	0	3372	360	24+134+88
mobile_maps_source\w1351_xiyu_kaonangtaizi_001.mesh	OK	39552	854	638	2	25188	0	1	0	8108	854	524+114
mobile_maps_source\w1351_xiyu_kaonangzhuozi_001.mesh	OK	8648	180	144	4	5328	0	1	0	1728	180	98+28+4+14
mobile_maps_source\w1351_xiyu_longgujia_001.mesh	OK	49524	1091	700	1	31948	0	1	0	10128	1091	700
mobile_maps_source\w1351_xiyu_longguzhua_001.mesh	OK	10476	222	164	1	6544	0	1	0	2104	222	164
mobile_maps_source\w1351_xiyu_longjigu_001.mesh	OK	24940	556	302	1	16172	0	1	0	5052	556	302
mobile_maps_source\w1351_xiyu_longtougu_001.mesh	OK	24476	532	364	1	15624	0	1	0	4984	532	364
mobile_maps_source\w1351_xiyu_loulanpingzi_001.mesh	OK	9460	194	177	1	5786	0	0	0	3458	194	177
mobile_maps_source\w1351_xiyu_luwei_001.mesh	OK	2881	40	20	1	1800	197	1	0	1000	40	20
mobile_maps_source\w1351_xiyu_lvche_001.mesh	OK	80904	1812	1354	5	50736	0	1	0	14496	1812	144+662+470+46+32
mobile_maps_source\w1351_xiyu_lvtiaowenpeng_001.mesh	OK	26136	568	367	2	16638	192	0	0	9822	568	76+291
mobile_maps_source\w1351_xiyu_mingjuchangyuanding_001.mesh	OK	38686	881	525	4	24668	0	1	0	7048	881	42+92+379+12
mobile_maps_source\w1351_xiyu_mingjulou_001.mesh	OK	50464	1142	748	4	31976	0	1	0	9136	1142	224+490+28+6
mobile_maps_source\w1351_xiyu_mingjuzhe_001.mesh	OK	24996	565	350	4	15820	0	1	0	4520	565	285+36+25+4
mobile_maps_source\w1351_xiyu_moguyanchang_001.mesh	OK	21948	477	323	1	14002	0	0	0	8278	477	323
mobile_maps_source\w1351_xiyu_moguyanku_001.mesh	OK	31748	691	478	1	20304	0	1	0	6484	691	478
mobile_maps_source\w1351_xiyu_moguyantouer_001.mesh	OK	37289	816	521	1	23890	197	0	0	14098	816	521
mobile_maps_source\w1351_xiyu_moguyanzhu_001.mesh	OK	17884	389	255	1	11402	0	0	0	6734	389	255
mobile_maps_source\w1351_xiyu_muduikaobing_001.mesh	OK	16320	348	264	2	10272	0	1	0	3312	348	156+108
mobile_maps_source\w1351_xiyu_pozhangpeng_001.mesh	OK	70148	1518	1142	3	44788	0	1	0	14428	1518	410+252+480
mobile_maps_source\w1351_xiyu_qianfodong_001.mesh	OK	98196	2077	1853	3	61862	0	0	0	36938	2077	585+1117+151
mobile_maps_source\w1351_xiyu_qiangjiao_001.mesh	OK	12716	267	218	3	7912	0	1	0	2572	267	104+6+108
mobile_maps_source\w1351_xiyu_shaliu_001.mesh	OK	63841	1056	528	1	47520	197	1	0	26400	1056	528
mobile_maps_source\w1351_xiyu_shandong_001.mesh	OK	58784	1229	1167	2	36746	0	0	0	21998	1229	1110+57
mobile_maps_source\w1351_xiyu_shita_001.mesh	OK	16052	335	296	1	9972	0	1	0	3272	335	296
mobile_maps_source\w1351_xiyu_sifangcheng_001.mesh	OK	75440	1594	1423	4	47478	0	0	0	28350	1594	173+759+348+143
mobile_maps_source\w1351_xiyu_suishikuaisi_001.mesh	OK	4676	102	52	1	2856	0	1	0	816	102	52
mobile_maps_source\w1351_xiyu_suishikuaiyi_001.mesh	OK	2452	50	28	1	1400	0	1	0	400	50	28
mobile_maps_source\w1351_xiyu_suishikuan_001.mesh	OK	6546	145	77	1	4060	0	1	0	1160	145	77
mobile_maps_source\w1351_xiyu_tuqiangshan_001.mesh	OK	46304	987	817	2	29270	0	0	0	17426	987	779+38
mobile_maps_source\w1351_xiyu_tushizhu_001.mesh	OK	12216	255	216	2	7572	0	1	0	2472	255	163+53
mobile_maps_source\w1351_xiyu_tushizhuduan_001.mesh	OK	6424	133	102	2	3928	0	1	0	1268	133	10+92
mobile_maps_source\w1351_xiyu_tushizhusuanzhu_001.mesh	OK	13408	274	270	2	8212	0	1	0	2732	274	140+130
mobile_maps_source\w1351_xiyu_tushizhutou_001.mesh	OK	12576	262	226	2	7788	0	1	0	2548	262	60+166
mobile_maps_source\w1351_xiyu_xiangliaofen_001.mesh	OK	5484	111	70	3	3248	192	1	0	1028	111	28+34+8
mobile_maps_source\w1351_xiyu_xiangliaotan_001.mesh	OK	9040	190	120	2	5560	192	1	0	1760	190	64+56
mobile_maps_source\w1351_xiyu_xiangliaotanfenlou_001.mesh	OK	7880	161	120	2	4748	192	1	0	1528	161	76+44
mobile_maps_source\w1351_xiyu_zhangpeng_001.mesh	OK	83056	1858	1056	2	54136	0	1	0	16976	1858	142+914
mobile_maps_source\w1351_xiyu_zhangpengchang_001.mesh	OK	102680	2299	1304	2	66980	0	1	0	21000	2299	232+1072
mobile_maps_source\w1351_xiyu_zhangpengdayin_001.mesh	OK	90016	2047	1308	2	57316	0	1	0	16376	2047	1028+280
mobile_maps_source\w1351_xiyu_zhangpengfang_001.mesh	OK	45864	1047	616	2	29316	0	1	0	8376	1047	24+592
mobile_maps_source\w1351_xiyu_zhangpengsanjiao_001.mesh	OK	30828	690	368	1	20056	0	1	0	6256	690	368
mobile_maps_source\w1351_xiyu_zhangpengxiao_001.mesh	OK	36952	809	538	2	23728	0	1	0	7548	809	4+534
mobile_maps_source\w1351_xlfl_liangyijia_001.mesh	OK	14065	290	248	1	8616	197	1	0	2816	290	248
mobile_maps_source\w1351_xlfl_maocaominjujiutan_001.mesh	OK	5297	98	112	1	2968	197	1	0	1008	98	112
mobile_maps_source\w1351_xlfl_maocaominjujiutan_002.mesh	OK	4641	84	100	1	2552	197	1	0	872	84	100
mobile_maps_source\w1351_xlfl_maocaominjuzhangpeng_001.mesh	OK	49673	1027	1014	1	30784	197	1	0	10244	1027	1014
mobile_maps_source\w1351_xlfl_maocaominjuzhuozi_001.mesh	OK	13009	272	206	1	8028	197	1	0	2588	272	206
mobile_maps_source\w1351_xlfl_tingzi_001.mesh	OK	397709	8360	7852	4	249784	197	1	0	82584	8360	528+7004+316+4
mobile_maps_source\w1351_xlfl_zhudian_001.mesh	OK	2030093	43557	35914	6	1291424	197	1	0	420284	43557	570+25+998+33265+24+1032
mobile_maps_source\w1351_xuejing_candun_001.mesh	OK	7396	155	114	1	4568	0	1	0	1468	155	114
mobile_maps_source\w1351_xuejing_chengqiang_001.mesh	OK	29748	663	368	1	19300	0	1	0	6040	663	368
mobile_maps_source\w1351_xuejing_chengqiangduan_001.mesh	OK	23860	531	292	1	15452	0	1	0	4832	531	292
mobile_maps_source\w1351_xuejing_chengqiangjiaolougao_001.mesh	OK	22868	507	288	1	14772	0	1	0	4632	507	288
mobile_maps_source\w1351_xuejing_fangdun_001.mesh	OK	3852	74	76	1	2224	0	1	0	744	74	76
mobile_maps_source\w1351_xuejing_yanmenguang_001.mesh	OK	69932	1554	934	5	45380	0	1	0	14300	1554	36+236+20+78+564
mobile_maps_source\w1351_xuejing_yuandun_001.mesh	OK	2244	37	60	1	1156	0	1	0	416	37	60
mobile_maps_source\w1351_xwd_haiguitou_001.mesh	OK	37880	837	514	2	24464	0	1	0	7724	837	298+216
mobile_maps_source\w1351_xwf_damen_002.mesh	OK	25232	530	468	2	15776	0	1	0	5176	530	180+288
mobile_maps_source\w1351_xwf_diaoxiangdunxia_001.mesh	OK	24816	509	521	2	15294	0	0	0	9186	509	425+96
mobile_maps_source\w1351_xwf_diaoxiangjudao_001.mesh	OK	32796	674	693	3	20258	0	0	0	12170	674	309+374+10
mobile_maps_source\w1351_xwf_diaoxiangrenlian_001.mesh	OK	12156	235	309	1	7198	0	0	0	4378	235	309
mobile_maps_source\w1351_xwf_dizhuangezi6_001.mesh	OK	13404	288	200	1	8464	0	1	0	2704	288	200
mobile_maps_source\w1351_xwf_dizhuangezi_001.mesh	OK	29020	630	442	1	18524	0	1	0	5924	630	442
mobile_maps_source\w1351_xwf_jiubei_001.mesh	OK	37196	771	759	1	23106	0	0	0	13854	771	759
mobile_maps_source\w1351_xwf_jiuhu_001.mesh	OK	6484	131	120	1	3908	0	1	0	1288	131	120
mobile_maps_source\w1351_xwf_qiang_001.mesh	OK	6145	124	88	1	3648	197	1	0	1168	124	88
mobile_maps_source\w1351_xwf_qiangbihua_001.mesh	OK	8252	172	136	1	5088	0	1	0	1648	172	136
mobile_maps_source\w1351_xwf_qiangbihua_002.mesh	OK	8252	172	136	1	5088	0	1	0	1648	172	136
mobile_maps_source\w1351_xwf_qiangjiao_001.mesh	OK	8882	179	130	2	5272	394	1	0	1692	179	106+24
mobile_maps_source\w1351_xwf_qiangqingxie_001.mesh	OK	5137	102	72	1	3000	197	1	0	960	102	72
mobile_maps_source\w1351_xwf_qiangzhuzi_001.mesh	OK	8900	185	152	1	5484	0	1	0	1784	185	152
mobile_maps_source\w1351_xwf_shiguancai_001.mesh	OK	34612	757	506	1	22208	0	1	0	7068	757	506
mobile_maps_source\w1351_xwf_shiguancai_002.mesh	OK	34180	748	497	1	21938	0	0	0	12962	748	497
mobile_maps_source\w1351_xwf_taijie_001.mesh	OK	23524	493	440	1	14684	0	1	0	4824	493	440
mobile_maps_source\w1351_xwf_taijie_002.mesh	OK	8148	163	168	1	4900	0	1	0	1640	163	168
mobile_maps_source\w1351_xx_diaosuchanchu_001.mesh	OK	13792	296	208	2	8704	0	1	0	2784	296	186+22
mobile_maps_source\w1351_xx_diaosuwugong_001.mesh	OK	10944	231	177	2	6822	0	0	0	4050	231	141+36
mobile_maps_source\w1351_xx_diaosuyanjingshe_001.mesh	OK	27000	589	394	2	17280	0	1	0	5500	589	22+372
mobile_maps_source\w1351_xx_diaosuzhizhu_001.mesh	OK	21144	458	317	2	13458	0	0	0	7962	458	295+22
mobile_maps_source\w1351_xx_ducanchuxiang_001.mesh	OK	5992	131	78	1	3668	0	1	0	1048	131	78
mobile_maps_source\w1351_xx_dushexiang_001.mesh	OK	8360	183	126	1	5124	0	1	0	1464	183	126
mobile_maps_source\w1351_xx_dushuigang_001.mesh	OK	5296	112	66	2	3268	0	1	0	1028	112	2+64
mobile_maps_source\w1351_xx_duwugongxiang_001.mesh	OK	4608	99	60	2	2772	0	1	0	792	99	54+6
mobile_maps_source\w1351_xx_duxiexiang_001.mesh	OK	9020	198	136	1	5544	0	1	0	1584	198	136
mobile_maps_source\w1351_xx_fuwenshi_001.mesh	OK	1548	28	18	1	820	0	1	0	260	28	18
mobile_maps_source\w1351_xx_fwliangongfang_001.mesh	OK	66272	1470	896	6	42952	0	1	0	13552	1470	24+16+520+48+164+124
mobile_maps_source\w1351_xx_fwzhudian_001.mesh	OK	154968	3434	2163	6	100478	0	0	0	59270	3434	102+16+1144+380+222+299
mobile_maps_source\w1351_xx_huoba_001.mesh	OK	1484	28	10	1	804	0	1	0	244	28	10
mobile_maps_source\w1351_xx_jitan_001.mesh	OK	27128	590	405	2	17330	0	0	0	10250	590	285+120
mobile_maps_source\w1351_xx_kushuheng_001.mesh	OK	9500	209	142	2	5852	0	1	0	1672	209	136+6
mobile_maps_source\w1351_xx_ludeng_001.mesh	OK	16300	359	206	3	10464	0	1	0	3284	359	84+32+90
mobile_maps_source\w1351_xx_riyuegongmen_001.mesh	OK	78128	1713	1164	4	50292	0	1	0	16032	1713	212+236+712+4
mobile_maps_source\w1351_xx_shanmenpaifang_001.mesh	OK	76172	1682	1074	5	49244	0	1	0	15604	1682	20+120+16+492+426
mobile_maps_source\w1351_xx_shenmuding_001.mesh	OK	132060	2906	1939	7	85246	0	0	0	50374	2906	130+249+394+224+536+142+264
mobile_maps_source\w1351_xx_shilao_001.mesh	OK	24116	527	344	1	15444	0	1	0	4904	527	344
mobile_maps_source\w1351_xx_shiqiao_001.mesh	OK	23024	506	312	2	14792	0	1	0	4672	506	192+120
mobile_maps_source\w1351_xx_taijiequan4_001.mesh	OK	10192	216	158	2	6364	0	1	0	2044	216	112+46
mobile_maps_source\w1351_xx_taijieyuana_001.mesh	OK	8908	189	133	1	5558	0	0	0	3290	189	133
mobile_maps_source\w1351_xx_weilan_001.mesh	OK	13200	290	164	2	8448	0	1	0	2648	290	108+56
mobile_maps_source\w1351_xy_biwutai_001.mesh	OK	22777	467	451	3	13978	197	0	0	8374	467	36+24+391
mobile_maps_source\w1351_xy_butiaocaolv_001.mesh	OK	2881	40	20	1	1800	197	1	0	1000	40	20
mobile_maps_source\w1351_xy_butiaoganlanlv_001.mesh	OK	2881	40	20	1	1800	197	1	0	1000	40	20
mobile_maps_source\w1351_xy_guqin_001.mesh	OK	20956	450	334	1	13268	0	1	0	4268	450	334
mobile_maps_source\w1351_xy_liangongshifang_001.mesh	OK	1452	26	16	1	760	0	1	0	240	26	16
mobile_maps_source\w1351_xy_liangongshifang_002.mesh	OK	1452	26	16	1	760	0	1	0	240	26	16
mobile_maps_source\w1351_xy_liangongshikuan_001.mesh	OK	1740	32	22	1	940	0	1	0	300	32	22
mobile_maps_source\w1351_xy_liangongshikuan_002.mesh	OK	1740	32	22	1	940	0	1	0	300	32	22
mobile_maps_source\w1351_xy_liangongshizai_001.mesh	OK	1980	38	22	1	1108	0	1	0	348	38	22
mobile_maps_source\w1351_xy_ludeng_001.mesh	OK	12981	209	99	2	9394	197	1	0	5214	209	91+8
mobile_maps_source\w1351_xy_moguiyanxiaoer_001.mesh	OK	3404	66	60	1	1968	0	1	0	648	66	60
mobile_maps_source\w1351_xy_moguiyanxiyao_001.mesh	OK	8988	181	183	1	5434	0	0	0	3262	181	183
mobile_maps_source\w1351_xy_mogulan_001.mesh	OK	35988	771	608	1	22804	0	1	0	7384	771	608
mobile_maps_source\w1351_xy_mogulv_001.mesh	OK	35868	768	608	1	22720	0	1	0	7360	768	608
mobile_maps_source\w1351_xy_qianfukuwan_001.mesh	OK	249676	5310	4623	3	157926	0	0	0	94206	5310	3341+369+913
mobile_maps_source\w1351_xy_shichuang_001.mesh	OK	13196	279	219	1	8250	0	0	0	4902	279	219
mobile_maps_source\w1351_xy_shidengchang_001.mesh	OK	2444	48	30	1	1404	0	1	0	444	48	30
mobile_maps_source\w1351_xy_shidengfang_001.mesh	OK	2844	58	30	1	1684	0	1	0	524	58	30
mobile_maps_source\w1351_xy_shihua_001.mesh	OK	2172	40	36	1	1192	0	1	0	392	40	36
mobile_maps_source\w1351_xy_shizhuochang_001.mesh	OK	6636	142	84	1	4144	0	1	0	1304	142	84
mobile_maps_source\w1351_xy_shizhuofang_001.mesh	OK	4012	82	56	1	2408	0	1	0	768	82	56
mobile_maps_source\w1351_xy_taijie_001.mesh	OK	3217	62	32	1	1800	197	1	0	560	62	32
mobile_maps_source\w1351_xy_tushizhutouduan_001.mesh	OK	10077	211	144	2	6196	197	1	0	1976	211	50+94
mobile_maps_source\w1351_xy_weiqi_001.mesh	OK	8492	178	136	1	5256	0	1	0	1696	178	136
mobile_maps_source\w1351_xy_yemingzhu_001.mesh	OK	13264	280	222	2	8284	0	1	0	2684	280	174+48
mobile_maps_source\w1351_xy_youdeng_001.mesh	OK	6692	133	136	1	3996	0	1	0	1336	133	136
mobile_maps_source\w1351_xy_yunvxiang_001.mesh	OK	40972	860	786	1	25652	0	1	0	8452	860	786
mobile_maps_source\w1351_xy_zhenlongqiju_001.mesh	OK	108560	2310	1982	6	68644	0	1	0	22444	2310	8+29+174+1308+70+393
mobile_maps_source\w1351_xy_zhongrushibideng_001.mesh	OK	23444	494	424	3	14680	0	1	0	4800	494	45+174+205
mobile_maps_source\w1351_xy_zhongrushigua_001.mesh	OK	10720	218	214	2	6532	0	1	0	2172	218	158+56
mobile_maps_source\w1351_xy_zhongrushiguanghuaai_001.mesh	OK	4468	85	98	1	2576	0	1	0	876	85	98
mobile_maps_source\w1351_xy_zhongrushipoqiao_001.mesh	OK	15944	333	292	2	9908	0	1	0	3248	333	256+36
mobile_maps_source\w1351_xy_zhongrushiqiao_001.mesh	OK	50912	1063	1013	2	31790	0	0	0	19034	1063	934+79
mobile_maps_source\w1351_xy_zhongrushiqunai_001.mesh	OK	9357	182	199	2	5494	197	0	0	3310	182	131+68
mobile_maps_source\w1351_xy_zhongrushiqungua_001.mesh	OK	13412	271	286	1	8160	0	1	0	2740	271	286
mobile_maps_source\w1351_xy_zhongrushiqunguanghua_001.mesh	OK	9332	183	216	1	5556	0	1	0	1896	183	216
mobile_maps_source\w1351_xy_zhongrushiquqiao_001.mesh	OK	45640	959	874	2	28600	0	1	0	9420	959	810+64
mobile_maps_source\w1351_xy_zhongrushisan_001.mesh	OK	4076	78	84	1	2352	0	1	0	792	78	84
mobile_maps_source\w1351_xy_zhongrushisanchalu_001.mesh	OK	53792	1126	1058	2	33644	0	1	0	11124	1126	146+912
mobile_maps_source\w1351_xy_zhongrushisanchashizhu_001.mesh	OK	53808	1123	1075	2	33594	0	0	0	20118	1123	951+124
mobile_maps_source\w1351_xy_zhongrushitai_001.mesh	OK	5448	107	110	2	3216	0	1	0	1076	107	95+15
mobile_maps_source\w1351_xy_zhongrushizhu_001.mesh	OK	5164	101	105	1	3038	0	0	0	1826	101	105
mobile_maps_source\w1351_xy_zhongrushizhutai_001.mesh	OK	13808	289	245	2	8582	0	0	0	5114	289	230+15
mobile_maps_source\w1351_xy_zhongrushizhutai_002.mesh	OK	13808	289	245	2	8582	0	0	0	5114	289	230+15
mobile_maps_source\w1351_yanwanggumu2_001.mesh	OK	460	4	2	1	116	0	1	0	36	4	2
mobile_maps_source\w1351_yaxy_bingdengzhu_001.mesh	OK	6330	138	71	2	3864	96	1	0	1104	138	10+61
mobile_maps_source\w1351_yaxy_bingdiaolang_001.mesh	OK	28128	604	614	1	16912	0	1	0	4832	604	614
mobile_maps_source\w1351_yaxy_bingdiaolangdi_001.mesh	OK	30872	672	618	1	18816	0	1	0	5376	672	618
mobile_maps_source\w1351_yaxy_bingdiaoyuanhou_001.mesh	OK	37228	799	798	2	22372	192	1	0	6392	799	774+24
mobile_maps_source\w1351_yaxy_binghua_001.mesh	OK	7956	154	108	1	4312	864	1	0	1232	154	108
mobile_maps_source\w1351_yaxy_bingqiang_001.mesh	OK	15916	352	210	2	9856	288	1	0	2816	352	180+30
mobile_maps_source\w1351_yaxy_bingqiangjiao_001.mesh	OK	25344	564	352	2	15792	384	1	0	4512	564	302+50
mobile_maps_source\w1351_yaxy_bingqiangmen_001.mesh	OK	42652	943	694	2	26404	480	1	0	7544	943	244+450
mobile_maps_source\w1351_yaxy_bingqiangmenping_001.mesh	OK	50128	1108	808	2	31024	672	1	0	8864	1108	352+456
mobile_maps_source\w1351_yaxy_bingqiangsui_001.mesh	OK	16870	361	229	2	10108	768	1	0	2888	361	199+30
mobile_maps_source\w1351_yaxy_bingqiangzhu_001.mesh	OK	14288	299	196	2	8372	864	1	0	2392	299	176+20
mobile_maps_source\w1351_yaxy_bingzhuanda_001.mesh	OK	5636	96	108	1	2688	864	1	0	768	96	108
mobile_maps_source\w1351_yaxy_bingzhuanxiao_001.mesh	OK	5316	88	108	1	2464	864	1	0	704	88	108
mobile_maps_source\w1351_yaxy_dahongshigu_001.mesh	OK	34694	764	497	2	21392	864	1	0	6112	764	297+200
mobile_maps_source\w1351_yaxy_gangtiewushi_001.mesh	OK	54304	1154	1166	1	32312	864	1	0	9232	1154	1166
mobile_maps_source\w1351_yaxy_guhaimagu_001.mesh	OK	7592	141	134	1	3948	864	1	0	1128	141	134
mobile_maps_source\w1351_yaxy_xuehongshigu_001.mesh	OK	9624	187	166	1	5236	864	1	0	1496	187	166
mobile_maps_source\w1351_yeg_qingtaishuchang_001.mesh	OK	8080	176	94	2	5116	0	1	0	1596	176	28+66
mobile_maps_source\w1351_yeg_qingtaishuercha_001.mesh	OK	5232	110	68	2	3216	0	1	0	1016	110	16+52
mobile_maps_source\w1351_yeg_qingtaishuyuan_001.mesh	OK	5424	112	82	2	3300	0	1	0	1060	112	14+68
mobile_maps_source\w1351_yeg_qingtaishuzhe_001.mesh	OK	7496	159	106	2	4664	0	1	0	1484	159	27+79
mobile_maps_source\w1351_yeg_shuduanqiao_001.mesh	OK	8476	179	129	1	5270	0	0	0	3122	179	129
mobile_maps_source\w1351_yh_caoduo_001.mesh	OK	6702	142	123	1	3976	0	1	0	1136	142	123
mobile_maps_source\w1351_yh_diaoqiaosheng_001.mesh	OK	48397	1057	704	2	31004	197	1	0	9864	1057	564+140
mobile_maps_source\w1351_yh_fangpengzi_001.mesh	OK	5860	121	92	1	3572	0	1	0	1152	121	92
mobile_maps_source\w1351_yh_fwfengche_001.mesh	OK	39200	889	558	3	24892	0	1	0	7112	889	172+326+60
mobile_maps_source\w1351_yh_fwhuopengsi_001.mesh	OK	87396	1927	1253	3	56462	0	0	0	33338	1927	368+742+143
mobile_maps_source\w1351_yh_fwhuozhuer_001.mesh	OK	84990	1943	1163	3	54404	0	1	0	15544	1943	356+197+610
mobile_maps_source\w1351_yh_fwlanhongbu_001.mesh	OK	58756	1344	784	3	37632	0	1	0	10752	1344	156+264+364
mobile_maps_source\w1351_yh_guhaida_001.mesh	OK	37988	829	568	1	24348	0	1	0	7768	829	568
mobile_maps_source\w1351_yh_hualundiaojia_001.mesh	OK	111320	2524	1678	3	70672	0	1	0	20192	2524	860+736+82
mobile_maps_source\w1351_yh_jiazishengzichang_001.mesh	OK	3020	60	56	1	1680	0	1	0	480	60	56
mobile_maps_source\w1351_yh_jiazishengzishuer_001.mesh	OK	1156	20	12	1	560	0	1	0	160	20	12
mobile_maps_source\w1351_yh_jiazishengziu_001.mesh	OK	3020	60	56	1	1680	0	1	0	480	60	56
mobile_maps_source\w1351_yh_kushubao_001.mesh	OK	3068	60	48	1	1776	0	1	0	576	60	48
mobile_maps_source\w1351_yh_muzhu_001.mesh	OK	1884	36	20	1	1048	0	1	0	328	36	20
mobile_maps_source\w1351_yh_qizi_001.mesh	OK	13392	219	105	2	9846	0	1	0	5466	219	57+48
mobile_maps_source\w1351_yh_saiyanxi_001.mesh	OK	708	9	8	1	268	0	1	0	88	9	8
mobile_maps_source\w1351_yh_saiyanxichang_001.mesh	OK	1012	15	16	1	452	0	1	0	152	15	16
mobile_maps_source\w1351_yh_shouche_001.mesh	OK	41848	937	680	2	26236	0	1	0	7496	937	514+166
mobile_maps_source\w1351_yh_tiechanfang_001.mesh	OK	2924	60	30	1	1740	0	1	0	540	60	30
mobile_maps_source\w1351_yh_tuiche_001.mesh	OK	30872	675	448	2	19796	0	1	0	6296	675	416+32
mobile_maps_source\w1351_yh_tuicheban_001.mesh	OK	40032	913	538	1	25564	0	1	0	7304	913	538
mobile_maps_source\w1351_yh_tuichechekuai_001.mesh	OK	41536	944	582	1	26432	0	1	0	7552	944	582
mobile_maps_source\w1351_yh_xueshugan_001.mesh	OK	2658	54	35	2	1512	0	1	0	432	54	26+9
mobile_maps_source\w1351_yh_yanjia_001.mesh	OK	38812	852	556	1	24968	0	1	0	7928	852	556
mobile_maps_source\w1351_yh_yanjialun_001.mesh	OK	26028	568	378	1	16660	0	1	0	5300	568	378
mobile_maps_source\w1351_yh_yanjiaxie_001.mesh	OK	26364	584	340	1	17032	0	1	0	5352	584	340
mobile_maps_source\w1351_yh_yanjing_001.mesh	OK	24532	495	556	1	14972	0	1	0	5072	495	556
mobile_maps_source\w1351_yh_yanjinjia_001.mesh	OK	85844	1907	1160	1	55716	0	1	0	17576	1907	1160
mobile_maps_source\w1351_yh_yankuang_001.mesh	OK	2384	47	36	2	1316	0	1	0	376	47	24+12
mobile_maps_source\w1351_yh_yanshiqiao_001.mesh	OK	22236	438	553	3	13370	0	0	0	8114	438	90+295+168
mobile_maps_source\w1351_yh_yanzhuguer_001.mesh	OK	10256	192	286	2	5948	0	1	0	2108	192	230+56
mobile_maps_source\w1351_yh_yanzhuguqun_001.mesh	OK	29016	582	681	2	17658	0	0	0	10674	582	457+224
mobile_maps_source\w1351_yh_yanzhuqun_001.mesh	OK	44524	897	1045	1	27206	0	0	0	16442	897	1045
mobile_maps_source\w1351_yh_yanzhuwu_001.mesh	OK	7756	160	134	1	4748	0	1	0	1548	160	134
mobile_maps_source\w1351_yh_zhalangezi_001.mesh	OK	8940	192	122	1	5620	0	1	0	1780	192	122
mobile_maps_source\w1351_yh_zhalantou_001.mesh	OK	18350	417	231	1	11676	0	1	0	3336	417	231
mobile_maps_source\w1351_yh_zhalanzhi_001.mesh	OK	9284	198	180	1	5544	0	1	0	1584	198	180
mobile_maps_source\w1351_yh_zhongyizhaimen_001.mesh	OK	123948	2830	1744	1	79240	0	1	0	22640	2830	1744
mobile_maps_source\w1351_yh_zhuozijian_001.mesh	OK	9120	198	102	2	5748	96	1	0	1788	198	98+4
mobile_maps_source\w1351_yh_zhuyantai_001.mesh	OK	50394	1137	771	2	31836	0	1	0	9096	1137	182+589
mobile_maps_source\w1351_ymg_bingqijia_001.mesh	OK	33656	739	476	2	21644	0	1	0	6864	739	328+148
mobile_maps_source\w1351_ymg_bingqijiacha_001.mesh	OK	37360	823	519	2	24082	0	0	0	14206	823	350+169
mobile_maps_source\w1351_ymg_candun_001.mesh	OK	7396	155	114	1	4568	0	1	0	1468	155	114
mobile_maps_source\w1351_ymg_cangongmen_001.mesh	OK	7924	170	105	1	4970	0	0	0	2930	170	105
mobile_maps_source\w1351_ymg_chelunbai_001.mesh	OK	11116	242	144	1	7064	0	1	0	2224	242	144
mobile_maps_source\w1351_ymg_chengqiang_001.mesh	OK	29945	663	368	1	19300	197	1	0	6040	663	368
mobile_maps_source\w1351_ymg_chengqiangduan_001.mesh	OK	23860	531	292	1	15452	0	1	0	4832	531	292
mobile_maps_source\w1351_ymg_chengqiangjiao_001.mesh	OK	15972	355	186	1	10312	0	1	0	3212	355	186
mobile_maps_source\w1351_ymg_chengqiangjiaolou_001.mesh	OK	21300	471	272	1	13732	0	1	0	4312	471	272
mobile_maps_source\w1351_ymg_chengqiangjiaolouer_001.mesh	OK	60140	1338	792	1	39048	0	1	0	12288	1338	792
mobile_maps_source\w1351_ymg_chengqiangjiaolougao_001.mesh	OK	22868	507	288	1	14772	0	1	0	4632	507	288
mobile_maps_source\w1351_ymg_chengqiangwan_001.mesh	OK	40641	903	505	1	26294	197	0	0	15458	903	505
mobile_maps_source\w1351_ymg_fangdun_001.mesh	OK	3852	74	76	1	2224	0	1	0	744	74	76
mobile_maps_source\w1351_ymg_fwliehu_001.mesh	OK	41428	910	592	3	26664	0	1	0	8464	910	56+36+500
mobile_maps_source\w1351_ymg_fwtielianlou_001.mesh	OK	43780	968	596	3	28296	0	1	0	8936	968	468+44+84
mobile_maps_source\w1351_ymg_gouhuojia_001.mesh	OK	8908	194	108	1	5648	0	1	0	1768	194	108
mobile_maps_source\w1351_ymg_guhaida_001.mesh	OK	37988	829	568	1	24348	0	1	0	7768	829	568
mobile_maps_source\w1351_ymg_guhairen_001.mesh	OK	41248	896	640	2	26368	0	1	0	8448	896	590+50
mobile_maps_source\w1351_ymg_guhaishou_001.mesh	OK	7076	143	134	1	4272	0	1	0	1412	143	134
mobile_maps_source\w1351_ymg_kushucha_001.mesh	OK	7480	160	99	2	4678	0	0	0	2758	160	63+36
mobile_maps_source\w1351_ymg_kushuercha_001.mesh	OK	11808	258	150	2	7524	0	1	0	2364	258	142+8
mobile_maps_source\w1351_ymg_kushusancha_001.mesh	OK	10784	232	152	2	6800	0	1	0	2160	232	138+14
mobile_maps_source\w1351_ymg_maocaowutai_001.mesh	OK	27860	615	371	3	17962	0	0	0	10582	615	272+87+12
mobile_maps_source\w1351_ymg_mapeng_001.mesh	OK	26392	435	217	4	19574	0	1	0	10874	435	138+48+21+10
mobile_maps_source\w1351_ymg_muqiang_001.mesh	OK	7644	160	120	1	4720	0	1	0	1520	160	120
mobile_maps_source\w1351_ymg_muqiangwu_001.mesh	OK	6844	144	100	1	4232	0	1	0	1352	144	100
mobile_maps_source\w1351_ymg_muqiaochang_001.mesh	OK	22668	502	288	1	14632	0	1	0	4592	502	288
mobile_maps_source\w1351_ymg_pingbanzhanche_001.mesh	OK	106156	2335	1558	3	68496	0	1	0	21796	2335	304+66+1188
mobile_maps_source\w1351_ymg_pozhanche_001.mesh	OK	35676	770	574	1	22708	0	1	0	7308	770	574
mobile_maps_source\w1351_ymg_qiuche_001.mesh	OK	42604	915	714	3	27048	0	1	0	8748	915	90+72+552
mobile_maps_source\w1351_ymg_qizilantuteng_001.mesh	OK	25897	426	194	3	19132	197	1	0	10612	426	40+38+116
mobile_maps_source\w1351_ymg_qizitutenghong_001.mesh	OK	13809	223	105	1	10022	197	1	0	5562	223	105
mobile_maps_source\w1351_ymg_shouzhang_001.mesh	OK	17952	299	115	2	13386	0	1	0	7406	299	43+72
mobile_maps_source\w1351_ymg_songjunqi_001.mesh	OK	12884	210	92	3	9424	96	1	0	5224	210	72+10+10
mobile_maps_source\w1351_ymg_tanghulu_001.mesh	OK	20917	464	234	2	13460	197	1	0	4180	464	60+174
mobile_maps_source\w1351_ymg_tongluojia_001.mesh	OK	13588	294	192	3	8616	0	1	0	2736	294	116+68+8
mobile_maps_source\w1351_ymg_wangjia_001.mesh	OK	20780	345	147	1	15474	0	1	0	8574	345	147
mobile_maps_source\w1351_ymg_yanmenguang_001.mesh	OK	69932	1554	934	5	45380	0	1	0	14300	1554	564+78+20+236+36
mobile_maps_source\w1351_ymg_yingzhang_001.mesh	OK	11716	253	164	1	7412	0	1	0	2352	253	164
mobile_maps_source\w1351_ymg_yingzhangyuan_001.mesh	OK	50708	846	380	3	37984	0	1	0	21064	846	273+73+34
mobile_maps_source\w1351_ymg_yuandun_001.mesh	OK	2244	37	60	1	1156	0	1	0	416	37	60
mobile_maps_source\w1351_ymg_zhangpengbao_001.mesh	OK	9780	202	176	3	6008	0	1	0	1968	202	88+68+20
mobile_maps_source\w1351_ymg_zhangpengmenggubao_001.mesh	OK	16784	362	252	2	10640	0	1	0	3400	362	126+126
mobile_maps_source\w1351_ymg_zhangpengwang_001.mesh	OK	48260	810	326	3	36292	0	1	0	20092	810	32+168+126
mobile_maps_source\w1351_yn_baihuaer_001.mesh	OK	26844	449	177	1	20110	0	1	0	11130	449	177
mobile_maps_source\w1351_yn_baihuaery_001.mesh	OK	24764	413	169	1	18510	0	1	0	10250	413	169
mobile_maps_source\w1351_yn_baihuasi_001.mesh	OK	42124	707	281	1	31670	0	1	0	17530	707	281
mobile_maps_source\w1351_yn_baihuasiy_001.mesh	OK	36156	605	249	1	27118	0	1	0	15018	605	249
mobile_maps_source\w1351_yn_canyuanpocheng_001.mesh	OK	7436	162	84	1	4704	0	1	0	1464	162	84
mobile_maps_source\w1351_yn_canyuanpoqiang_001.mesh	OK	7276	158	84	1	4592	0	1	0	1432	158	84
mobile_maps_source\w1351_yn_canyuanqiangzhu_001.mesh	OK	13796	305	164	1	8868	0	1	0	2768	305	164
mobile_maps_source\w1351_yn_canzhuan_001.mesh	OK	4860	104	52	1	3016	0	1	0	936	104	52
mobile_maps_source\w1351_yn_caopengqjz_001.mesh	OK	11552	248	168	2	7280	0	1	0	2320	248	156+12
mobile_maps_source\w1351_yn_chelun_001.mesh	OK	13788	298	198	1	8740	0	1	0	2780	298	198
mobile_maps_source\w1351_yn_feimupeng_001.mesh	OK	27324	608	340	1	17704	0	1	0	5544	608	340
mobile_maps_source\w1351_yn_fengshuhonger_001.mesh	OK	17253	284	108	2	12712	197	1	0	7032	284	58+50
mobile_maps_source\w1351_yn_fengshuhongsan_001.mesh	OK	31232	524	200	2	23456	0	1	0	12976	524	130+70
mobile_maps_source\w1351_yn_fengshuhongxiaosan_001.mesh	OK	18608	310	120	2	13880	0	1	0	7680	310	56+64
mobile_maps_source\w1351_yn_fengshuhuanger_001.mesh	OK	11656	251	166	2	7360	0	1	0	2340	251	50+116
mobile_maps_source\w1351_yn_fengshuhuangsan_001.mesh	OK	20069	331	131	2	14826	197	1	0	8206	331	70+61
mobile_maps_source\w1351_yn_gancaodui_001.mesh	OK	1980	36	32	1	1072	0	1	0	352	36	32
mobile_maps_source\w1351_yn_gouhuojiaguo_001.mesh	OK	16028	348	228	1	10200	0	1	0	3240	348	228
mobile_maps_source\w1351_yn_huangyezi_001.mesh	OK	2580	49	42	1	1456	0	1	0	476	49	42
mobile_maps_source\w1351_yn_huoche_001.mesh	OK	28560	615	459	2	18138	0	0	0	10758	615	363+96
mobile_maps_source\w1351_yn_jianba_001.mesh	OK	5888	126	70	2	3668	0	1	0	1148	126	42+28
mobile_maps_source\w1351_yn_jiaomuer_001.mesh	OK	12332	271	151	1	7890	0	0	0	4638	271	151
mobile_maps_source\w1351_yn_jiaomusancha_001.mesh	OK	6508	139	83	1	4058	0	0	0	2390	139	83
mobile_maps_source\w1351_yn_jiaomuyuanzhu_001.mesh	OK	2524	50	30	1	1460	0	1	0	460	50	30
mobile_maps_source\w1351_yn_maocaowu_001.mesh	OK	28000	620	364	2	18088	0	1	0	5688	620	332+32
mobile_maps_source\w1351_yn_maocaowulouti_001.mesh	OK	54616	1200	791	2	35182	0	0	0	20782	1200	707+84
mobile_maps_source\w1351_yn_moyadong_001.mesh	OK	21120	453	339	2	13362	0	0	0	7926	453	6+333
mobile_maps_source\w1351_yn_mulunzi_001.mesh	OK	10348	214	188	1	6368	0	1	0	2088	214	188
mobile_maps_source\w1351_yn_mumenqjz_001.mesh	OK	17124	361	300	1	10708	0	1	0	3488	361	300
mobile_maps_source\w1351_yn_muzhalan_001.mesh	OK	11228	240	168	1	7056	0	1	0	2256	240	168
mobile_maps_source\w1351_yn_muzhalan_002.mesh	OK	9516	202	144	1	5944	0	1	0	1904	202	144
mobile_maps_source\w1351_yn_pomache_001.mesh	OK	41560	897	674	2	26464	0	1	0	8524	897	536+138
mobile_maps_source\w1351_yn_popengzi_001.mesh	OK	17828	397	208	1	11532	0	1	0	3592	397	208
mobile_maps_source\w1351_yn_qiziqjz_001.mesh	OK	11233	180	84	1	8088	197	1	0	4488	180	84
mobile_maps_source\w1351_yn_shaolou_001.mesh	OK	39880	884	529	2	25810	0	0	0	15202	884	430+99
mobile_maps_source\w1351_yn_shitoudan_001.mesh	OK	1052	15	21	1	462	0	0	0	282	15	21
mobile_maps_source\w1351_yn_shitoutuoyuan_001.mesh	OK	2308	44	33	1	1298	0	0	0	770	44	33
mobile_maps_source\w1351_yn_shumiao_001.mesh	OK	8652	140	66	1	6292	0	1	0	3492	140	66
mobile_maps_source\w1351_yn_shumiaosan_001.mesh	OK	31740	526	250	1	23644	0	1	0	13124	526	250
mobile_maps_source\w1351_yn_shuzhuanger_001.mesh	OK	4140	85	57	1	2494	0	0	0	1474	85	57
mobile_maps_source\w1351_yn_shuzhuangtu_001.mesh	OK	3524	72	45	1	2106	0	0	0	1242	72	45
mobile_maps_source\w1351_yn_tingzi_001.mesh	OK	32068	696	492	3	20472	0	1	0	6552	696	316+24+152
mobile_maps_source\w1351_yn_tuiche_001.mesh	OK	24188	522	378	1	15372	0	1	0	4932	522	378
mobile_maps_source\w1351_yn_zhalanbaihua_001.mesh	OK	18460	412	212	1	11960	0	1	0	3720	412	212
mobile_maps_source\w1351_yn_zhalanbaihuagong_001.mesh	OK	24132	540	281	1	15682	0	0	0	9202	540	281
mobile_maps_source\w1351_yn_zhalanbaihuay_001.mesh	OK	17260	384	202	1	11156	0	1	0	3476	384	202
mobile_maps_source\w1351_ywgm_diangxiangguanzi_001.mesh	OK	32008	716	514	1	20048	0	1	0	5728	716	514
mobile_maps_source\w1351_ywgm_fukongdao_001.mesh	OK	211440	4562	3584	2	134904	0	1	0	43664	4562	954+2630
mobile_maps_source\w1351_ywgm_gongzhuo_001.mesh	OK	7408	161	114	1	4508	0	1	0	1288	161	114
mobile_maps_source\w1351_ywgm_guancai_001.mesh	OK	13977	299	192	1	8756	197	1	0	2776	299	192
mobile_maps_source\w1351_ywgm_guancaipo_001.mesh	OK	76116	1668	1139	1	48982	0	0	0	28966	1668	1139
mobile_maps_source\w1351_ywgm_qingtaiguanzi_001.mesh	OK	20500	455	336	1	12740	0	1	0	3640	455	336
mobile_maps_source\w1351_ywgm_qingtongpen_001.mesh	OK	31036	698	472	1	19544	0	1	0	5584	698	472
mobile_maps_source\w1351_ywgm_qingtongpingtai_001.mesh	OK	15980	354	256	1	9912	0	1	0	2832	354	256
mobile_maps_source\w1351_ywgm_shirendiaoxiang_001.mesh	OK	12772	266	308	1	7448	0	1	0	2128	266	308
mobile_maps_source\w1351_ywgm_shizhudaodui_001.mesh	OK	14633	303	254	1	8992	197	1	0	2932	303	254
mobile_maps_source\w1351_ywgm_shizhuqi_001.mesh	OK	7473	153	109	1	4502	197	0	0	2666	153	109
mobile_maps_source\w1351_ywgm_shizhuqics_001.mesh	OK	7473	153	109	1	4502	197	0	0	2666	153	109
mobile_maps_source\w1351_ywgm_shugengjian_001.mesh	OK	61289	1266	1271	1	37990	197	0	0	22798	1266	1271
mobile_maps_source\w1351_ywgm_shugenjiao_001.mesh	OK	30689	632	616	1	18928	197	1	0	6288	632	616
mobile_maps_source\w1351_ywgm_tomgrendiaoxiangpen_001.mesh	OK	56585	1217	928	1	35932	197	1	0	11592	1217	928
mobile_maps_source\w1351_ywgm_tomgrendiaoxiangshe_001.mesh	OK	43145	907	798	1	26992	197	1	0	8852	907	798
mobile_maps_source\w1351_ywgm_tonggongzhuo_001.mesh	OK	19444	437	280	1	12236	0	1	0	3496	437	280
mobile_maps_source\w1351_ywgm_tonghuoshizhu_001.mesh	OK	46888	989	880	2	29452	0	1	0	9672	989	56+824
mobile_maps_source\w1351_ywgm_tushiqiang_001.mesh	OK	26741	591	327	2	17202	197	0	0	10110	591	301+26
mobile_maps_source\w1351_ywgm_tushiqiangwai_001.mesh	OK	27149	602	323	2	17502	197	0	0	10278	602	317+6
mobile_maps_source\w1351_ywgm_zhuluanzhuwang_001.mesh	OK	28856	478	225	2	21482	0	1	0	11922	478	212+13
mobile_maps_source\w1351_ywgm_zhusishiqiang_001.mesh	OK	4580	91	82	1	2712	0	1	0	892	91	82
mobile_maps_source\w1351_ywgm_zhusishiqiangchang_001.mesh	OK	8444	171	165	1	5118	0	0	0	3066	171	165
mobile_maps_source\w1351_ywgm_zhusishiqianghou_001.mesh	OK	4652	91	91	1	2730	0	0	0	1638	91	91
mobile_maps_source\w1351_ywgm_zhusishiqiangwan_001.mesh	OK	8244	166	165	1	4978	0	0	0	2986	166	165
mobile_maps_source\w1351_ywgm_zhusishizhudiao_001.mesh	OK	6444	123	155	1	3754	0	0	0	2278	123	155
mobile_maps_source\w1351_ywgm_zhusishizhuer_001.mesh	OK	2620	48	52	1	1448	0	1	0	488	48	52
mobile_maps_source\w1351_ywgm_zhusishizhuerai_001.mesh	OK	3140	61	52	1	1812	0	1	0	592	61	52
mobile_maps_source\w1351_ywgm_zhusishizuiqun_001.mesh	OK	10132	207	196	1	6188	0	1	0	2048	207	196
mobile_maps_source\w1351_ywgm_zhusishugenchang_001.mesh	OK	23500	474	532	1	14336	0	1	0	4856	474	532
mobile_maps_source\w1351_ywgm_zhusiyanshi_001.mesh	OK	1748	30	33	1	906	0	0	0	546	30	33
mobile_maps_source\w1351_ywgm_zhusiyanshier_001.mesh	OK	2620	48	52	1	1448	0	1	0	488	48	52
mobile_maps_source\w1351_yzw_dzcizhuan_001.mesh	OK	12060	260	172	1	7624	0	1	0	2424	260	172
mobile_maps_source\w1351_yzw_hehuachangjiao_001.mesh	OK	79644	1663	1605	1	49774	0	0	0	29818	1663	1605
mobile_maps_source\w1351_yzw_hehuaer_001.mesh	OK	24644	512	485	1	15306	0	0	0	9162	512	485
mobile_maps_source\w1351_yzw_hehuasan_001.mesh	OK	31540	654	637	1	19586	0	0	0	11738	654	637
mobile_maps_source\w1351_yzw_heye_001.mesh	OK	22404	462	455	1	13846	0	0	0	8302	462	455
mobile_maps_source\w1351_yzw_zhanchuan_001.mesh	OK	124436	2748	1778	3	80500	0	1	0	25540	2748	1504+164+110
mobile_maps_source\w1351_yzw_zhanchuanao_001.mesh	OK	48796	1059	768	3	31188	0	1	0	10008	1059	687+36+45
mobile_maps_source\w1351_yzw_zhanchuanfangzi_001.mesh	OK	142236	3137	2058	3	91952	0	1	0	29212	3137	1454+484+120
mobile_maps_source\w1351_zhiwu_fuping_001.mesh	OK	7004	112	56	1	5040	0	1	0	2800	112	56
mobile_maps_source\w1351_zhiwu_hehua_001.mesh	OK	57833	964	420	3	43256	197	1	0	23976	964	328+72+20
mobile_maps_source\w1351_zhiwu_hehua_002.mesh	OK	19964	330	150	1	14820	0	1	0	8220	330	150
mobile_maps_source\w1351_zhiwu_huacong_001.mesh	OK	43929	940	731	1	27782	197	0	0	16502	940	731
mobile_maps_source\w1351_zhiwu_huacong_002.mesh	OK	42257	904	702	1	26716	197	1	0	8636	904	702
mobile_maps_source\w1351_zhiwu_huangshu_001.mesh	OK	166241	2798	1132	5	125376	197	1	0	69416	2798	124+148+88+704+68
mobile_maps_source\w1351_zhiwu_lvcaodui_001.mesh	OK	1873	30	24	1	888	197	1	0	288	30	24
mobile_maps_source\w1351_zhiwu_lvcaodui_002.mesh	OK	2337	40	32	1	1184	197	1	0	384	40	32
mobile_maps_source\w1351_zhiwu_lvcaodui_003.mesh	OK	1641	25	20	1	740	197	1	0	240	25	20
mobile_maps_source\w1351_zhiwu_lvcaodui_004.mesh	OK	1641	25	20	1	740	197	1	0	240	25	20
mobile_maps_source\w1351_zhiwu_lvcaodui_007.mesh	OK	2569	45	36	1	1332	197	1	0	432	45	36
mobile_maps_source\w1351_zhiwu_lvguanmucong_002.mesh	OK	1441	16	8	1	720	197	1	0	400	16	8
mobile_maps_source\w1351_zhiwu_lvguanmucong_004.mesh	OK	1441	16	8	1	720	197	1	0	400	16	8
mobile_maps_source\w1351_zhiwu_lvguanmucong_006.mesh	OK	7201	112	56	1	5040	197	1	0	2800	112	56
mobile_maps_source\w1351_zhiwu_lvguanmucong_010.mesh	OK	7793	124	46	1	5548	197	1	0	3068	124	46
mobile_maps_source\w1351_zhiwu_lvguanmucong_011.mesh	OK	1921	24	12	1	1080	197	1	0	600	24	12
mobile_maps_source\w1351_zhiwu_lvguanmucong_012.mesh	OK	1921	24	12	1	1080	197	1	0	600	24	12
mobile_maps_source\w1351_zhiwu_lvsexiaoshu_001.mesh	OK	52821	892	298	2	39844	197	1	0	22004	892	154+144
mobile_maps_source\w1351_zhiwu_lvsexiaoshu_002.mesh	OK	65205	1101	383	2	49210	197	1	0	27190	1101	179+204
mobile_maps_source\w1351_zhiwu_lvsexiaoshu_003.mesh	OK	31317	524	186	2	23428	197	1	0	12948	524	122+64
mobile_maps_source\w1351_zhiwu_lvshu_001.mesh	OK	139449	2341	983	3	104970	197	1	0	58150	2341	44+677+262
mobile_maps_source\w1351_zhiwu_lvzhusun_001.mesh	OK	34497	740	552	1	21824	197	1	0	7024	740	552
mobile_maps_source\w1351_zhiwu_lvzhuzi_001.mesh	OK	157097	2612	1292	3	117512	197	1	0	65272	2612	220+696+376
mobile_maps_source\w1351_zhiwu_lvzhuzi_002.mesh	OK	63081	1044	516	3	46968	197	1	0	26088	1044	92+120+304
mobile_maps_source\w1351_zhiwu_lvzhuzi_003.mesh	OK	23273	380	188	3	17096	197	1	0	9496	380	36+104+48
mobile_maps_source\w1351_zhiwu_rongshu_001.mesh	OK	635925	10830	3620	2	483760	197	1	0	267160	10830	2333+1287
mobile_maps_source\w1351_zhiwu_rongshu_002.mesh	OK	636432	10842	3624	2	484296	0	1	0	267456	10842	2337+1287
mobile_maps_source\w1351_zhiwu_rongshu_003.mesh	OK	473136	8059	2693	2	359982	0	1	0	198802	8059	1871+822
mobile_maps_source\w1351_zhiwu_shanxingsongshu_001.mesh	OK	28545	605	483	1	17906	197	0	0	10646	605	483
mobile_maps_source\w1351_zhiwu_shanxingsongshu_002.mesh	OK	33617	705	617	1	20974	197	0	0	12514	705	617
mobile_maps_source\w1351_zhiwu_xiaohonghua_001.mesh	OK	72257	1416	476	1	51928	197	1	0	23608	1416	476
mobile_maps_source\w1351_zhiwu_xiaohonghua_002.mesh	OK	72257	1416	476	1	51928	197	1	0	23608	1416	476
mobile_maps_source\w1351_zhiwu_xiaohuadui_006.mesh	OK	4705	92	68	1	2712	197	1	0	872	92	68
mobile_maps_source\w1513_wjg_mogu_001.mesh	OK	16220	320	392	1	9744	0	1	0	3344	320	392
mobile_maps_source\w1513_wjg_mogu_002.mesh	OK	7284	155	100	1	4540	0	1	0	1440	155	100
mobile_maps_source\w1513_wjg_mogu_003.mesh	OK	5116	104	84	1	3080	0	1	0	1000	104	84
mobile_maps_source\w1513_wjg_shujingcu_003.mesh	OK	4340	79	112	1	2436	0	1	0	856	79	112
mobile_maps_source\w1513_wjg_shujingcu_004.mesh	OK	3308	60	78	1	1836	0	1	0	636	60	78
mobile_maps_source\w1513_wjg_zwdiaoteng_001.mesh	OK	34652	580	236	1	25992	0	1	0	14392	580	236
mobile_maps_source\w1513_wjg_zwtengman_001.mesh	OK	9996	209	169	1	6190	0	0	0	3682	209	169
mobile_maps_source\w1513_wjg_zwtengman_002.mesh	OK	4092	82	66	1	2428	0	1	0	788	82	66
mobile_maps_source\w1513_wjg_zwxueliuhua_001.mesh	OK	12380	248	272	1	7488	0	1	0	2528	248	272
